C:\Users\admin\anaconda3\envs\folktales\Lib\site-packages\torch\_refs\__init__.py:4919: UserWarning: expandable_segments not supported on this platform (Triggered internally at C:\actions-runner\_work\pytorch\pytorch\builder\windows\pytorch\c10/cuda/CUDAAllocatorConfig.h:28.)
  return torch.empty_permuted(
CUDA device: NVIDIA GeForce GTX 1650
CUDA compute capability: (7, 5)
AMP dtype: torch.float16
Vocab size: 8,192
Model config: {'sequence_len': 256, 'vocab_size': 8192, 'n_layer': 2, 'n_head': 2, 'n_kv_head': 2, 'n_embd': 128, 'window_pattern': 'L'}
Parameter counts:
  wte                     : 1,048,576
  value_embeds            : 1,048,576
  lm_head                 : 1,048,576
  transformer_matrices    : 393,280
  scalars                 : 4
  total                   : 3,539,012
Estimated FLOPs per token: 9.437568e+06
Scaling AdamW LRs by 1/sqrt(128/768) = 2.449490
Data: train/val split already exists
Time budget: 300s
Gradient accumulation steps: 1
Device: cuda

step 00000 (0.0%) | loss: 9.011062 | lrm: 0.00 | dt: 290ms | tok/sec: 3,527 | mfu: 0.0% | epoch: 1 | remaining: 300s    
step 00001 (0.0%) | loss: 9.011188 | lrm: 0.00 | dt: 76ms | tok/sec: 13,403 | mfu: 0.0% | epoch: 1 | remaining: 300s    
step 00002 (0.0%) | loss: 9.011072 | lrm: 0.00 | dt: 55ms | tok/sec: 18,602 | mfu: 0.0% | epoch: 1 | remaining: 300s    
step 00003 (0.0%) | loss: 9.011165 | lrm: 0.00 | dt: 64ms | tok/sec: 16,120 | mfu: 0.0% | epoch: 1 | remaining: 300s    
step 00004 (0.0%) | loss: 9.011134 | lrm: 0.00 | dt: 63ms | tok/sec: 16,234 | mfu: 0.0% | epoch: 1 | remaining: 300s    
step 00005 (0.0%) | loss: 9.011093 | lrm: 0.00 | dt: 63ms | tok/sec: 16,153 | mfu: 0.0% | epoch: 1 | remaining: 300s    
step 00006 (0.0%) | loss: 9.011013 | lrm: 0.00 | dt: 64ms | tok/sec: 16,112 | mfu: 0.0% | epoch: 1 | remaining: 300s    
step 00007 (0.0%) | loss: 9.011010 | lrm: 0.00 | dt: 79ms | tok/sec: 13,015 | mfu: 0.0% | epoch: 1 | remaining: 300s    
step 00008 (0.0%) | loss: 9.010842 | lrm: 0.00 | dt: 63ms | tok/sec: 16,244 | mfu: 0.0% | epoch: 1 | remaining: 300s    
step 00009 (0.0%) | loss: 9.010817 | lrm: 0.00 | dt: 66ms | tok/sec: 15,525 | mfu: 0.0% | epoch: 1 | remaining: 300s    
step 00010 (0.0%) | loss: 9.010854 | lrm: 0.00 | dt: 62ms | tok/sec: 16,476 | mfu: 0.0% | epoch: 1 | remaining: 300s    
step 00011 (0.0%) | loss: 9.010899 | lrm: 0.00 | dt: 67ms | tok/sec: 15,201 | mfu: 0.0% | epoch: 1 | remaining: 300s    
step 00012 (0.0%) | loss: 9.010932 | lrm: 0.00 | dt: 59ms | tok/sec: 17,446 | mfu: 0.0% | epoch: 1 | remaining: 300s    
step 00013 (0.0%) | loss: 9.010967 | lrm: 0.00 | dt: 68ms | tok/sec: 15,135 | mfu: 0.0% | epoch: 1 | remaining: 300s    
step 00014 (0.1%) | loss: 9.010705 | lrm: 0.01 | dt: 59ms | tok/sec: 17,455 | mfu: 0.0% | epoch: 1 | remaining: 300s    
step 00015 (0.1%) | loss: 9.010423 | lrm: 0.01 | dt: 70ms | tok/sec: 14,596 | mfu: 0.0% | epoch: 1 | remaining: 300s    
step 00016 (0.1%) | loss: 9.010010 | lrm: 0.01 | dt: 71ms | tok/sec: 14,350 | mfu: 0.0% | epoch: 1 | remaining: 300s    
step 00017 (0.1%) | loss: 9.009408 | lrm: 0.01 | dt: 56ms | tok/sec: 18,207 | mfu: 0.0% | epoch: 1 | remaining: 300s    
step 00018 (0.2%) | loss: 9.008558 | lrm: 0.02 | dt: 75ms | tok/sec: 13,612 | mfu: 0.0% | epoch: 1 | remaining: 299s    
step 00019 (0.2%) | loss: 9.007649 | lrm: 0.02 | dt: 55ms | tok/sec: 18,509 | mfu: 0.0% | epoch: 1 | remaining: 299s    
step 00020 (0.2%) | loss: 9.006372 | lrm: 0.02 | dt: 63ms | tok/sec: 16,189 | mfu: 0.0% | epoch: 1 | remaining: 299s    
step 00021 (0.2%) | loss: 9.004774 | lrm: 0.02 | dt: 63ms | tok/sec: 16,273 | mfu: 0.0% | epoch: 1 | remaining: 299s    
step 00022 (0.2%) | loss: 9.002893 | lrm: 0.02 | dt: 64ms | tok/sec: 15,931 | mfu: 0.0% | epoch: 1 | remaining: 299s    
step 00023 (0.3%) | loss: 9.000258 | lrm: 0.03 | dt: 74ms | tok/sec: 13,882 | mfu: 0.0% | epoch: 1 | remaining: 299s    
step 00024 (0.3%) | loss: 8.996943 | lrm: 0.03 | dt: 53ms | tok/sec: 19,318 | mfu: 0.0% | epoch: 1 | remaining: 299s    
step 00025 (0.3%) | loss: 8.992811 | lrm: 0.03 | dt: 74ms | tok/sec: 13,824 | mfu: 0.0% | epoch: 1 | remaining: 299s    
step 00026 (0.3%) | loss: 8.987068 | lrm: 0.03 | dt: 57ms | tok/sec: 17,944 | mfu: 0.0% | epoch: 1 | remaining: 299s    
step 00027 (0.3%) | loss: 8.980548 | lrm: 0.03 | dt: 77ms | tok/sec: 13,344 | mfu: 0.0% | epoch: 1 | remaining: 299s    
step 00028 (0.4%) | loss: 8.972483 | lrm: 0.04 | dt: 79ms | tok/sec: 12,882 | mfu: 0.0% | epoch: 1 | remaining: 299s    
step 00029 (0.4%) | loss: 8.962704 | lrm: 0.04 | dt: 64ms | tok/sec: 16,016 | mfu: 0.0% | epoch: 1 | remaining: 299s    
step 00030 (0.4%) | loss: 8.949949 | lrm: 0.04 | dt: 63ms | tok/sec: 16,149 | mfu: 0.0% | epoch: 1 | remaining: 299s    
step 00031 (0.4%) | loss: 8.935907 | lrm: 0.04 | dt: 63ms | tok/sec: 16,231 | mfu: 0.0% | epoch: 1 | remaining: 299s    
step 00032 (0.5%) | loss: 8.919633 | lrm: 0.05 | dt: 75ms | tok/sec: 13,648 | mfu: 0.0% | epoch: 1 | remaining: 299s    
step 00033 (0.5%) | loss: 8.901820 | lrm: 0.05 | dt: 63ms | tok/sec: 16,193 | mfu: 0.0% | epoch: 1 | remaining: 298s    
step 00034 (0.5%) | loss: 8.882129 | lrm: 0.05 | dt: 74ms | tok/sec: 13,784 | mfu: 0.0% | epoch: 1 | remaining: 298s    
step 00035 (0.5%) | loss: 8.854093 | lrm: 0.05 | dt: 66ms | tok/sec: 15,440 | mfu: 0.0% | epoch: 1 | remaining: 298s    
step 00036 (0.6%) | loss: 8.825258 | lrm: 0.06 | dt: 83ms | tok/sec: 12,285 | mfu: 0.0% | epoch: 1 | remaining: 298s    
step 00037 (0.6%) | loss: 8.790576 | lrm: 0.06 | dt: 59ms | tok/sec: 17,271 | mfu: 0.0% | epoch: 1 | remaining: 298s    
step 00038 (0.6%) | loss: 8.753363 | lrm: 0.06 | dt: 79ms | tok/sec: 12,956 | mfu: 0.0% | epoch: 1 | remaining: 298s    
step 00039 (0.6%) | loss: 8.709511 | lrm: 0.06 | dt: 83ms | tok/sec: 12,400 | mfu: 0.0% | epoch: 1 | remaining: 298s    
step 00040 (0.7%) | loss: 8.663236 | lrm: 0.07 | dt: 65ms | tok/sec: 15,787 | mfu: 0.0% | epoch: 1 | remaining: 298s    
step 00041 (0.7%) | loss: 8.617860 | lrm: 0.07 | dt: 62ms | tok/sec: 16,491 | mfu: 0.0% | epoch: 1 | remaining: 298s    
step 00042 (0.7%) | loss: 8.570721 | lrm: 0.07 | dt: 72ms | tok/sec: 14,270 | mfu: 0.0% | epoch: 1 | remaining: 298s    
step 00043 (0.7%) | loss: 8.507335 | lrm: 0.07 | dt: 69ms | tok/sec: 14,922 | mfu: 0.0% | epoch: 1 | remaining: 298s    
step 00044 (0.7%) | loss: 8.454142 | lrm: 0.07 | dt: 63ms | tok/sec: 16,239 | mfu: 0.0% | epoch: 1 | remaining: 298s    
step 00045 (0.8%) | loss: 8.396114 | lrm: 0.08 | dt: 73ms | tok/sec: 13,943 | mfu: 0.0% | epoch: 1 | remaining: 298s    
step 00046 (0.8%) | loss: 8.335724 | lrm: 0.08 | dt: 62ms | tok/sec: 16,575 | mfu: 0.0% | epoch: 1 | remaining: 298s    
step 00047 (0.8%) | loss: 8.275019 | lrm: 0.08 | dt: 73ms | tok/sec: 13,963 | mfu: 0.0% | epoch: 1 | remaining: 298s    
step 00048 (0.8%) | loss: 8.200470 | lrm: 0.08 | dt: 63ms | tok/sec: 16,174 | mfu: 0.0% | epoch: 1 | remaining: 297s    
step 00049 (0.9%) | loss: 8.131630 | lrm: 0.09 | dt: 64ms | tok/sec: 16,109 | mfu: 0.0% | epoch: 1 | remaining: 297s    
step 00050 (0.9%) | loss: 8.064658 | lrm: 0.09 | dt: 73ms | tok/sec: 14,062 | mfu: 0.0% | epoch: 1 | remaining: 297s    
step 00051 (0.9%) | loss: 7.997692 | lrm: 0.09 | dt: 63ms | tok/sec: 16,221 | mfu: 0.0% | epoch: 1 | remaining: 297s    
step 00052 (0.9%) | loss: 7.907834 | lrm: 0.09 | dt: 64ms | tok/sec: 15,947 | mfu: 0.0% | epoch: 1 | remaining: 297s    
step 00053 (0.9%) | loss: 7.819661 | lrm: 0.09 | dt: 63ms | tok/sec: 16,256 | mfu: 0.0% | epoch: 1 | remaining: 297s    
step 00054 (1.0%) | loss: 7.731242 | lrm: 0.10 | dt: 70ms | tok/sec: 14,651 | mfu: 0.0% | epoch: 1 | remaining: 297s    
step 00055 (1.0%) | loss: 7.649158 | lrm: 0.10 | dt: 79ms | tok/sec: 12,997 | mfu: 0.0% | epoch: 1 | remaining: 297s    
step 00056 (1.0%) | loss: 7.580182 | lrm: 0.10 | dt: 71ms | tok/sec: 14,365 | mfu: 0.0% | epoch: 1 | remaining: 297s    
step 00057 (1.0%) | loss: 7.505913 | lrm: 0.10 | dt: 67ms | tok/sec: 15,376 | mfu: 0.0% | epoch: 1 | remaining: 297s    
step 00058 (1.1%) | loss: 7.422957 | lrm: 0.11 | dt: 62ms | tok/sec: 16,386 | mfu: 0.0% | epoch: 1 | remaining: 297s    
step 00059 (1.1%) | loss: 7.350316 | lrm: 0.11 | dt: 79ms | tok/sec: 12,960 | mfu: 0.0% | epoch: 1 | remaining: 297s    
step 00060 (1.1%) | loss: 7.285544 | lrm: 0.11 | dt: 63ms | tok/sec: 16,242 | mfu: 0.0% | epoch: 1 | remaining: 297s    
step 00061 (1.1%) | loss: 7.223311 | lrm: 0.11 | dt: 70ms | tok/sec: 14,573 | mfu: 0.0% | epoch: 1 | remaining: 297s    
step 00062 (1.1%) | loss: 7.174017 | lrm: 0.11 | dt: 64ms | tok/sec: 16,095 | mfu: 0.0% | epoch: 1 | remaining: 296s    
step 00063 (1.2%) | loss: 7.115235 | lrm: 0.12 | dt: 64ms | tok/sec: 16,108 | mfu: 0.0% | epoch: 1 | remaining: 296s    
step 00064 (1.2%) | loss: 7.063233 | lrm: 0.12 | dt: 63ms | tok/sec: 16,241 | mfu: 0.0% | epoch: 1 | remaining: 296s    
step 00065 (1.2%) | loss: 7.050515 | lrm: 0.12 | dt: 75ms | tok/sec: 13,606 | mfu: 0.0% | epoch: 1 | remaining: 296s    
step 00066 (1.2%) | loss: 7.021210 | lrm: 0.12 | dt: 66ms | tok/sec: 15,579 | mfu: 0.0% | epoch: 1 | remaining: 296s    
step 00067 (1.3%) | loss: 7.000126 | lrm: 0.13 | dt: 77ms | tok/sec: 13,364 | mfu: 0.0% | epoch: 1 | remaining: 296s    
step 00068 (1.3%) | loss: 6.976736 | lrm: 0.13 | dt: 69ms | tok/sec: 14,833 | mfu: 0.0% | epoch: 1 | remaining: 296s    
step 00069 (1.3%) | loss: 6.946442 | lrm: 0.13 | dt: 63ms | tok/sec: 16,289 | mfu: 0.0% | epoch: 1 | remaining: 296s    
step 00070 (1.3%) | loss: 6.911093 | lrm: 0.13 | dt: 63ms | tok/sec: 16,159 | mfu: 0.0% | epoch: 1 | remaining: 296s    
step 00071 (1.4%) | loss: 6.882985 | lrm: 0.14 | dt: 79ms | tok/sec: 12,961 | mfu: 0.0% | epoch: 1 | remaining: 296s    
step 00072 (1.4%) | loss: 6.864870 | lrm: 0.14 | dt: 63ms | tok/sec: 16,325 | mfu: 0.0% | epoch: 1 | remaining: 296s    
step 00073 (1.4%) | loss: 6.842763 | lrm: 0.14 | dt: 64ms | tok/sec: 15,885 | mfu: 0.0% | epoch: 1 | remaining: 296s    
step 00074 (1.4%) | loss: 6.817065 | lrm: 0.14 | dt: 76ms | tok/sec: 13,457 | mfu: 0.0% | epoch: 1 | remaining: 296s    
step 00075 (1.4%) | loss: 6.793355 | lrm: 0.14 | dt: 80ms | tok/sec: 12,807 | mfu: 0.0% | epoch: 1 | remaining: 296s    
step 00076 (1.5%) | loss: 6.764300 | lrm: 0.15 | dt: 66ms | tok/sec: 15,400 | mfu: 0.0% | epoch: 1 | remaining: 296s    
step 00077 (1.5%) | loss: 6.736374 | lrm: 0.15 | dt: 56ms | tok/sec: 18,320 | mfu: 0.0% | epoch: 1 | remaining: 295s    
step 00078 (1.5%) | loss: 6.720346 | lrm: 0.15 | dt: 79ms | tok/sec: 12,992 | mfu: 0.0% | epoch: 1 | remaining: 295s    
step 00079 (1.5%) | loss: 6.698000 | lrm: 0.15 | dt: 63ms | tok/sec: 16,149 | mfu: 0.0% | epoch: 1 | remaining: 295s    
step 00080 (1.6%) | loss: 6.669446 | lrm: 0.16 | dt: 64ms | tok/sec: 16,030 | mfu: 0.0% | epoch: 1 | remaining: 295s    
step 00081 (1.6%) | loss: 6.664236 | lrm: 0.16 | dt: 78ms | tok/sec: 13,128 | mfu: 0.0% | epoch: 1 | remaining: 295s    
step 00082 (1.6%) | loss: 6.650150 | lrm: 0.16 | dt: 63ms | tok/sec: 16,142 | mfu: 0.0% | epoch: 1 | remaining: 295s    
step 00083 (1.6%) | loss: 6.643997 | lrm: 0.16 | dt: 109ms | tok/sec: 9,432 | mfu: 0.0% | epoch: 1 | remaining: 295s    
step 00084 (1.7%) | loss: 6.611246 | lrm: 0.17 | dt: 91ms | tok/sec: 11,240 | mfu: 0.0% | epoch: 1 | remaining: 295s    
step 00085 (1.7%) | loss: 6.579595 | lrm: 0.17 | dt: 95ms | tok/sec: 10,770 | mfu: 0.0% | epoch: 1 | remaining: 295s    
step 00086 (1.7%) | loss: 6.525534 | lrm: 0.17 | dt: 86ms | tok/sec: 11,974 | mfu: 0.0% | epoch: 1 | remaining: 295s    
step 00087 (1.8%) | loss: 6.481567 | lrm: 0.18 | dt: 104ms | tok/sec: 9,872 | mfu: 0.0% | epoch: 1 | remaining: 295s    
step 00088 (1.8%) | loss: 6.448233 | lrm: 0.18 | dt: 80ms | tok/sec: 12,776 | mfu: 0.0% | epoch: 1 | remaining: 295s    
step 00089 (1.8%) | loss: 6.404731 | lrm: 0.18 | dt: 110ms | tok/sec: 9,287 | mfu: 0.0% | epoch: 1 | remaining: 294s    
step 00090 (1.9%) | loss: 6.370889 | lrm: 0.19 | dt: 95ms | tok/sec: 10,731 | mfu: 0.0% | epoch: 1 | remaining: 294s    
step 00091 (1.9%) | loss: 6.340882 | lrm: 0.19 | dt: 79ms | tok/sec: 12,901 | mfu: 0.0% | epoch: 1 | remaining: 294s    
step 00092 (1.9%) | loss: 6.290338 | lrm: 0.19 | dt: 107ms | tok/sec: 9,536 | mfu: 0.0% | epoch: 1 | remaining: 294s    
step 00093 (1.9%) | loss: 6.256142 | lrm: 0.19 | dt: 93ms | tok/sec: 10,965 | mfu: 0.0% | epoch: 1 | remaining: 294s    
step 00094 (2.0%) | loss: 6.213166 | lrm: 0.20 | dt: 93ms | tok/sec: 10,988 | mfu: 0.0% | epoch: 1 | remaining: 294s    
step 00095 (2.0%) | loss: 6.173671 | lrm: 0.20 | dt: 87ms | tok/sec: 11,760 | mfu: 0.0% | epoch: 1 | remaining: 294s    
step 00096 (2.0%) | loss: 6.138809 | lrm: 0.20 | dt: 97ms | tok/sec: 10,573 | mfu: 0.0% | epoch: 1 | remaining: 294s    
step 00097 (2.1%) | loss: 6.086043 | lrm: 0.21 | dt: 93ms | tok/sec: 11,023 | mfu: 0.0% | epoch: 1 | remaining: 294s    
step 00098 (2.1%) | loss: 6.056111 | lrm: 0.21 | dt: 91ms | tok/sec: 11,296 | mfu: 0.0% | epoch: 1 | remaining: 294s    
step 00099 (2.1%) | loss: 6.021356 | lrm: 0.21 | dt: 100ms | tok/sec: 10,254 | mfu: 0.0% | epoch: 1 | remaining: 294s    
step 00100 (2.2%) | loss: 5.988790 | lrm: 0.22 | dt: 98ms | tok/sec: 10,470 | mfu: 0.0% | epoch: 1 | remaining: 293s    
step 00101 (2.2%) | loss: 5.942890 | lrm: 0.22 | dt: 92ms | tok/sec: 11,083 | mfu: 0.0% | epoch: 1 | remaining: 293s    
step 00102 (2.2%) | loss: 5.906371 | lrm: 0.22 | dt: 95ms | tok/sec: 10,794 | mfu: 0.0% | epoch: 1 | remaining: 293s    
step 00103 (2.3%) | loss: 5.871438 | lrm: 0.23 | dt: 80ms | tok/sec: 12,867 | mfu: 0.0% | epoch: 1 | remaining: 293s    
step 00104 (2.3%) | loss: 5.829434 | lrm: 0.23 | dt: 105ms | tok/sec: 9,769 | mfu: 0.0% | epoch: 1 | remaining: 293s    
step 00105 (2.3%) | loss: 5.814362 | lrm: 0.23 | dt: 95ms | tok/sec: 10,728 | mfu: 0.0% | epoch: 1 | remaining: 293s    
step 00106 (2.4%) | loss: 5.781991 | lrm: 0.24 | dt: 94ms | tok/sec: 10,853 | mfu: 0.0% | epoch: 1 | remaining: 293s    
step 00107 (2.4%) | loss: 5.778445 | lrm: 0.24 | dt: 100ms | tok/sec: 10,279 | mfu: 0.0% | epoch: 1 | remaining: 293s    
step 00108 (2.4%) | loss: 5.770775 | lrm: 0.24 | dt: 91ms | tok/sec: 11,243 | mfu: 0.0% | epoch: 1 | remaining: 293s    
step 00109 (2.4%) | loss: 5.776932 | lrm: 0.24 | dt: 102ms | tok/sec: 10,069 | mfu: 0.0% | epoch: 1 | remaining: 293s    
step 00110 (2.5%) | loss: 5.735352 | lrm: 0.25 | dt: 82ms | tok/sec: 12,534 | mfu: 0.0% | epoch: 1 | remaining: 292s    
step 00111 (2.5%) | loss: 5.743417 | lrm: 0.25 | dt: 100ms | tok/sec: 10,253 | mfu: 0.0% | epoch: 1 | remaining: 292s    
step 00112 (2.5%) | loss: 5.716021 | lrm: 0.25 | dt: 96ms | tok/sec: 10,612 | mfu: 0.0% | epoch: 1 | remaining: 292s    
step 00113 (2.6%) | loss: 5.728673 | lrm: 0.26 | dt: 87ms | tok/sec: 11,786 | mfu: 0.0% | epoch: 1 | remaining: 292s    
step 00114 (2.6%) | loss: 5.687459 | lrm: 0.26 | dt: 99ms | tok/sec: 10,344 | mfu: 0.0% | epoch: 1 | remaining: 292s    
step 00115 (2.6%) | loss: 5.663902 | lrm: 0.26 | dt: 101ms | tok/sec: 10,149 | mfu: 0.0% | epoch: 1 | remaining: 292s    
step 00116 (2.7%) | loss: 5.641820 | lrm: 0.27 | dt: 95ms | tok/sec: 10,745 | mfu: 0.0% | epoch: 1 | remaining: 292s    
step 00117 (2.7%) | loss: 5.626754 | lrm: 0.27 | dt: 95ms | tok/sec: 10,797 | mfu: 0.0% | epoch: 1 | remaining: 292s    
step 00118 (2.7%) | loss: 5.622392 | lrm: 0.27 | dt: 95ms | tok/sec: 10,776 | mfu: 0.0% | epoch: 1 | remaining: 292s    
step 00119 (2.8%) | loss: 5.598601 | lrm: 0.28 | dt: 98ms | tok/sec: 10,497 | mfu: 0.0% | epoch: 1 | remaining: 292s    
step 00120 (2.8%) | loss: 5.564337 | lrm: 0.28 | dt: 94ms | tok/sec: 10,909 | mfu: 0.0% | epoch: 1 | remaining: 292s    
step 00121 (2.8%) | loss: 5.543918 | lrm: 0.28 | dt: 80ms | tok/sec: 12,816 | mfu: 0.0% | epoch: 1 | remaining: 291s    
step 00122 (2.9%) | loss: 5.503238 | lrm: 0.29 | dt: 95ms | tok/sec: 10,802 | mfu: 0.0% | epoch: 1 | remaining: 291s    
step 00123 (2.9%) | loss: 5.462329 | lrm: 0.29 | dt: 94ms | tok/sec: 10,837 | mfu: 0.0% | epoch: 1 | remaining: 291s    
step 00124 (2.9%) | loss: 5.452923 | lrm: 0.29 | dt: 96ms | tok/sec: 10,712 | mfu: 0.0% | epoch: 1 | remaining: 291s    
step 00125 (3.0%) | loss: 5.435839 | lrm: 0.30 | dt: 104ms | tok/sec: 9,875 | mfu: 0.0% | epoch: 1 | remaining: 291s    
step 00126 (3.0%) | loss: 5.427181 | lrm: 0.30 | dt: 89ms | tok/sec: 11,541 | mfu: 0.0% | epoch: 1 | remaining: 291s    
step 00127 (3.0%) | loss: 5.433457 | lrm: 0.30 | dt: 96ms | tok/sec: 10,720 | mfu: 0.0% | epoch: 1 | remaining: 291s    
step 00128 (3.0%) | loss: 5.424414 | lrm: 0.30 | dt: 95ms | tok/sec: 10,741 | mfu: 0.0% | epoch: 1 | remaining: 291s    
step 00129 (3.1%) | loss: 5.497897 | lrm: 0.31 | dt: 94ms | tok/sec: 10,877 | mfu: 0.0% | epoch: 1 | remaining: 291s    
step 00130 (3.1%) | loss: 5.544021 | lrm: 0.31 | dt: 98ms | tok/sec: 10,420 | mfu: 0.0% | epoch: 1 | remaining: 291s    
step 00131 (3.1%) | loss: 5.580905 | lrm: 0.31 | dt: 102ms | tok/sec: 10,038 | mfu: 0.0% | epoch: 1 | remaining: 290s    
step 00132 (3.2%) | loss: 5.632116 | lrm: 0.32 | dt: 87ms | tok/sec: 11,741 | mfu: 0.0% | epoch: 1 | remaining: 290s    
step 00133 (3.2%) | loss: 5.651202 | lrm: 0.32 | dt: 95ms | tok/sec: 10,779 | mfu: 0.0% | epoch: 1 | remaining: 290s    
step 00134 (3.2%) | loss: 5.682317 | lrm: 0.32 | dt: 95ms | tok/sec: 10,726 | mfu: 0.0% | epoch: 1 | remaining: 290s    
step 00135 (3.3%) | loss: 5.711826 | lrm: 0.33 | dt: 107ms | tok/sec: 9,587 | mfu: 0.0% | epoch: 1 | remaining: 290s    
step 00136 (3.3%) | loss: 5.703582 | lrm: 0.33 | dt: 88ms | tok/sec: 11,665 | mfu: 0.0% | epoch: 1 | remaining: 290s    
step 00137 (3.3%) | loss: 5.703919 | lrm: 0.33 | dt: 104ms | tok/sec: 9,817 | mfu: 0.0% | epoch: 1 | remaining: 290s    
step 00138 (3.4%) | loss: 5.699153 | lrm: 0.34 | dt: 99ms | tok/sec: 10,321 | mfu: 0.0% | epoch: 1 | remaining: 290s    
step 00139 (3.4%) | loss: 5.701022 | lrm: 0.34 | dt: 94ms | tok/sec: 10,874 | mfu: 0.0% | epoch: 1 | remaining: 290s    
step 00140 (3.4%) | loss: 5.676863 | lrm: 0.34 | dt: 95ms | tok/sec: 10,809 | mfu: 0.0% | epoch: 1 | remaining: 290s    
step 00141 (3.5%) | loss: 5.717713 | lrm: 0.35 | dt: 93ms | tok/sec: 11,052 | mfu: 0.0% | epoch: 1 | remaining: 290s    
step 00142 (3.5%) | loss: 5.698798 | lrm: 0.35 | dt: 94ms | tok/sec: 10,920 | mfu: 0.0% | epoch: 1 | remaining: 289s    
step 00143 (3.5%) | loss: 5.666405 | lrm: 0.35 | dt: 97ms | tok/sec: 10,510 | mfu: 0.0% | epoch: 1 | remaining: 289s    
step 00144 (3.6%) | loss: 5.623762 | lrm: 0.36 | dt: 98ms | tok/sec: 10,444 | mfu: 0.0% | epoch: 1 | remaining: 289s    
step 00145 (3.6%) | loss: 5.568135 | lrm: 0.36 | dt: 109ms | tok/sec: 9,374 | mfu: 0.0% | epoch: 1 | remaining: 289s    
step 00146 (3.6%) | loss: 5.506906 | lrm: 0.36 | dt: 102ms | tok/sec: 10,007 | mfu: 0.0% | epoch: 1 | remaining: 289s    
step 00147 (3.7%) | loss: 5.494455 | lrm: 0.37 | dt: 97ms | tok/sec: 10,578 | mfu: 0.0% | epoch: 1 | remaining: 289s    
step 00148 (3.7%) | loss: 5.446868 | lrm: 0.37 | dt: 111ms | tok/sec: 9,197 | mfu: 0.0% | epoch: 1 | remaining: 289s    
step 00149 (3.7%) | loss: 5.403199 | lrm: 0.37 | dt: 102ms | tok/sec: 10,002 | mfu: 0.0% | epoch: 1 | remaining: 289s    
step 00150 (3.8%) | loss: 5.335444 | lrm: 0.38 | dt: 101ms | tok/sec: 10,143 | mfu: 0.0% | epoch: 1 | remaining: 289s    
step 00151 (3.8%) | loss: 5.293666 | lrm: 0.38 | dt: 102ms | tok/sec: 10,012 | mfu: 0.0% | epoch: 1 | remaining: 288s    
step 00152 (3.8%) | loss: 5.298592 | lrm: 0.38 | dt: 104ms | tok/sec: 9,867 | mfu: 0.0% | epoch: 1 | remaining: 288s    
step 00153 (3.9%) | loss: 5.279917 | lrm: 0.39 | dt: 96ms | tok/sec: 10,686 | mfu: 0.0% | epoch: 1 | remaining: 288s    
step 00154 (3.9%) | loss: 5.256216 | lrm: 0.39 | dt: 97ms | tok/sec: 10,609 | mfu: 0.0% | epoch: 1 | remaining: 288s    
step 00155 (3.9%) | loss: 5.234148 | lrm: 0.39 | dt: 109ms | tok/sec: 9,428 | mfu: 0.0% | epoch: 1 | remaining: 288s    
step 00156 (4.0%) | loss: 5.229579 | lrm: 0.40 | dt: 90ms | tok/sec: 11,338 | mfu: 0.0% | epoch: 1 | remaining: 288s    
step 00157 (4.0%) | loss: 5.217179 | lrm: 0.40 | dt: 109ms | tok/sec: 9,381 | mfu: 0.0% | epoch: 1 | remaining: 288s    
step 00158 (4.0%) | loss: 5.209674 | lrm: 0.40 | dt: 108ms | tok/sec: 9,456 | mfu: 0.0% | epoch: 1 | remaining: 288s    
step 00159 (4.1%) | loss: 5.170648 | lrm: 0.41 | dt: 99ms | tok/sec: 10,365 | mfu: 0.0% | epoch: 1 | remaining: 288s    
step 00160 (4.1%) | loss: 5.172517 | lrm: 0.41 | dt: 103ms | tok/sec: 9,962 | mfu: 0.0% | epoch: 1 | remaining: 288s    
step 00161 (4.1%) | loss: 5.129315 | lrm: 0.41 | dt: 102ms | tok/sec: 10,082 | mfu: 0.0% | epoch: 1 | remaining: 287s    
step 00162 (4.2%) | loss: 5.132786 | lrm: 0.42 | dt: 103ms | tok/sec: 9,935 | mfu: 0.0% | epoch: 1 | remaining: 287s    
step 00163 (4.2%) | loss: 5.090724 | lrm: 0.42 | dt: 115ms | tok/sec: 8,871 | mfu: 0.0% | epoch: 1 | remaining: 287s    
step 00164 (4.2%) | loss: 5.090993 | lrm: 0.42 | dt: 100ms | tok/sec: 10,212 | mfu: 0.0% | epoch: 1 | remaining: 287s    
step 00165 (4.3%) | loss: 5.178044 | lrm: 0.43 | dt: 105ms | tok/sec: 9,771 | mfu: 0.0% | epoch: 1 | remaining: 287s    
step 00166 (4.3%) | loss: 5.217567 | lrm: 0.43 | dt: 101ms | tok/sec: 10,113 | mfu: 0.0% | epoch: 1 | remaining: 287s    
step 00167 (4.3%) | loss: 5.280948 | lrm: 0.43 | dt: 105ms | tok/sec: 9,768 | mfu: 0.0% | epoch: 1 | remaining: 287s    
step 00168 (4.4%) | loss: 5.313583 | lrm: 0.44 | dt: 98ms | tok/sec: 10,426 | mfu: 0.0% | epoch: 1 | remaining: 287s    
step 00169 (4.4%) | loss: 5.353095 | lrm: 0.44 | dt: 94ms | tok/sec: 10,914 | mfu: 0.0% | epoch: 1 | remaining: 287s    
step 00170 (4.4%) | loss: 5.333290 | lrm: 0.44 | dt: 110ms | tok/sec: 9,299 | mfu: 0.0% | epoch: 1 | remaining: 287s    
step 00171 (4.5%) | loss: 5.351736 | lrm: 0.45 | dt: 95ms | tok/sec: 10,817 | mfu: 0.0% | epoch: 1 | remaining: 286s    
step 00172 (4.5%) | loss: 5.329044 | lrm: 0.45 | dt: 98ms | tok/sec: 10,398 | mfu: 0.0% | epoch: 1 | remaining: 286s    
step 00173 (4.5%) | loss: 5.322659 | lrm: 0.45 | dt: 99ms | tok/sec: 10,371 | mfu: 0.0% | epoch: 1 | remaining: 286s    
step 00174 (4.6%) | loss: 5.334875 | lrm: 0.46 | dt: 100ms | tok/sec: 10,245 | mfu: 0.0% | epoch: 1 | remaining: 286s    
step 00175 (4.6%) | loss: 5.307462 | lrm: 0.46 | dt: 111ms | tok/sec: 9,198 | mfu: 0.0% | epoch: 1 | remaining: 286s    
step 00176 (4.7%) | loss: 5.281307 | lrm: 0.47 | dt: 96ms | tok/sec: 10,622 | mfu: 0.0% | epoch: 1 | remaining: 286s    
step 00177 (4.7%) | loss: 5.261608 | lrm: 0.47 | dt: 113ms | tok/sec: 9,076 | mfu: 0.0% | epoch: 1 | remaining: 286s    
step 00178 (4.7%) | loss: 5.221801 | lrm: 0.47 | dt: 100ms | tok/sec: 10,236 | mfu: 0.0% | epoch: 1 | remaining: 286s    
step 00179 (4.8%) | loss: 5.192320 | lrm: 0.48 | dt: 82ms | tok/sec: 12,472 | mfu: 0.0% | epoch: 1 | remaining: 286s    
step 00180 (4.8%) | loss: 5.167194 | lrm: 0.48 | dt: 105ms | tok/sec: 9,776 | mfu: 0.0% | epoch: 1 | remaining: 286s    
step 00181 (4.8%) | loss: 5.120367 | lrm: 0.48 | dt: 102ms | tok/sec: 9,999 | mfu: 0.0% | epoch: 1 | remaining: 285s    
step 00182 (4.9%) | loss: 5.081171 | lrm: 0.49 | dt: 100ms | tok/sec: 10,190 | mfu: 0.0% | epoch: 1 | remaining: 285s    
step 00183 (4.9%) | loss: 5.042691 | lrm: 0.49 | dt: 94ms | tok/sec: 10,936 | mfu: 0.0% | epoch: 1 | remaining: 285s    
step 00184 (4.9%) | loss: 4.998060 | lrm: 0.49 | dt: 107ms | tok/sec: 9,613 | mfu: 0.0% | epoch: 1 | remaining: 285s    
step 00185 (5.0%) | loss: 5.042835 | lrm: 0.50 | dt: 97ms | tok/sec: 10,600 | mfu: 0.0% | epoch: 1 | remaining: 285s    
step 00186 (5.0%) | loss: 5.075517 | lrm: 0.50 | dt: 86ms | tok/sec: 11,859 | mfu: 0.0% | epoch: 1 | remaining: 285s    
step 00187 (5.0%) | loss: 5.115763 | lrm: 0.50 | dt: 100ms | tok/sec: 10,228 | mfu: 0.0% | epoch: 1 | remaining: 285s    
step 00188 (5.0%) | loss: 5.167446 | lrm: 0.50 | dt: 105ms | tok/sec: 9,771 | mfu: 0.0% | epoch: 1 | remaining: 285s    
step 00189 (5.1%) | loss: 5.205015 | lrm: 0.51 | dt: 95ms | tok/sec: 10,759 | mfu: 0.0% | epoch: 1 | remaining: 285s    
step 00190 (5.1%) | loss: 5.243667 | lrm: 0.51 | dt: 94ms | tok/sec: 10,847 | mfu: 0.0% | epoch: 1 | remaining: 285s    
step 00191 (5.1%) | loss: 5.268222 | lrm: 0.51 | dt: 93ms | tok/sec: 10,964 | mfu: 0.0% | epoch: 1 | remaining: 284s    
step 00192 (5.2%) | loss: 5.252258 | lrm: 0.52 | dt: 80ms | tok/sec: 12,724 | mfu: 0.0% | epoch: 1 | remaining: 284s    
step 00193 (5.2%) | loss: 5.234621 | lrm: 0.52 | dt: 95ms | tok/sec: 10,755 | mfu: 0.0% | epoch: 1 | remaining: 284s    
step 00194 (5.2%) | loss: 5.226675 | lrm: 0.52 | dt: 96ms | tok/sec: 10,698 | mfu: 0.0% | epoch: 1 | remaining: 284s    
step 00195 (5.3%) | loss: 5.207955 | lrm: 0.53 | dt: 99ms | tok/sec: 10,328 | mfu: 0.0% | epoch: 1 | remaining: 284s    
step 00196 (5.3%) | loss: 5.200838 | lrm: 0.53 | dt: 92ms | tok/sec: 11,115 | mfu: 0.0% | epoch: 1 | remaining: 284s    
step 00197 (5.3%) | loss: 5.192068 | lrm: 0.53 | dt: 79ms | tok/sec: 12,882 | mfu: 0.0% | epoch: 1 | remaining: 284s    
step 00198 (5.4%) | loss: 5.181218 | lrm: 0.54 | dt: 114ms | tok/sec: 8,981 | mfu: 0.0% | epoch: 1 | remaining: 284s    
step 00199 (5.4%) | loss: 5.151928 | lrm: 0.54 | dt: 91ms | tok/sec: 11,288 | mfu: 0.0% | epoch: 1 | remaining: 284s    
step 00200 (5.4%) | loss: 5.147105 | lrm: 0.54 | dt: 95ms | tok/sec: 10,752 | mfu: 0.0% | epoch: 1 | remaining: 284s    
step 00201 (5.5%) | loss: 5.106246 | lrm: 0.55 | dt: 89ms | tok/sec: 11,522 | mfu: 0.0% | epoch: 1 | remaining: 284s    
step 00202 (5.5%) | loss: 5.093226 | lrm: 0.55 | dt: 94ms | tok/sec: 10,837 | mfu: 0.0% | epoch: 1 | remaining: 283s    
step 00203 (5.5%) | loss: 5.049172 | lrm: 0.55 | dt: 103ms | tok/sec: 9,925 | mfu: 0.0% | epoch: 1 | remaining: 283s    
step 00204 (5.6%) | loss: 5.003354 | lrm: 0.56 | dt: 93ms | tok/sec: 10,984 | mfu: 0.0% | epoch: 1 | remaining: 283s    
step 00205 (5.6%) | loss: 4.926001 | lrm: 0.56 | dt: 91ms | tok/sec: 11,258 | mfu: 0.0% | epoch: 1 | remaining: 283s    
step 00206 (5.6%) | loss: 4.907090 | lrm: 0.56 | dt: 101ms | tok/sec: 10,099 | mfu: 0.0% | epoch: 1 | remaining: 283s    
step 00207 (5.6%) | loss: 4.866357 | lrm: 0.56 | dt: 87ms | tok/sec: 11,712 | mfu: 0.0% | epoch: 1 | remaining: 283s    
step 00208 (5.7%) | loss: 4.831787 | lrm: 0.57 | dt: 95ms | tok/sec: 10,798 | mfu: 0.0% | epoch: 1 | remaining: 283s    
step 00209 (5.7%) | loss: 4.829739 | lrm: 0.57 | dt: 81ms | tok/sec: 12,575 | mfu: 0.0% | epoch: 1 | remaining: 283s    
step 00210 (5.7%) | loss: 4.820523 | lrm: 0.57 | dt: 94ms | tok/sec: 10,923 | mfu: 0.0% | epoch: 1 | remaining: 283s    
step 00211 (5.8%) | loss: 4.811816 | lrm: 0.58 | dt: 95ms | tok/sec: 10,827 | mfu: 0.0% | epoch: 1 | remaining: 283s    
step 00212 (5.8%) | loss: 4.759749 | lrm: 0.58 | dt: 96ms | tok/sec: 10,714 | mfu: 0.0% | epoch: 1 | remaining: 283s    
step 00213 (5.8%) | loss: 4.744997 | lrm: 0.58 | dt: 81ms | tok/sec: 12,704 | mfu: 0.0% | epoch: 1 | remaining: 282s    
step 00214 (5.9%) | loss: 4.726107 | lrm: 0.59 | dt: 95ms | tok/sec: 10,834 | mfu: 0.0% | epoch: 1 | remaining: 282s    
step 00215 (5.9%) | loss: 4.723657 | lrm: 0.59 | dt: 95ms | tok/sec: 10,809 | mfu: 0.0% | epoch: 1 | remaining: 282s    
step 00216 (5.9%) | loss: 4.711438 | lrm: 0.59 | dt: 95ms | tok/sec: 10,788 | mfu: 0.0% | epoch: 1 | remaining: 282s    
step 00217 (5.9%) | loss: 4.718931 | lrm: 0.59 | dt: 99ms | tok/sec: 10,324 | mfu: 0.0% | epoch: 1 | remaining: 282s    
step 00218 (6.0%) | loss: 4.701234 | lrm: 0.60 | dt: 94ms | tok/sec: 10,899 | mfu: 0.0% | epoch: 1 | remaining: 282s    
step 00219 (6.0%) | loss: 4.725132 | lrm: 0.60 | dt: 95ms | tok/sec: 10,770 | mfu: 0.0% | epoch: 1 | remaining: 282s    
step 00220 (6.0%) | loss: 4.701337 | lrm: 0.60 | dt: 95ms | tok/sec: 10,746 | mfu: 0.0% | epoch: 1 | remaining: 282s    
step 00221 (6.1%) | loss: 4.716388 | lrm: 0.61 | dt: 101ms | tok/sec: 10,121 | mfu: 0.0% | epoch: 1 | remaining: 282s    
step 00222 (6.1%) | loss: 4.695802 | lrm: 0.61 | dt: 80ms | tok/sec: 12,839 | mfu: 0.0% | epoch: 1 | remaining: 282s    
step 00223 (6.1%) | loss: 4.677491 | lrm: 0.61 | dt: 103ms | tok/sec: 9,982 | mfu: 0.0% | epoch: 1 | remaining: 281s    
step 00224 (6.2%) | loss: 4.656789 | lrm: 0.62 | dt: 90ms | tok/sec: 11,402 | mfu: 0.0% | epoch: 1 | remaining: 281s    
step 00225 (6.2%) | loss: 4.611305 | lrm: 0.62 | dt: 95ms | tok/sec: 10,747 | mfu: 0.0% | epoch: 1 | remaining: 281s    
step 00226 (6.2%) | loss: 4.558608 | lrm: 0.62 | dt: 95ms | tok/sec: 10,727 | mfu: 0.0% | epoch: 1 | remaining: 281s    
step 00227 (6.3%) | loss: 4.536287 | lrm: 0.63 | dt: 97ms | tok/sec: 10,540 | mfu: 0.0% | epoch: 1 | remaining: 281s    
step 00228 (6.3%) | loss: 4.544246 | lrm: 0.63 | dt: 93ms | tok/sec: 10,986 | mfu: 0.0% | epoch: 1 | remaining: 281s    
step 00229 (6.3%) | loss: 4.521873 | lrm: 0.63 | dt: 94ms | tok/sec: 10,884 | mfu: 0.0% | epoch: 1 | remaining: 281s    
step 00230 (6.4%) | loss: 4.558379 | lrm: 0.64 | dt: 96ms | tok/sec: 10,676 | mfu: 0.0% | epoch: 1 | remaining: 281s    
step 00231 (6.4%) | loss: 4.612661 | lrm: 0.64 | dt: 93ms | tok/sec: 11,013 | mfu: 0.0% | epoch: 1 | remaining: 281s    
step 00232 (6.4%) | loss: 4.672601 | lrm: 0.64 | dt: 85ms | tok/sec: 12,076 | mfu: 0.0% | epoch: 1 | remaining: 281s    
step 00233 (6.5%) | loss: 4.786975 | lrm: 0.65 | dt: 98ms | tok/sec: 10,439 | mfu: 0.0% | epoch: 1 | remaining: 281s    
step 00234 (6.5%) | loss: 4.872565 | lrm: 0.65 | dt: 87ms | tok/sec: 11,778 | mfu: 0.0% | epoch: 1 | remaining: 280s    
step 00235 (6.5%) | loss: 4.923718 | lrm: 0.65 | dt: 86ms | tok/sec: 11,927 | mfu: 0.0% | epoch: 1 | remaining: 280s    
step 00236 (6.5%) | loss: 4.979047 | lrm: 0.65 | dt: 95ms | tok/sec: 10,804 | mfu: 0.0% | epoch: 1 | remaining: 280s    
step 00237 (6.6%) | loss: 5.011581 | lrm: 0.66 | dt: 94ms | tok/sec: 10,841 | mfu: 0.0% | epoch: 1 | remaining: 280s    
step 00238 (6.6%) | loss: 5.092918 | lrm: 0.66 | dt: 79ms | tok/sec: 12,941 | mfu: 0.0% | epoch: 1 | remaining: 280s    
step 00239 (6.6%) | loss: 5.112771 | lrm: 0.66 | dt: 105ms | tok/sec: 9,710 | mfu: 0.0% | epoch: 1 | remaining: 280s    
step 00240 (6.7%) | loss: 5.116416 | lrm: 0.67 | dt: 88ms | tok/sec: 11,584 | mfu: 0.0% | epoch: 1 | remaining: 280s    
step 00241 (6.7%) | loss: 5.131224 | lrm: 0.67 | dt: 78ms | tok/sec: 13,060 | mfu: 0.0% | epoch: 1 | remaining: 280s    
step 00242 (6.7%) | loss: 5.242555 | lrm: 0.67 | dt: 95ms | tok/sec: 10,800 | mfu: 0.0% | epoch: 1 | remaining: 280s    
step 00243 (6.8%) | loss: 5.289204 | lrm: 0.68 | dt: 95ms | tok/sec: 10,805 | mfu: 0.0% | epoch: 1 | remaining: 280s    
step 00244 (6.8%) | loss: 5.335187 | lrm: 0.68 | dt: 99ms | tok/sec: 10,358 | mfu: 0.0% | epoch: 1 | remaining: 280s    
step 00245 (6.8%) | loss: 5.372037 | lrm: 0.68 | dt: 86ms | tok/sec: 11,897 | mfu: 0.0% | epoch: 1 | remaining: 279s    
step 00246 (6.8%) | loss: 5.387446 | lrm: 0.68 | dt: 95ms | tok/sec: 10,782 | mfu: 0.0% | epoch: 1 | remaining: 279s    
step 00247 (6.9%) | loss: 5.381941 | lrm: 0.69 | dt: 92ms | tok/sec: 11,130 | mfu: 0.0% | epoch: 1 | remaining: 279s    
step 00248 (6.9%) | loss: 5.371337 | lrm: 0.69 | dt: 83ms | tok/sec: 12,321 | mfu: 0.0% | epoch: 1 | remaining: 279s    
step 00249 (6.9%) | loss: 5.371944 | lrm: 0.69 | dt: 97ms | tok/sec: 10,525 | mfu: 0.0% | epoch: 1 | remaining: 279s    
step 00250 (7.0%) | loss: 5.372250 | lrm: 0.70 | dt: 93ms | tok/sec: 11,009 | mfu: 0.0% | epoch: 1 | remaining: 279s    
step 00251 (7.0%) | loss: 5.369330 | lrm: 0.70 | dt: 86ms | tok/sec: 11,873 | mfu: 0.0% | epoch: 1 | remaining: 279s    
step 00252 (7.0%) | loss: 5.358367 | lrm: 0.70 | dt: 102ms | tok/sec: 10,042 | mfu: 0.0% | epoch: 1 | remaining: 279s    
step 00253 (7.1%) | loss: 5.372730 | lrm: 0.71 | dt: 82ms | tok/sec: 12,420 | mfu: 0.0% | epoch: 1 | remaining: 279s    
step 00254 (7.1%) | loss: 5.352298 | lrm: 0.71 | dt: 95ms | tok/sec: 10,795 | mfu: 0.0% | epoch: 1 | remaining: 279s    
step 00255 (7.1%) | loss: 5.366191 | lrm: 0.71 | dt: 85ms | tok/sec: 12,107 | mfu: 0.0% | epoch: 1 | remaining: 279s    
step 00256 (7.2%) | loss: 5.368105 | lrm: 0.72 | dt: 103ms | tok/sec: 9,946 | mfu: 0.0% | epoch: 1 | remaining: 278s    
step 00257 (7.2%) | loss: 5.380599 | lrm: 0.72 | dt: 87ms | tok/sec: 11,765 | mfu: 0.0% | epoch: 1 | remaining: 278s    
step 00258 (7.2%) | loss: 5.366373 | lrm: 0.72 | dt: 93ms | tok/sec: 11,008 | mfu: 0.0% | epoch: 1 | remaining: 278s    
step 00259 (7.2%) | loss: 5.377938 | lrm: 0.72 | dt: 94ms | tok/sec: 10,847 | mfu: 0.0% | epoch: 1 | remaining: 278s    
step 00260 (7.3%) | loss: 5.390864 | lrm: 0.73 | dt: 100ms | tok/sec: 10,190 | mfu: 0.0% | epoch: 1 | remaining: 278s    
step 00261 (7.3%) | loss: 5.399711 | lrm: 0.73 | dt: 76ms | tok/sec: 13,441 | mfu: 0.0% | epoch: 1 | remaining: 278s    
step 00262 (7.3%) | loss: 5.386502 | lrm: 0.73 | dt: 95ms | tok/sec: 10,793 | mfu: 0.0% | epoch: 1 | remaining: 278s    
step 00263 (7.4%) | loss: 5.400265 | lrm: 0.74 | dt: 95ms | tok/sec: 10,782 | mfu: 0.0% | epoch: 1 | remaining: 278s    
step 00264 (7.4%) | loss: 5.420037 | lrm: 0.74 | dt: 98ms | tok/sec: 10,499 | mfu: 0.0% | epoch: 1 | remaining: 278s    
step 00265 (7.4%) | loss: 5.398948 | lrm: 0.74 | dt: 91ms | tok/sec: 11,208 | mfu: 0.0% | epoch: 1 | remaining: 278s    
step 00266 (7.5%) | loss: 5.395233 | lrm: 0.75 | dt: 91ms | tok/sec: 11,217 | mfu: 0.0% | epoch: 1 | remaining: 278s    
step 00267 (7.5%) | loss: 5.370094 | lrm: 0.75 | dt: 81ms | tok/sec: 12,584 | mfu: 0.0% | epoch: 1 | remaining: 277s    
step 00268 (7.5%) | loss: 5.341806 | lrm: 0.75 | dt: 94ms | tok/sec: 10,887 | mfu: 0.0% | epoch: 1 | remaining: 277s    
step 00269 (7.6%) | loss: 5.312963 | lrm: 0.76 | dt: 103ms | tok/sec: 9,921 | mfu: 0.0% | epoch: 1 | remaining: 277s    
step 00270 (7.6%) | loss: 5.289730 | lrm: 0.76 | dt: 93ms | tok/sec: 10,976 | mfu: 0.0% | epoch: 1 | remaining: 277s    
step 00271 (7.6%) | loss: 5.281176 | lrm: 0.76 | dt: 104ms | tok/sec: 9,863 | mfu: 0.0% | epoch: 1 | remaining: 277s    
step 00272 (7.7%) | loss: 5.271906 | lrm: 0.77 | dt: 92ms | tok/sec: 11,140 | mfu: 0.0% | epoch: 1 | remaining: 277s    
step 00273 (7.7%) | loss: 5.283404 | lrm: 0.77 | dt: 93ms | tok/sec: 10,964 | mfu: 0.0% | epoch: 1 | remaining: 277s    
step 00274 (7.7%) | loss: 5.275348 | lrm: 0.77 | dt: 87ms | tok/sec: 11,742 | mfu: 0.0% | epoch: 1 | remaining: 277s    
step 00275 (7.7%) | loss: 5.277574 | lrm: 0.77 | dt: 112ms | tok/sec: 9,158 | mfu: 0.0% | epoch: 1 | remaining: 277s    
step 00276 (7.8%) | loss: 5.265206 | lrm: 0.78 | dt: 94ms | tok/sec: 10,883 | mfu: 0.0% | epoch: 1 | remaining: 277s    
step 00277 (7.8%) | loss: 5.248553 | lrm: 0.78 | dt: 82ms | tok/sec: 12,537 | mfu: 0.0% | epoch: 1 | remaining: 276s    
step 00278 (7.8%) | loss: 5.247879 | lrm: 0.78 | dt: 95ms | tok/sec: 10,755 | mfu: 0.0% | epoch: 1 | remaining: 276s    
step 00279 (7.9%) | loss: 5.227469 | lrm: 0.79 | dt: 95ms | tok/sec: 10,800 | mfu: 0.0% | epoch: 1 | remaining: 276s    
step 00280 (7.9%) | loss: 5.217897 | lrm: 0.79 | dt: 79ms | tok/sec: 12,914 | mfu: 0.0% | epoch: 1 | remaining: 276s    
step 00281 (7.9%) | loss: 5.204540 | lrm: 0.79 | dt: 108ms | tok/sec: 9,508 | mfu: 0.0% | epoch: 1 | remaining: 276s    
step 00282 (8.0%) | loss: 5.178583 | lrm: 0.80 | dt: 92ms | tok/sec: 11,128 | mfu: 0.0% | epoch: 1 | remaining: 276s    
step 00283 (8.0%) | loss: 5.148889 | lrm: 0.80 | dt: 96ms | tok/sec: 10,718 | mfu: 0.0% | epoch: 1 | remaining: 276s    
step 00284 (8.0%) | loss: 5.125462 | lrm: 0.80 | dt: 95ms | tok/sec: 10,765 | mfu: 0.0% | epoch: 1 | remaining: 276s    
step 00285 (8.1%) | loss: 5.104934 | lrm: 0.81 | dt: 103ms | tok/sec: 9,924 | mfu: 0.0% | epoch: 1 | remaining: 276s    
step 00286 (8.1%) | loss: 5.110147 | lrm: 0.81 | dt: 98ms | tok/sec: 10,466 | mfu: 0.0% | epoch: 1 | remaining: 276s    
step 00287 (8.1%) | loss: 5.184663 | lrm: 0.81 | dt: 82ms | tok/sec: 12,417 | mfu: 0.0% | epoch: 1 | remaining: 276s    
step 00288 (8.2%) | loss: 5.234457 | lrm: 0.82 | dt: 111ms | tok/sec: 9,238 | mfu: 0.0% | epoch: 1 | remaining: 275s    
step 00289 (8.2%) | loss: 5.275379 | lrm: 0.82 | dt: 79ms | tok/sec: 12,991 | mfu: 0.0% | epoch: 1 | remaining: 275s    
step 00290 (8.2%) | loss: 5.322244 | lrm: 0.82 | dt: 102ms | tok/sec: 10,037 | mfu: 0.0% | epoch: 1 | remaining: 275s    
step 00291 (8.2%) | loss: 5.343812 | lrm: 0.82 | dt: 80ms | tok/sec: 12,852 | mfu: 0.0% | epoch: 1 | remaining: 275s    
step 00292 (8.3%) | loss: 5.363995 | lrm: 0.83 | dt: 107ms | tok/sec: 9,552 | mfu: 0.0% | epoch: 1 | remaining: 275s    
step 00293 (8.3%) | loss: 5.386856 | lrm: 0.83 | dt: 86ms | tok/sec: 11,967 | mfu: 0.0% | epoch: 1 | remaining: 275s    
step 00294 (8.3%) | loss: 5.378813 | lrm: 0.83 | dt: 95ms | tok/sec: 10,727 | mfu: 0.0% | epoch: 1 | remaining: 275s    
step 00295 (8.4%) | loss: 5.336426 | lrm: 0.84 | dt: 95ms | tok/sec: 10,823 | mfu: 0.0% | epoch: 1 | remaining: 275s    
step 00296 (8.4%) | loss: 5.284551 | lrm: 0.84 | dt: 79ms | tok/sec: 12,926 | mfu: 0.0% | epoch: 1 | remaining: 275s    
step 00297 (8.4%) | loss: 5.281540 | lrm: 0.84 | dt: 95ms | tok/sec: 10,784 | mfu: 0.0% | epoch: 1 | remaining: 275s    
step 00298 (8.5%) | loss: 5.261801 | lrm: 0.85 | dt: 101ms | tok/sec: 10,121 | mfu: 0.0% | epoch: 1 | remaining: 275s    
step 00299 (8.5%) | loss: 5.330401 | lrm: 0.85 | dt: 87ms | tok/sec: 11,739 | mfu: 0.0% | epoch: 1 | remaining: 274s    
step 00300 (8.5%) | loss: 5.359704 | lrm: 0.85 | dt: 95ms | tok/sec: 10,753 | mfu: 0.0% | epoch: 1 | remaining: 274s    
step 00301 (8.6%) | loss: 5.364069 | lrm: 0.86 | dt: 80ms | tok/sec: 12,851 | mfu: 0.0% | epoch: 1 | remaining: 274s    
step 00302 (8.6%) | loss: 5.357778 | lrm: 0.86 | dt: 100ms | tok/sec: 10,233 | mfu: 0.0% | epoch: 1 | remaining: 274s    
step 00303 (8.6%) | loss: 5.328712 | lrm: 0.86 | dt: 91ms | tok/sec: 11,232 | mfu: 0.0% | epoch: 1 | remaining: 274s    
step 00304 (8.6%) | loss: 5.292747 | lrm: 0.86 | dt: 77ms | tok/sec: 13,252 | mfu: 0.0% | epoch: 1 | remaining: 274s    
step 00305 (8.7%) | loss: 5.278836 | lrm: 0.87 | dt: 95ms | tok/sec: 10,741 | mfu: 0.0% | epoch: 1 | remaining: 274s    
step 00306 (8.7%) | loss: 5.252296 | lrm: 0.87 | dt: 96ms | tok/sec: 10,691 | mfu: 0.0% | epoch: 1 | remaining: 274s    
step 00307 (8.7%) | loss: 5.214717 | lrm: 0.87 | dt: 95ms | tok/sec: 10,733 | mfu: 0.0% | epoch: 1 | remaining: 274s    
step 00308 (8.8%) | loss: 5.174672 | lrm: 0.88 | dt: 79ms | tok/sec: 12,896 | mfu: 0.0% | epoch: 1 | remaining: 274s    
step 00309 (8.8%) | loss: 5.142174 | lrm: 0.88 | dt: 91ms | tok/sec: 11,221 | mfu: 0.0% | epoch: 1 | remaining: 274s    
step 00310 (8.8%) | loss: 5.111632 | lrm: 0.88 | dt: 100ms | tok/sec: 10,226 | mfu: 0.0% | epoch: 1 | remaining: 273s    
step 00311 (8.9%) | loss: 5.107911 | lrm: 0.89 | dt: 95ms | tok/sec: 10,765 | mfu: 0.0% | epoch: 1 | remaining: 273s    
step 00312 (8.9%) | loss: 5.079167 | lrm: 0.89 | dt: 93ms | tok/sec: 11,068 | mfu: 0.0% | epoch: 1 | remaining: 273s    
step 00313 (8.9%) | loss: 5.091086 | lrm: 0.89 | dt: 88ms | tok/sec: 11,646 | mfu: 0.0% | epoch: 1 | remaining: 273s    
step 00314 (8.9%) | loss: 5.071533 | lrm: 0.89 | dt: 97ms | tok/sec: 10,536 | mfu: 0.0% | epoch: 1 | remaining: 273s    
step 00315 (9.0%) | loss: 5.079225 | lrm: 0.90 | dt: 92ms | tok/sec: 11,155 | mfu: 0.0% | epoch: 1 | remaining: 273s    
step 00316 (9.0%) | loss: 5.077796 | lrm: 0.90 | dt: 91ms | tok/sec: 11,267 | mfu: 0.0% | epoch: 1 | remaining: 273s    
step 00317 (9.0%) | loss: 5.093082 | lrm: 0.90 | dt: 105ms | tok/sec: 9,795 | mfu: 0.0% | epoch: 1 | remaining: 273s    
step 00318 (9.1%) | loss: 5.132680 | lrm: 0.91 | dt: 96ms | tok/sec: 10,709 | mfu: 0.0% | epoch: 1 | remaining: 273s    
step 00319 (9.1%) | loss: 5.146683 | lrm: 0.91 | dt: 95ms | tok/sec: 10,833 | mfu: 0.0% | epoch: 1 | remaining: 273s    
step 00320 (9.1%) | loss: 5.171210 | lrm: 0.91 | dt: 114ms | tok/sec: 9,019 | mfu: 0.0% | epoch: 1 | remaining: 272s    
step 00321 (9.2%) | loss: 5.171930 | lrm: 0.92 | dt: 88ms | tok/sec: 11,571 | mfu: 0.0% | epoch: 1 | remaining: 272s    
step 00322 (9.2%) | loss: 5.184962 | lrm: 0.92 | dt: 94ms | tok/sec: 10,883 | mfu: 0.0% | epoch: 1 | remaining: 272s    
step 00323 (9.2%) | loss: 5.181939 | lrm: 0.92 | dt: 95ms | tok/sec: 10,746 | mfu: 0.0% | epoch: 1 | remaining: 272s    
step 00324 (9.3%) | loss: 5.193307 | lrm: 0.93 | dt: 102ms | tok/sec: 10,083 | mfu: 0.0% | epoch: 1 | remaining: 272s    
step 00325 (9.3%) | loss: 5.192544 | lrm: 0.93 | dt: 94ms | tok/sec: 10,892 | mfu: 0.0% | epoch: 1 | remaining: 272s    
step 00326 (9.3%) | loss: 5.232516 | lrm: 0.93 | dt: 106ms | tok/sec: 9,695 | mfu: 0.0% | epoch: 1 | remaining: 272s    
step 00327 (9.4%) | loss: 5.236095 | lrm: 0.94 | dt: 97ms | tok/sec: 10,565 | mfu: 0.0% | epoch: 1 | remaining: 272s    
step 00328 (9.4%) | loss: 5.241834 | lrm: 0.94 | dt: 92ms | tok/sec: 11,092 | mfu: 0.0% | epoch: 1 | remaining: 272s    
step 00329 (9.4%) | loss: 5.237752 | lrm: 0.94 | dt: 111ms | tok/sec: 9,206 | mfu: 0.0% | epoch: 1 | remaining: 272s    
step 00330 (9.5%) | loss: 5.222194 | lrm: 0.95 | dt: 95ms | tok/sec: 10,761 | mfu: 0.0% | epoch: 1 | remaining: 271s    
step 00331 (9.5%) | loss: 5.241281 | lrm: 0.95 | dt: 95ms | tok/sec: 10,793 | mfu: 0.0% | epoch: 1 | remaining: 271s    
step 00332 (9.5%) | loss: 5.243681 | lrm: 0.95 | dt: 79ms | tok/sec: 12,935 | mfu: 0.0% | epoch: 1 | remaining: 271s    
step 00333 (9.6%) | loss: 5.212234 | lrm: 0.96 | dt: 96ms | tok/sec: 10,691 | mfu: 0.0% | epoch: 1 | remaining: 271s    
step 00334 (9.6%) | loss: 5.204829 | lrm: 0.96 | dt: 95ms | tok/sec: 10,772 | mfu: 0.0% | epoch: 1 | remaining: 271s    
step 00335 (9.6%) | loss: 5.172017 | lrm: 0.96 | dt: 79ms | tok/sec: 12,958 | mfu: 0.0% | epoch: 1 | remaining: 271s    
step 00336 (9.7%) | loss: 5.169021 | lrm: 0.97 | dt: 95ms | tok/sec: 10,754 | mfu: 0.0% | epoch: 1 | remaining: 271s    
step 00337 (9.7%) | loss: 5.131561 | lrm: 0.97 | dt: 98ms | tok/sec: 10,428 | mfu: 0.0% | epoch: 1 | remaining: 271s    
step 00338 (9.7%) | loss: 5.135420 | lrm: 0.97 | dt: 92ms | tok/sec: 11,101 | mfu: 0.0% | epoch: 1 | remaining: 271s    
step 00339 (9.7%) | loss: 5.089106 | lrm: 0.97 | dt: 79ms | tok/sec: 12,905 | mfu: 0.0% | epoch: 1 | remaining: 271s    
step 00340 (9.8%) | loss: 5.076377 | lrm: 0.98 | dt: 95ms | tok/sec: 10,790 | mfu: 0.0% | epoch: 1 | remaining: 271s    
step 00341 (9.8%) | loss: 5.071735 | lrm: 0.98 | dt: 96ms | tok/sec: 10,617 | mfu: 0.0% | epoch: 1 | remaining: 270s    
step 00342 (9.8%) | loss: 5.070945 | lrm: 0.98 | dt: 78ms | tok/sec: 13,062 | mfu: 0.0% | epoch: 1 | remaining: 270s    
step 00343 (9.9%) | loss: 5.078795 | lrm: 0.99 | dt: 95ms | tok/sec: 10,732 | mfu: 0.0% | epoch: 1 | remaining: 270s    
step 00344 (9.9%) | loss: 5.088219 | lrm: 0.99 | dt: 94ms | tok/sec: 10,838 | mfu: 0.0% | epoch: 1 | remaining: 270s    
step 00345 (9.9%) | loss: 5.081660 | lrm: 0.99 | dt: 95ms | tok/sec: 10,759 | mfu: 0.0% | epoch: 1 | remaining: 270s    
step 00346 (10.0%) | loss: 5.081316 | lrm: 1.00 | dt: 79ms | tok/sec: 12,966 | mfu: 0.0% | epoch: 1 | remaining: 270s    
step 00347 (10.0%) | loss: 5.065785 | lrm: 1.00 | dt: 95ms | tok/sec: 10,800 | mfu: 0.0% | epoch: 1 | remaining: 270s    
step 00348 (10.0%) | loss: 5.039495 | lrm: 1.00 | dt: 100ms | tok/sec: 10,228 | mfu: 0.0% | epoch: 1 | remaining: 270s    
step 00349 (10.0%) | loss: 5.068102 | lrm: 1.00 | dt: 91ms | tok/sec: 11,295 | mfu: 0.0% | epoch: 1 | remaining: 270s    
step 00350 (10.1%) | loss: 5.093653 | lrm: 1.00 | dt: 79ms | tok/sec: 12,946 | mfu: 0.0% | epoch: 1 | remaining: 270s    
step 00351 (10.1%) | loss: 5.103660 | lrm: 1.00 | dt: 95ms | tok/sec: 10,732 | mfu: 0.0% | epoch: 1 | remaining: 270s    
step 00352 (10.1%) | loss: 5.113035 | lrm: 1.00 | dt: 99ms | tok/sec: 10,381 | mfu: 0.0% | epoch: 1 | remaining: 269s    
step 00353 (10.2%) | loss: 5.111986 | lrm: 1.00 | dt: 92ms | tok/sec: 11,189 | mfu: 0.0% | epoch: 1 | remaining: 269s    
step 00354 (10.2%) | loss: 5.116125 | lrm: 1.00 | dt: 95ms | tok/sec: 10,794 | mfu: 0.0% | epoch: 1 | remaining: 269s    
step 00355 (10.2%) | loss: 5.112998 | lrm: 1.00 | dt: 80ms | tok/sec: 12,838 | mfu: 0.0% | epoch: 1 | remaining: 269s    
step 00356 (10.3%) | loss: 5.093186 | lrm: 1.00 | dt: 95ms | tok/sec: 10,770 | mfu: 0.0% | epoch: 1 | remaining: 269s    
step 00357 (10.3%) | loss: 5.092526 | lrm: 1.00 | dt: 95ms | tok/sec: 10,822 | mfu: 0.0% | epoch: 1 | remaining: 269s    
step 00358 (10.3%) | loss: 5.091018 | lrm: 1.00 | dt: 86ms | tok/sec: 11,925 | mfu: 0.0% | epoch: 1 | remaining: 269s    
step 00359 (10.4%) | loss: 5.083747 | lrm: 1.00 | dt: 109ms | tok/sec: 9,358 | mfu: 0.0% | epoch: 1 | remaining: 269s    
step 00360 (10.4%) | loss: 5.079233 | lrm: 1.00 | dt: 86ms | tok/sec: 11,920 | mfu: 0.0% | epoch: 1 | remaining: 269s    
step 00361 (10.4%) | loss: 5.063966 | lrm: 1.00 | dt: 90ms | tok/sec: 11,378 | mfu: 0.0% | epoch: 1 | remaining: 269s    
step 00362 (10.4%) | loss: 5.040598 | lrm: 1.00 | dt: 95ms | tok/sec: 10,724 | mfu: 0.0% | epoch: 1 | remaining: 269s    
step 00363 (10.5%) | loss: 5.040761 | lrm: 1.00 | dt: 80ms | tok/sec: 12,855 | mfu: 0.0% | epoch: 1 | remaining: 268s    
step 00364 (10.5%) | loss: 4.971040 | lrm: 1.00 | dt: 95ms | tok/sec: 10,794 | mfu: 0.0% | epoch: 1 | remaining: 268s    
step 00365 (10.5%) | loss: 4.957557 | lrm: 1.00 | dt: 95ms | tok/sec: 10,775 | mfu: 0.0% | epoch: 1 | remaining: 268s    
step 00366 (10.6%) | loss: 4.929754 | lrm: 1.00 | dt: 95ms | tok/sec: 10,756 | mfu: 0.0% | epoch: 1 | remaining: 268s    
step 00367 (10.6%) | loss: 4.923805 | lrm: 1.00 | dt: 80ms | tok/sec: 12,879 | mfu: 0.0% | epoch: 1 | remaining: 268s    
step 00368 (10.6%) | loss: 4.944105 | lrm: 1.00 | dt: 108ms | tok/sec: 9,522 | mfu: 0.0% | epoch: 1 | remaining: 268s    
step 00369 (10.7%) | loss: 4.953556 | lrm: 1.00 | dt: 97ms | tok/sec: 10,547 | mfu: 0.0% | epoch: 1 | remaining: 268s    
step 00370 (10.7%) | loss: 4.975270 | lrm: 1.00 | dt: 81ms | tok/sec: 12,636 | mfu: 0.0% | epoch: 1 | remaining: 268s    
step 00371 (10.7%) | loss: 4.996800 | lrm: 1.00 | dt: 99ms | tok/sec: 10,291 | mfu: 0.0% | epoch: 1 | remaining: 268s    
step 00372 (10.8%) | loss: 5.018344 | lrm: 1.00 | dt: 95ms | tok/sec: 10,753 | mfu: 0.0% | epoch: 1 | remaining: 268s    
step 00373 (10.8%) | loss: 5.007940 | lrm: 1.00 | dt: 91ms | tok/sec: 11,237 | mfu: 0.0% | epoch: 1 | remaining: 268s    
step 00374 (10.8%) | loss: 5.037694 | lrm: 1.00 | dt: 100ms | tok/sec: 10,247 | mfu: 0.0% | epoch: 1 | remaining: 267s    
step 00375 (10.8%) | loss: 5.020526 | lrm: 1.00 | dt: 91ms | tok/sec: 11,305 | mfu: 0.0% | epoch: 1 | remaining: 267s    
step 00376 (10.9%) | loss: 5.046364 | lrm: 1.00 | dt: 95ms | tok/sec: 10,733 | mfu: 0.0% | epoch: 1 | remaining: 267s    
step 00377 (10.9%) | loss: 5.089270 | lrm: 1.00 | dt: 79ms | tok/sec: 12,925 | mfu: 0.0% | epoch: 1 | remaining: 267s    
step 00378 (10.9%) | loss: 5.106625 | lrm: 1.00 | dt: 96ms | tok/sec: 10,720 | mfu: 0.0% | epoch: 1 | remaining: 267s    
step 00379 (11.0%) | loss: 5.144770 | lrm: 1.00 | dt: 104ms | tok/sec: 9,866 | mfu: 0.0% | epoch: 1 | remaining: 267s    
step 00380 (11.0%) | loss: 5.204081 | lrm: 1.00 | dt: 86ms | tok/sec: 11,841 | mfu: 0.0% | epoch: 1 | remaining: 267s    
step 00381 (11.0%) | loss: 5.234289 | lrm: 1.00 | dt: 95ms | tok/sec: 10,735 | mfu: 0.0% | epoch: 1 | remaining: 267s    
step 00382 (11.1%) | loss: 5.224922 | lrm: 1.00 | dt: 95ms | tok/sec: 10,732 | mfu: 0.0% | epoch: 1 | remaining: 267s    
step 00383 (11.1%) | loss: 5.206029 | lrm: 1.00 | dt: 95ms | tok/sec: 10,795 | mfu: 0.0% | epoch: 1 | remaining: 267s    
step 00384 (11.1%) | loss: 5.219531 | lrm: 1.00 | dt: 79ms | tok/sec: 12,904 | mfu: 0.0% | epoch: 1 | remaining: 267s    
step 00385 (11.2%) | loss: 5.207849 | lrm: 1.00 | dt: 95ms | tok/sec: 10,771 | mfu: 0.0% | epoch: 1 | remaining: 266s    
step 00386 (11.2%) | loss: 5.245274 | lrm: 1.00 | dt: 95ms | tok/sec: 10,785 | mfu: 0.0% | epoch: 1 | remaining: 266s    
step 00387 (11.2%) | loss: 5.264180 | lrm: 1.00 | dt: 95ms | tok/sec: 10,743 | mfu: 0.0% | epoch: 1 | remaining: 266s    
step 00388 (11.3%) | loss: 5.238521 | lrm: 1.00 | dt: 100ms | tok/sec: 10,241 | mfu: 0.0% | epoch: 1 | remaining: 266s    
step 00389 (11.3%) | loss: 5.229835 | lrm: 1.00 | dt: 91ms | tok/sec: 11,229 | mfu: 0.0% | epoch: 1 | remaining: 266s    
step 00390 (11.3%) | loss: 5.227520 | lrm: 1.00 | dt: 95ms | tok/sec: 10,765 | mfu: 0.0% | epoch: 1 | remaining: 266s    
step 00391 (11.3%) | loss: 5.238911 | lrm: 1.00 | dt: 95ms | tok/sec: 10,770 | mfu: 0.0% | epoch: 1 | remaining: 266s    
step 00392 (11.4%) | loss: 5.245088 | lrm: 1.00 | dt: 79ms | tok/sec: 12,910 | mfu: 0.0% | epoch: 1 | remaining: 266s    
step 00393 (11.4%) | loss: 5.243525 | lrm: 1.00 | dt: 94ms | tok/sec: 10,839 | mfu: 0.0% | epoch: 1 | remaining: 266s    
step 00394 (11.4%) | loss: 5.235380 | lrm: 1.00 | dt: 95ms | tok/sec: 10,782 | mfu: 0.0% | epoch: 1 | remaining: 266s    
step 00395 (11.5%) | loss: 5.189997 | lrm: 1.00 | dt: 96ms | tok/sec: 10,678 | mfu: 0.0% | epoch: 1 | remaining: 266s    
step 00396 (11.5%) | loss: 5.139584 | lrm: 1.00 | dt: 95ms | tok/sec: 10,803 | mfu: 0.0% | epoch: 1 | remaining: 265s    
step 00397 (11.5%) | loss: 5.111770 | lrm: 1.00 | dt: 95ms | tok/sec: 10,808 | mfu: 0.0% | epoch: 1 | remaining: 265s    
step 00398 (11.6%) | loss: 5.094868 | lrm: 1.00 | dt: 95ms | tok/sec: 10,754 | mfu: 0.0% | epoch: 1 | remaining: 265s    
step 00399 (11.6%) | loss: 5.072939 | lrm: 1.00 | dt: 96ms | tok/sec: 10,712 | mfu: 0.0% | epoch: 1 | remaining: 265s    
step 00400 (11.6%) | loss: 5.058351 | lrm: 1.00 | dt: 95ms | tok/sec: 10,756 | mfu: 0.0% | epoch: 1 | remaining: 265s    
step 00401 (11.7%) | loss: 5.053103 | lrm: 1.00 | dt: 96ms | tok/sec: 10,721 | mfu: 0.0% | epoch: 1 | remaining: 265s    
step 00402 (11.7%) | loss: 5.055902 | lrm: 1.00 | dt: 95ms | tok/sec: 10,794 | mfu: 0.0% | epoch: 1 | remaining: 265s    
step 00403 (11.7%) | loss: 5.011115 | lrm: 1.00 | dt: 90ms | tok/sec: 11,355 | mfu: 0.0% | epoch: 1 | remaining: 265s    
step 00404 (11.8%) | loss: 4.992092 | lrm: 1.00 | dt: 100ms | tok/sec: 10,244 | mfu: 0.0% | epoch: 1 | remaining: 265s    
step 00405 (11.8%) | loss: 4.971014 | lrm: 1.00 | dt: 95ms | tok/sec: 10,744 | mfu: 0.0% | epoch: 1 | remaining: 265s    
step 00406 (11.8%) | loss: 4.965163 | lrm: 1.00 | dt: 103ms | tok/sec: 9,980 | mfu: 0.0% | epoch: 1 | remaining: 264s    
step 00407 (11.9%) | loss: 4.962801 | lrm: 1.00 | dt: 103ms | tok/sec: 9,937 | mfu: 0.0% | epoch: 1 | remaining: 264s    
step 00408 (11.9%) | loss: 4.963031 | lrm: 1.00 | dt: 98ms | tok/sec: 10,489 | mfu: 0.0% | epoch: 1 | remaining: 264s    
step 00409 (11.9%) | loss: 4.972705 | lrm: 1.00 | dt: 94ms | tok/sec: 10,858 | mfu: 0.0% | epoch: 1 | remaining: 264s    
step 00410 (11.9%) | loss: 4.968461 | lrm: 1.00 | dt: 92ms | tok/sec: 11,089 | mfu: 0.0% | epoch: 1 | remaining: 264s    
step 00411 (12.0%) | loss: 4.966216 | lrm: 1.00 | dt: 101ms | tok/sec: 10,174 | mfu: 0.0% | epoch: 1 | remaining: 264s    
step 00412 (12.0%) | loss: 4.944302 | lrm: 1.00 | dt: 104ms | tok/sec: 9,827 | mfu: 0.0% | epoch: 1 | remaining: 264s    
step 00413 (12.0%) | loss: 4.937507 | lrm: 1.00 | dt: 100ms | tok/sec: 10,252 | mfu: 0.0% | epoch: 1 | remaining: 264s    
step 00414 (12.1%) | loss: 4.914276 | lrm: 1.00 | dt: 95ms | tok/sec: 10,792 | mfu: 0.0% | epoch: 1 | remaining: 264s    
step 00415 (12.1%) | loss: 4.898393 | lrm: 1.00 | dt: 89ms | tok/sec: 11,540 | mfu: 0.0% | epoch: 1 | remaining: 264s    
step 00416 (12.1%) | loss: 4.886015 | lrm: 1.00 | dt: 106ms | tok/sec: 9,621 | mfu: 0.0% | epoch: 1 | remaining: 263s    
step 00417 (12.2%) | loss: 4.886699 | lrm: 1.00 | dt: 87ms | tok/sec: 11,787 | mfu: 0.0% | epoch: 1 | remaining: 263s    
step 00418 (12.2%) | loss: 4.868983 | lrm: 1.00 | dt: 92ms | tok/sec: 11,082 | mfu: 0.0% | epoch: 1 | remaining: 263s    
step 00419 (12.2%) | loss: 4.882267 | lrm: 1.00 | dt: 111ms | tok/sec: 9,223 | mfu: 0.0% | epoch: 1 | remaining: 263s    
step 00420 (12.3%) | loss: 4.850503 | lrm: 1.00 | dt: 95ms | tok/sec: 10,809 | mfu: 0.0% | epoch: 1 | remaining: 263s    
step 00421 (12.3%) | loss: 4.828596 | lrm: 1.00 | dt: 105ms | tok/sec: 9,787 | mfu: 0.0% | epoch: 1 | remaining: 263s    
step 00422 (12.3%) | loss: 4.836725 | lrm: 1.00 | dt: 101ms | tok/sec: 10,124 | mfu: 0.0% | epoch: 1 | remaining: 263s    
step 00423 (12.4%) | loss: 4.885627 | lrm: 1.00 | dt: 100ms | tok/sec: 10,291 | mfu: 0.0% | epoch: 1 | remaining: 263s    
step 00424 (12.4%) | loss: 4.923470 | lrm: 1.00 | dt: 91ms | tok/sec: 11,197 | mfu: 0.0% | epoch: 1 | remaining: 263s    
step 00425 (12.4%) | loss: 4.926782 | lrm: 1.00 | dt: 113ms | tok/sec: 9,048 | mfu: 0.0% | epoch: 1 | remaining: 263s    
step 00426 (12.5%) | loss: 4.910325 | lrm: 1.00 | dt: 97ms | tok/sec: 10,506 | mfu: 0.0% | epoch: 1 | remaining: 262s    
step 00427 (12.5%) | loss: 4.897227 | lrm: 1.00 | dt: 101ms | tok/sec: 10,105 | mfu: 0.0% | epoch: 1 | remaining: 262s    
step 00428 (12.5%) | loss: 4.880175 | lrm: 1.00 | dt: 92ms | tok/sec: 11,139 | mfu: 0.0% | epoch: 1 | remaining: 262s    
step 00429 (12.6%) | loss: 4.860670 | lrm: 1.00 | dt: 97ms | tok/sec: 10,536 | mfu: 0.0% | epoch: 1 | remaining: 262s    
step 00430 (12.6%) | loss: 4.928435 | lrm: 1.00 | dt: 99ms | tok/sec: 10,353 | mfu: 0.0% | epoch: 1 | remaining: 262s    
step 00431 (12.6%) | loss: 4.955764 | lrm: 1.00 | dt: 97ms | tok/sec: 10,547 | mfu: 0.0% | epoch: 1 | remaining: 262s    
step 00432 (12.7%) | loss: 5.004010 | lrm: 1.00 | dt: 97ms | tok/sec: 10,507 | mfu: 0.0% | epoch: 1 | remaining: 262s    
step 00433 (12.7%) | loss: 5.046294 | lrm: 1.00 | dt: 97ms | tok/sec: 10,533 | mfu: 0.0% | epoch: 1 | remaining: 262s    
step 00434 (12.7%) | loss: 5.142960 | lrm: 1.00 | dt: 94ms | tok/sec: 10,842 | mfu: 0.0% | epoch: 1 | remaining: 262s    
step 00435 (12.8%) | loss: 5.182567 | lrm: 1.00 | dt: 110ms | tok/sec: 9,350 | mfu: 0.0% | epoch: 1 | remaining: 262s    
step 00436 (12.8%) | loss: 5.222429 | lrm: 1.00 | dt: 89ms | tok/sec: 11,460 | mfu: 0.0% | epoch: 1 | remaining: 262s    
step 00437 (12.8%) | loss: 5.244301 | lrm: 1.00 | dt: 95ms | tok/sec: 10,749 | mfu: 0.0% | epoch: 1 | remaining: 261s    
step 00438 (12.9%) | loss: 5.246076 | lrm: 1.00 | dt: 104ms | tok/sec: 9,853 | mfu: 0.0% | epoch: 1 | remaining: 261s    
step 00439 (12.9%) | loss: 5.224589 | lrm: 1.00 | dt: 89ms | tok/sec: 11,546 | mfu: 0.0% | epoch: 1 | remaining: 261s    
step 00440 (12.9%) | loss: 5.228622 | lrm: 1.00 | dt: 93ms | tok/sec: 11,068 | mfu: 0.0% | epoch: 1 | remaining: 261s    
step 00441 (13.0%) | loss: 5.180184 | lrm: 1.00 | dt: 111ms | tok/sec: 9,211 | mfu: 0.0% | epoch: 1 | remaining: 261s    
step 00442 (13.0%) | loss: 5.161964 | lrm: 1.00 | dt: 100ms | tok/sec: 10,283 | mfu: 0.0% | epoch: 1 | remaining: 261s    
step 00443 (13.0%) | loss: 5.116668 | lrm: 1.00 | dt: 97ms | tok/sec: 10,531 | mfu: 0.0% | epoch: 1 | remaining: 261s    
step 00444 (13.1%) | loss: 5.104997 | lrm: 1.00 | dt: 105ms | tok/sec: 9,772 | mfu: 0.0% | epoch: 1 | remaining: 261s    
step 00445 (13.1%) | loss: 5.116095 | lrm: 1.00 | dt: 93ms | tok/sec: 11,035 | mfu: 0.0% | epoch: 1 | remaining: 261s    
step 00446 (13.1%) | loss: 5.141611 | lrm: 1.00 | dt: 98ms | tok/sec: 10,403 | mfu: 0.0% | epoch: 1 | remaining: 261s    
step 00447 (13.2%) | loss: 5.149157 | lrm: 1.00 | dt: 107ms | tok/sec: 9,526 | mfu: 0.0% | epoch: 1 | remaining: 260s    
step 00448 (13.2%) | loss: 5.149211 | lrm: 1.00 | dt: 107ms | tok/sec: 9,575 | mfu: 0.0% | epoch: 1 | remaining: 260s    
step 00449 (13.2%) | loss: 5.144828 | lrm: 1.00 | dt: 97ms | tok/sec: 10,558 | mfu: 0.0% | epoch: 1 | remaining: 260s    
step 00450 (13.3%) | loss: 5.136845 | lrm: 1.00 | dt: 99ms | tok/sec: 10,342 | mfu: 0.0% | epoch: 1 | remaining: 260s    
step 00451 (13.3%) | loss: 5.146579 | lrm: 1.00 | dt: 107ms | tok/sec: 9,585 | mfu: 0.0% | epoch: 1 | remaining: 260s    
step 00452 (13.3%) | loss: 5.119085 | lrm: 1.00 | dt: 97ms | tok/sec: 10,536 | mfu: 0.0% | epoch: 1 | remaining: 260s    
step 00453 (13.4%) | loss: 5.099136 | lrm: 1.00 | dt: 102ms | tok/sec: 10,056 | mfu: 0.0% | epoch: 1 | remaining: 260s    
step 00454 (13.4%) | loss: 5.070669 | lrm: 1.00 | dt: 108ms | tok/sec: 9,469 | mfu: 0.0% | epoch: 1 | remaining: 260s    
step 00455 (13.4%) | loss: 5.037625 | lrm: 1.00 | dt: 104ms | tok/sec: 9,873 | mfu: 0.0% | epoch: 1 | remaining: 260s    
step 00456 (13.5%) | loss: 5.004724 | lrm: 1.00 | dt: 103ms | tok/sec: 9,899 | mfu: 0.0% | epoch: 1 | remaining: 259s    
step 00457 (13.5%) | loss: 4.980164 | lrm: 1.00 | dt: 105ms | tok/sec: 9,796 | mfu: 0.0% | epoch: 1 | remaining: 259s    
step 00458 (13.5%) | loss: 4.968053 | lrm: 1.00 | dt: 94ms | tok/sec: 10,925 | mfu: 0.0% | epoch: 1 | remaining: 259s    
step 00459 (13.6%) | loss: 4.985586 | lrm: 1.00 | dt: 105ms | tok/sec: 9,762 | mfu: 0.0% | epoch: 1 | remaining: 259s    
step 00460 (13.6%) | loss: 5.019226 | lrm: 1.00 | dt: 98ms | tok/sec: 10,498 | mfu: 0.0% | epoch: 1 | remaining: 259s    
step 00461 (13.6%) | loss: 5.094994 | lrm: 1.00 | dt: 108ms | tok/sec: 9,518 | mfu: 0.0% | epoch: 1 | remaining: 259s    
step 00462 (13.7%) | loss: 5.128947 | lrm: 1.00 | dt: 95ms | tok/sec: 10,742 | mfu: 0.0% | epoch: 1 | remaining: 259s    
step 00463 (13.7%) | loss: 5.184627 | lrm: 1.00 | dt: 101ms | tok/sec: 10,162 | mfu: 0.0% | epoch: 1 | remaining: 259s    
step 00464 (13.7%) | loss: 5.218004 | lrm: 1.00 | dt: 107ms | tok/sec: 9,610 | mfu: 0.0% | epoch: 1 | remaining: 259s    
step 00465 (13.8%) | loss: 5.247687 | lrm: 1.00 | dt: 107ms | tok/sec: 9,539 | mfu: 0.0% | epoch: 1 | remaining: 259s    
step 00466 (13.8%) | loss: 5.219882 | lrm: 1.00 | dt: 102ms | tok/sec: 10,018 | mfu: 0.0% | epoch: 1 | remaining: 258s    
step 00467 (13.8%) | loss: 5.220229 | lrm: 1.00 | dt: 99ms | tok/sec: 10,291 | mfu: 0.0% | epoch: 1 | remaining: 258s    
step 00468 (13.9%) | loss: 5.221638 | lrm: 1.00 | dt: 98ms | tok/sec: 10,490 | mfu: 0.0% | epoch: 1 | remaining: 258s    
step 00469 (13.9%) | loss: 5.243022 | lrm: 1.00 | dt: 91ms | tok/sec: 11,271 | mfu: 0.0% | epoch: 1 | remaining: 258s    
step 00470 (13.9%) | loss: 5.219145 | lrm: 1.00 | dt: 108ms | tok/sec: 9,448 | mfu: 0.0% | epoch: 1 | remaining: 258s    
step 00471 (14.0%) | loss: 5.209228 | lrm: 1.00 | dt: 97ms | tok/sec: 10,506 | mfu: 0.0% | epoch: 1 | remaining: 258s    
step 00472 (14.0%) | loss: 5.195721 | lrm: 1.00 | dt: 104ms | tok/sec: 9,853 | mfu: 0.0% | epoch: 1 | remaining: 258s    
step 00473 (14.0%) | loss: 5.222011 | lrm: 1.00 | dt: 100ms | tok/sec: 10,274 | mfu: 0.0% | epoch: 1 | remaining: 258s    
step 00474 (14.1%) | loss: 5.212386 | lrm: 1.00 | dt: 95ms | tok/sec: 10,785 | mfu: 0.0% | epoch: 1 | remaining: 258s    
step 00475 (14.1%) | loss: 5.224388 | lrm: 1.00 | dt: 111ms | tok/sec: 9,256 | mfu: 0.0% | epoch: 1 | remaining: 258s    
step 00476 (14.1%) | loss: 5.199855 | lrm: 1.00 | dt: 101ms | tok/sec: 10,132 | mfu: 0.0% | epoch: 1 | remaining: 257s    
step 00477 (14.2%) | loss: 5.182615 | lrm: 1.00 | dt: 109ms | tok/sec: 9,383 | mfu: 0.0% | epoch: 1 | remaining: 257s    
step 00478 (14.2%) | loss: 5.147791 | lrm: 1.00 | dt: 105ms | tok/sec: 9,717 | mfu: 0.0% | epoch: 1 | remaining: 257s    
step 00479 (14.3%) | loss: 5.139309 | lrm: 1.00 | dt: 102ms | tok/sec: 10,078 | mfu: 0.0% | epoch: 1 | remaining: 257s    
step 00480 (14.3%) | loss: 5.115189 | lrm: 1.00 | dt: 100ms | tok/sec: 10,255 | mfu: 0.0% | epoch: 1 | remaining: 257s    
step 00481 (14.3%) | loss: 5.090796 | lrm: 1.00 | dt: 94ms | tok/sec: 10,837 | mfu: 0.0% | epoch: 1 | remaining: 257s    
step 00482 (14.4%) | loss: 5.035213 | lrm: 1.00 | dt: 105ms | tok/sec: 9,793 | mfu: 0.0% | epoch: 1 | remaining: 257s    
step 00483 (14.4%) | loss: 5.029112 | lrm: 1.00 | dt: 93ms | tok/sec: 10,991 | mfu: 0.0% | epoch: 1 | remaining: 257s    
step 00484 (14.4%) | loss: 4.987884 | lrm: 1.00 | dt: 99ms | tok/sec: 10,368 | mfu: 0.0% | epoch: 1 | remaining: 257s    
step 00485 (14.4%) | loss: 4.994731 | lrm: 1.00 | dt: 106ms | tok/sec: 9,655 | mfu: 0.0% | epoch: 1 | remaining: 257s    
step 00486 (14.5%) | loss: 5.035640 | lrm: 1.00 | dt: 95ms | tok/sec: 10,786 | mfu: 0.0% | epoch: 1 | remaining: 256s    
step 00487 (14.5%) | loss: 5.067337 | lrm: 1.00 | dt: 103ms | tok/sec: 9,909 | mfu: 0.0% | epoch: 1 | remaining: 256s    
step 00488 (14.6%) | loss: 5.085138 | lrm: 1.00 | dt: 89ms | tok/sec: 11,535 | mfu: 0.0% | epoch: 1 | remaining: 256s    
step 00489 (14.6%) | loss: 5.068198 | lrm: 1.00 | dt: 108ms | tok/sec: 9,452 | mfu: 0.0% | epoch: 1 | remaining: 256s    
step 00490 (14.6%) | loss: 5.061620 | lrm: 1.00 | dt: 95ms | tok/sec: 10,806 | mfu: 0.0% | epoch: 1 | remaining: 256s    
step 00491 (14.6%) | loss: 5.049072 | lrm: 1.00 | dt: 98ms | tok/sec: 10,433 | mfu: 0.0% | epoch: 1 | remaining: 256s    
step 00492 (14.7%) | loss: 5.058211 | lrm: 1.00 | dt: 104ms | tok/sec: 9,807 | mfu: 0.0% | epoch: 1 | remaining: 256s    
step 00493 (14.7%) | loss: 5.059801 | lrm: 1.00 | dt: 93ms | tok/sec: 11,037 | mfu: 0.0% | epoch: 1 | remaining: 256s    
step 00494 (14.7%) | loss: 5.073401 | lrm: 1.00 | dt: 91ms | tok/sec: 11,311 | mfu: 0.0% | epoch: 1 | remaining: 256s    
step 00495 (14.8%) | loss: 5.069142 | lrm: 1.00 | dt: 105ms | tok/sec: 9,766 | mfu: 0.0% | epoch: 1 | remaining: 256s    
step 00496 (14.8%) | loss: 5.030756 | lrm: 1.00 | dt: 90ms | tok/sec: 11,356 | mfu: 0.0% | epoch: 1 | remaining: 255s    
step 00497 (14.8%) | loss: 5.009248 | lrm: 1.00 | dt: 100ms | tok/sec: 10,247 | mfu: 0.0% | epoch: 1 | remaining: 255s    
step 00498 (14.9%) | loss: 4.946736 | lrm: 1.00 | dt: 100ms | tok/sec: 10,285 | mfu: 0.0% | epoch: 1 | remaining: 255s    
step 00499 (14.9%) | loss: 4.909384 | lrm: 1.00 | dt: 96ms | tok/sec: 10,674 | mfu: 0.0% | epoch: 1 | remaining: 255s    
step 00500 (14.9%) | loss: 4.888727 | lrm: 1.00 | dt: 95ms | tok/sec: 10,765 | mfu: 0.0% | epoch: 1 | remaining: 255s    
step 00501 (15.0%) | loss: 4.876338 | lrm: 1.00 | dt: 96ms | tok/sec: 10,716 | mfu: 0.0% | epoch: 1 | remaining: 255s    
step 00502 (15.0%) | loss: 4.858406 | lrm: 1.00 | dt: 100ms | tok/sec: 10,228 | mfu: 0.0% | epoch: 1 | remaining: 255s    
step 00503 (15.0%) | loss: 4.849487 | lrm: 1.00 | dt: 90ms | tok/sec: 11,362 | mfu: 0.0% | epoch: 1 | remaining: 255s    
step 00504 (15.1%) | loss: 4.812168 | lrm: 1.00 | dt: 95ms | tok/sec: 10,748 | mfu: 0.0% | epoch: 1 | remaining: 255s    
step 00505 (15.1%) | loss: 4.785019 | lrm: 1.00 | dt: 111ms | tok/sec: 9,259 | mfu: 0.0% | epoch: 1 | remaining: 255s    
step 00506 (15.1%) | loss: 4.775995 | lrm: 1.00 | dt: 96ms | tok/sec: 10,693 | mfu: 0.0% | epoch: 1 | remaining: 254s    
step 00507 (15.2%) | loss: 4.780269 | lrm: 1.00 | dt: 102ms | tok/sec: 10,041 | mfu: 0.0% | epoch: 1 | remaining: 254s    
step 00508 (15.2%) | loss: 4.758181 | lrm: 1.00 | dt: 87ms | tok/sec: 11,783 | mfu: 0.0% | epoch: 1 | remaining: 254s    
step 00509 (15.2%) | loss: 4.766052 | lrm: 1.00 | dt: 96ms | tok/sec: 10,699 | mfu: 0.0% | epoch: 1 | remaining: 254s    
step 00510 (15.3%) | loss: 4.739137 | lrm: 1.00 | dt: 111ms | tok/sec: 9,248 | mfu: 0.0% | epoch: 1 | remaining: 254s    
step 00511 (15.3%) | loss: 4.745122 | lrm: 1.00 | dt: 79ms | tok/sec: 12,962 | mfu: 0.0% | epoch: 1 | remaining: 254s    
step 00512 (15.3%) | loss: 4.733478 | lrm: 1.00 | dt: 95ms | tok/sec: 10,792 | mfu: 0.0% | epoch: 1 | remaining: 254s    
step 00513 (15.4%) | loss: 4.719129 | lrm: 1.00 | dt: 110ms | tok/sec: 9,344 | mfu: 0.0% | epoch: 1 | remaining: 254s    
step 00514 (15.4%) | loss: 4.720458 | lrm: 1.00 | dt: 84ms | tok/sec: 12,257 | mfu: 0.0% | epoch: 1 | remaining: 254s    
step 00515 (15.4%) | loss: 4.736422 | lrm: 1.00 | dt: 96ms | tok/sec: 10,663 | mfu: 0.0% | epoch: 1 | remaining: 254s    
step 00516 (15.5%) | loss: 4.737592 | lrm: 1.00 | dt: 100ms | tok/sec: 10,230 | mfu: 0.0% | epoch: 1 | remaining: 254s    
step 00517 (15.5%) | loss: 4.738887 | lrm: 1.00 | dt: 88ms | tok/sec: 11,580 | mfu: 0.0% | epoch: 1 | remaining: 253s    
step 00518 (15.5%) | loss: 4.767626 | lrm: 1.00 | dt: 101ms | tok/sec: 10,115 | mfu: 0.0% | epoch: 1 | remaining: 253s    
step 00519 (15.5%) | loss: 4.782764 | lrm: 1.00 | dt: 96ms | tok/sec: 10,701 | mfu: 0.0% | epoch: 1 | remaining: 253s    
step 00520 (15.6%) | loss: 4.782251 | lrm: 1.00 | dt: 89ms | tok/sec: 11,495 | mfu: 0.0% | epoch: 1 | remaining: 253s    
step 00521 (15.6%) | loss: 4.781714 | lrm: 1.00 | dt: 95ms | tok/sec: 10,738 | mfu: 0.0% | epoch: 1 | remaining: 253s    
step 00522 (15.6%) | loss: 4.767667 | lrm: 1.00 | dt: 95ms | tok/sec: 10,769 | mfu: 0.0% | epoch: 1 | remaining: 253s    
step 00523 (15.7%) | loss: 4.761439 | lrm: 1.00 | dt: 79ms | tok/sec: 12,891 | mfu: 0.0% | epoch: 1 | remaining: 253s    
step 00524 (15.7%) | loss: 4.753808 | lrm: 1.00 | dt: 96ms | tok/sec: 10,715 | mfu: 0.0% | epoch: 1 | remaining: 253s    
step 00525 (15.7%) | loss: 4.748457 | lrm: 1.00 | dt: 95ms | tok/sec: 10,745 | mfu: 0.0% | epoch: 1 | remaining: 253s    
step 00526 (15.8%) | loss: 4.726250 | lrm: 1.00 | dt: 95ms | tok/sec: 10,776 | mfu: 0.0% | epoch: 1 | remaining: 253s    
step 00527 (15.8%) | loss: 4.723523 | lrm: 1.00 | dt: 96ms | tok/sec: 10,717 | mfu: 0.0% | epoch: 1 | remaining: 253s    
step 00528 (15.8%) | loss: 4.724685 | lrm: 1.00 | dt: 107ms | tok/sec: 9,548 | mfu: 0.0% | epoch: 1 | remaining: 252s    
step 00529 (15.9%) | loss: 4.754228 | lrm: 1.00 | dt: 94ms | tok/sec: 10,858 | mfu: 0.0% | epoch: 1 | remaining: 252s    
step 00530 (15.9%) | loss: 4.773826 | lrm: 1.00 | dt: 90ms | tok/sec: 11,429 | mfu: 0.0% | epoch: 1 | remaining: 252s    
step 00531 (15.9%) | loss: 4.755037 | lrm: 1.00 | dt: 102ms | tok/sec: 10,004 | mfu: 0.0% | epoch: 1 | remaining: 252s    
step 00532 (16.0%) | loss: 4.770344 | lrm: 1.00 | dt: 104ms | tok/sec: 9,890 | mfu: 0.0% | epoch: 1 | remaining: 252s    
step 00533 (16.0%) | loss: 4.761498 | lrm: 1.00 | dt: 89ms | tok/sec: 11,552 | mfu: 0.0% | epoch: 1 | remaining: 252s    
step 00534 (16.0%) | loss: 4.766091 | lrm: 1.00 | dt: 97ms | tok/sec: 10,538 | mfu: 0.0% | epoch: 1 | remaining: 252s    
step 00535 (16.1%) | loss: 4.756933 | lrm: 1.00 | dt: 91ms | tok/sec: 11,265 | mfu: 0.0% | epoch: 1 | remaining: 252s    
step 00536 (16.1%) | loss: 4.754257 | lrm: 1.00 | dt: 94ms | tok/sec: 10,945 | mfu: 0.0% | epoch: 1 | remaining: 252s    
step 00537 (16.1%) | loss: 4.761744 | lrm: 1.00 | dt: 101ms | tok/sec: 10,115 | mfu: 0.0% | epoch: 1 | remaining: 252s    
step 00538 (16.2%) | loss: 4.757645 | lrm: 1.00 | dt: 92ms | tok/sec: 11,108 | mfu: 0.0% | epoch: 1 | remaining: 251s    
step 00539 (16.2%) | loss: 4.741058 | lrm: 1.00 | dt: 79ms | tok/sec: 12,921 | mfu: 0.0% | epoch: 1 | remaining: 251s    
step 00540 (16.2%) | loss: 4.730417 | lrm: 1.00 | dt: 106ms | tok/sec: 9,650 | mfu: 0.0% | epoch: 1 | remaining: 251s    
step 00541 (16.2%) | loss: 4.730888 | lrm: 1.00 | dt: 84ms | tok/sec: 12,221 | mfu: 0.0% | epoch: 1 | remaining: 251s    
step 00542 (16.3%) | loss: 4.723379 | lrm: 1.00 | dt: 95ms | tok/sec: 10,731 | mfu: 0.0% | epoch: 1 | remaining: 251s    
step 00543 (16.3%) | loss: 4.724331 | lrm: 1.00 | dt: 95ms | tok/sec: 10,756 | mfu: 0.0% | epoch: 1 | remaining: 251s    
step 00544 (16.3%) | loss: 4.733391 | lrm: 1.00 | dt: 95ms | tok/sec: 10,768 | mfu: 0.0% | epoch: 1 | remaining: 251s    
step 00545 (16.4%) | loss: 4.698972 | lrm: 1.00 | dt: 96ms | tok/sec: 10,669 | mfu: 0.0% | epoch: 1 | remaining: 251s    
step 00546 (16.4%) | loss: 4.689161 | lrm: 1.00 | dt: 94ms | tok/sec: 10,861 | mfu: 0.0% | epoch: 1 | remaining: 251s    
step 00547 (16.4%) | loss: 4.666028 | lrm: 1.00 | dt: 98ms | tok/sec: 10,416 | mfu: 0.0% | epoch: 1 | remaining: 251s    
step 00548 (16.5%) | loss: 4.663591 | lrm: 1.00 | dt: 91ms | tok/sec: 11,225 | mfu: 0.0% | epoch: 1 | remaining: 251s    
step 00549 (16.5%) | loss: 4.652994 | lrm: 1.00 | dt: 95ms | tok/sec: 10,754 | mfu: 0.0% | epoch: 1 | remaining: 250s    
step 00550 (16.5%) | loss: 4.623007 | lrm: 1.00 | dt: 84ms | tok/sec: 12,149 | mfu: 0.0% | epoch: 1 | remaining: 250s    
step 00551 (16.6%) | loss: 4.598568 | lrm: 1.00 | dt: 109ms | tok/sec: 9,383 | mfu: 0.0% | epoch: 1 | remaining: 250s    
step 00552 (16.6%) | loss: 4.610668 | lrm: 1.00 | dt: 93ms | tok/sec: 11,025 | mfu: 0.0% | epoch: 1 | remaining: 250s    
step 00553 (16.6%) | loss: 4.615923 | lrm: 1.00 | dt: 80ms | tok/sec: 12,780 | mfu: 0.0% | epoch: 1 | remaining: 250s    
step 00554 (16.6%) | loss: 4.625490 | lrm: 1.00 | dt: 108ms | tok/sec: 9,522 | mfu: 0.0% | epoch: 1 | remaining: 250s    
step 00555 (16.7%) | loss: 4.594431 | lrm: 1.00 | dt: 92ms | tok/sec: 11,119 | mfu: 0.0% | epoch: 1 | remaining: 250s    
step 00556 (16.7%) | loss: 4.569374 | lrm: 1.00 | dt: 93ms | tok/sec: 11,058 | mfu: 0.0% | epoch: 1 | remaining: 250s    
step 00557 (16.7%) | loss: 4.525369 | lrm: 1.00 | dt: 91ms | tok/sec: 11,216 | mfu: 0.0% | epoch: 1 | remaining: 250s    
step 00558 (16.8%) | loss: 4.517399 | lrm: 1.00 | dt: 93ms | tok/sec: 11,020 | mfu: 0.0% | epoch: 1 | remaining: 250s    
step 00559 (16.8%) | loss: 4.499103 | lrm: 1.00 | dt: 111ms | tok/sec: 9,207 | mfu: 0.0% | epoch: 1 | remaining: 249s    
step 00560 (16.8%) | loss: 4.562940 | lrm: 1.00 | dt: 92ms | tok/sec: 11,152 | mfu: 0.0% | epoch: 1 | remaining: 249s    
step 00561 (16.9%) | loss: 4.636406 | lrm: 1.00 | dt: 94ms | tok/sec: 10,859 | mfu: 0.0% | epoch: 1 | remaining: 249s    
step 00562 (16.9%) | loss: 4.711597 | lrm: 1.00 | dt: 79ms | tok/sec: 12,885 | mfu: 0.0% | epoch: 1 | remaining: 249s    
step 00563 (16.9%) | loss: 4.765996 | lrm: 1.00 | dt: 95ms | tok/sec: 10,764 | mfu: 0.0% | epoch: 1 | remaining: 249s    
step 00564 (17.0%) | loss: 4.826149 | lrm: 1.00 | dt: 105ms | tok/sec: 9,718 | mfu: 0.0% | epoch: 1 | remaining: 249s    
step 00565 (17.0%) | loss: 4.866068 | lrm: 1.00 | dt: 101ms | tok/sec: 10,142 | mfu: 0.0% | epoch: 1 | remaining: 249s    
step 00566 (17.0%) | loss: 4.905133 | lrm: 1.00 | dt: 79ms | tok/sec: 12,900 | mfu: 0.0% | epoch: 1 | remaining: 249s    
step 00567 (17.1%) | loss: 4.906685 | lrm: 1.00 | dt: 105ms | tok/sec: 9,794 | mfu: 0.0% | epoch: 1 | remaining: 249s    
step 00568 (17.1%) | loss: 4.907907 | lrm: 1.00 | dt: 84ms | tok/sec: 12,161 | mfu: 0.0% | epoch: 1 | remaining: 249s    
step 00569 (17.1%) | loss: 4.881844 | lrm: 1.00 | dt: 97ms | tok/sec: 10,580 | mfu: 0.0% | epoch: 1 | remaining: 249s    
step 00570 (17.2%) | loss: 4.869635 | lrm: 1.00 | dt: 100ms | tok/sec: 10,245 | mfu: 0.0% | epoch: 1 | remaining: 248s    
step 00571 (17.2%) | loss: 4.883904 | lrm: 1.00 | dt: 88ms | tok/sec: 11,640 | mfu: 0.0% | epoch: 1 | remaining: 248s    
step 00572 (17.2%) | loss: 4.877408 | lrm: 1.00 | dt: 96ms | tok/sec: 10,706 | mfu: 0.0% | epoch: 1 | remaining: 248s    
step 00573 (17.2%) | loss: 4.868733 | lrm: 1.00 | dt: 95ms | tok/sec: 10,790 | mfu: 0.0% | epoch: 1 | remaining: 248s    
step 00574 (17.3%) | loss: 4.870379 | lrm: 1.00 | dt: 94ms | tok/sec: 10,843 | mfu: 0.0% | epoch: 1 | remaining: 248s    
step 00575 (17.3%) | loss: 4.865914 | lrm: 1.00 | dt: 79ms | tok/sec: 12,957 | mfu: 0.0% | epoch: 1 | remaining: 248s    
step 00576 (17.3%) | loss: 4.873298 | lrm: 1.00 | dt: 96ms | tok/sec: 10,637 | mfu: 0.0% | epoch: 1 | remaining: 248s    
step 00577 (17.4%) | loss: 4.872877 | lrm: 1.00 | dt: 97ms | tok/sec: 10,508 | mfu: 0.0% | epoch: 1 | remaining: 248s    
step 00578 (17.4%) | loss: 4.845339 | lrm: 1.00 | dt: 93ms | tok/sec: 11,014 | mfu: 0.0% | epoch: 1 | remaining: 248s    
step 00579 (17.4%) | loss: 4.815167 | lrm: 1.00 | dt: 95ms | tok/sec: 10,776 | mfu: 0.0% | epoch: 1 | remaining: 248s    
step 00580 (17.5%) | loss: 4.800269 | lrm: 1.00 | dt: 96ms | tok/sec: 10,715 | mfu: 0.0% | epoch: 1 | remaining: 248s    
step 00581 (17.5%) | loss: 4.765799 | lrm: 1.00 | dt: 79ms | tok/sec: 12,962 | mfu: 0.0% | epoch: 1 | remaining: 247s    
step 00582 (17.5%) | loss: 4.760681 | lrm: 1.00 | dt: 107ms | tok/sec: 9,535 | mfu: 0.0% | epoch: 1 | remaining: 247s    
step 00583 (17.6%) | loss: 4.731302 | lrm: 1.00 | dt: 85ms | tok/sec: 11,979 | mfu: 0.0% | epoch: 1 | remaining: 247s    
step 00584 (17.6%) | loss: 4.738279 | lrm: 1.00 | dt: 92ms | tok/sec: 11,159 | mfu: 0.0% | epoch: 1 | remaining: 247s    
step 00585 (17.6%) | loss: 4.731175 | lrm: 1.00 | dt: 101ms | tok/sec: 10,108 | mfu: 0.0% | epoch: 1 | remaining: 247s    
step 00586 (17.7%) | loss: 4.764443 | lrm: 1.00 | dt: 96ms | tok/sec: 10,613 | mfu: 0.0% | epoch: 1 | remaining: 247s    
step 00587 (17.7%) | loss: 4.758193 | lrm: 1.00 | dt: 88ms | tok/sec: 11,693 | mfu: 0.0% | epoch: 1 | remaining: 247s    
step 00588 (17.7%) | loss: 4.758031 | lrm: 1.00 | dt: 95ms | tok/sec: 10,726 | mfu: 0.0% | epoch: 1 | remaining: 247s    
step 00589 (17.7%) | loss: 4.776356 | lrm: 1.00 | dt: 94ms | tok/sec: 10,874 | mfu: 0.0% | epoch: 1 | remaining: 247s    
step 00590 (17.8%) | loss: 4.782926 | lrm: 1.00 | dt: 95ms | tok/sec: 10,762 | mfu: 0.0% | epoch: 1 | remaining: 247s    
step 00591 (17.8%) | loss: 4.779332 | lrm: 1.00 | dt: 79ms | tok/sec: 12,961 | mfu: 0.0% | epoch: 1 | remaining: 246s    
step 00592 (17.8%) | loss: 4.772656 | lrm: 1.00 | dt: 94ms | tok/sec: 10,836 | mfu: 0.0% | epoch: 1 | remaining: 246s    
step 00593 (17.9%) | loss: 4.757109 | lrm: 1.00 | dt: 105ms | tok/sec: 9,755 | mfu: 0.0% | epoch: 1 | remaining: 246s    
step 00594 (17.9%) | loss: 4.746626 | lrm: 1.00 | dt: 93ms | tok/sec: 11,019 | mfu: 0.0% | epoch: 1 | remaining: 246s    
step 00595 (17.9%) | loss: 4.745540 | lrm: 1.00 | dt: 93ms | tok/sec: 11,000 | mfu: 0.0% | epoch: 1 | remaining: 246s    
step 00596 (18.0%) | loss: 4.792544 | lrm: 1.00 | dt: 99ms | tok/sec: 10,366 | mfu: 0.0% | epoch: 1 | remaining: 246s    
step 00597 (18.0%) | loss: 4.795430 | lrm: 1.00 | dt: 85ms | tok/sec: 12,033 | mfu: 0.0% | epoch: 1 | remaining: 246s    
step 00598 (18.0%) | loss: 4.804521 | lrm: 1.00 | dt: 100ms | tok/sec: 10,218 | mfu: 0.0% | epoch: 1 | remaining: 246s    
step 00599 (18.1%) | loss: 4.775494 | lrm: 1.00 | dt: 91ms | tok/sec: 11,309 | mfu: 0.0% | epoch: 1 | remaining: 246s    
step 00600 (18.1%) | loss: 4.711578 | lrm: 1.00 | dt: 94ms | tok/sec: 10,925 | mfu: 0.0% | epoch: 1 | remaining: 246s    
step 00601 (18.1%) | loss: 4.665721 | lrm: 1.00 | dt: 98ms | tok/sec: 10,452 | mfu: 0.0% | epoch: 1 | remaining: 246s    
step 00602 (18.2%) | loss: 4.632331 | lrm: 1.00 | dt: 93ms | tok/sec: 11,011 | mfu: 0.0% | epoch: 1 | remaining: 245s    
step 00603 (18.2%) | loss: 4.596822 | lrm: 1.00 | dt: 94ms | tok/sec: 10,873 | mfu: 0.0% | epoch: 1 | remaining: 245s    
step 00604 (18.2%) | loss: 4.593774 | lrm: 1.00 | dt: 94ms | tok/sec: 10,854 | mfu: 0.0% | epoch: 1 | remaining: 245s    
step 00605 (18.2%) | loss: 4.576057 | lrm: 1.00 | dt: 80ms | tok/sec: 12,856 | mfu: 0.0% | epoch: 1 | remaining: 245s    
step 00606 (18.3%) | loss: 4.563272 | lrm: 1.00 | dt: 104ms | tok/sec: 9,799 | mfu: 0.0% | epoch: 1 | remaining: 245s    
step 00607 (18.3%) | loss: 4.546892 | lrm: 1.00 | dt: 85ms | tok/sec: 12,030 | mfu: 0.0% | epoch: 1 | remaining: 245s    
step 00608 (18.3%) | loss: 4.524448 | lrm: 1.00 | dt: 96ms | tok/sec: 10,663 | mfu: 0.0% | epoch: 1 | remaining: 245s    
step 00609 (18.4%) | loss: 4.502153 | lrm: 1.00 | dt: 94ms | tok/sec: 10,898 | mfu: 0.0% | epoch: 1 | remaining: 245s    
step 00610 (18.4%) | loss: 4.474381 | lrm: 1.00 | dt: 89ms | tok/sec: 11,559 | mfu: 0.0% | epoch: 1 | remaining: 245s    
step 00611 (18.4%) | loss: 4.452805 | lrm: 1.00 | dt: 85ms | tok/sec: 12,063 | mfu: 0.0% | epoch: 1 | remaining: 245s    
step 00612 (18.5%) | loss: 4.439528 | lrm: 1.00 | dt: 95ms | tok/sec: 10,776 | mfu: 0.0% | epoch: 1 | remaining: 245s    
step 00613 (18.5%) | loss: 4.442361 | lrm: 1.00 | dt: 95ms | tok/sec: 10,744 | mfu: 0.0% | epoch: 1 | remaining: 244s    
step 00614 (18.5%) | loss: 4.434838 | lrm: 1.00 | dt: 79ms | tok/sec: 12,941 | mfu: 0.0% | epoch: 1 | remaining: 244s    
step 00615 (18.5%) | loss: 4.489961 | lrm: 1.00 | dt: 95ms | tok/sec: 10,746 | mfu: 0.0% | epoch: 1 | remaining: 244s    
step 00616 (18.6%) | loss: 4.524993 | lrm: 1.00 | dt: 95ms | tok/sec: 10,769 | mfu: 0.0% | epoch: 1 | remaining: 244s    
step 00617 (18.6%) | loss: 4.532210 | lrm: 1.00 | dt: 111ms | tok/sec: 9,190 | mfu: 0.0% | epoch: 1 | remaining: 244s    
step 00618 (18.6%) | loss: 4.543633 | lrm: 1.00 | dt: 79ms | tok/sec: 12,932 | mfu: 0.0% | epoch: 1 | remaining: 244s    
step 00619 (18.7%) | loss: 4.569519 | lrm: 1.00 | dt: 107ms | tok/sec: 9,541 | mfu: 0.0% | epoch: 1 | remaining: 244s    
step 00620 (18.7%) | loss: 4.557778 | lrm: 1.00 | dt: 83ms | tok/sec: 12,335 | mfu: 0.0% | epoch: 1 | remaining: 244s    
step 00621 (18.7%) | loss: 4.533382 | lrm: 1.00 | dt: 96ms | tok/sec: 10,705 | mfu: 0.0% | epoch: 1 | remaining: 244s    
step 00622 (18.8%) | loss: 4.499636 | lrm: 1.00 | dt: 79ms | tok/sec: 12,886 | mfu: 0.0% | epoch: 1 | remaining: 244s    
step 00623 (18.8%) | loss: 4.480764 | lrm: 1.00 | dt: 95ms | tok/sec: 10,776 | mfu: 0.0% | epoch: 1 | remaining: 244s    
step 00624 (18.8%) | loss: 4.490543 | lrm: 1.00 | dt: 95ms | tok/sec: 10,777 | mfu: 0.0% | epoch: 1 | remaining: 243s    
step 00625 (18.9%) | loss: 4.508257 | lrm: 1.00 | dt: 95ms | tok/sec: 10,744 | mfu: 0.0% | epoch: 1 | remaining: 243s    
step 00626 (18.9%) | loss: 4.543843 | lrm: 1.00 | dt: 96ms | tok/sec: 10,696 | mfu: 0.0% | epoch: 1 | remaining: 243s    
step 00627 (18.9%) | loss: 4.578263 | lrm: 1.00 | dt: 86ms | tok/sec: 11,894 | mfu: 0.0% | epoch: 1 | remaining: 243s    
step 00628 (19.0%) | loss: 4.666651 | lrm: 1.00 | dt: 96ms | tok/sec: 10,693 | mfu: 0.0% | epoch: 1 | remaining: 243s    
step 00629 (19.0%) | loss: 4.692795 | lrm: 1.00 | dt: 89ms | tok/sec: 11,504 | mfu: 0.0% | epoch: 1 | remaining: 243s    
step 00630 (19.0%) | loss: 4.748519 | lrm: 1.00 | dt: 86ms | tok/sec: 11,973 | mfu: 0.0% | epoch: 1 | remaining: 243s    
step 00631 (19.0%) | loss: 4.763449 | lrm: 1.00 | dt: 95ms | tok/sec: 10,750 | mfu: 0.0% | epoch: 1 | remaining: 243s    
step 00632 (19.1%) | loss: 4.789847 | lrm: 1.00 | dt: 95ms | tok/sec: 10,737 | mfu: 0.0% | epoch: 1 | remaining: 243s    
step 00633 (19.1%) | loss: 4.777477 | lrm: 1.00 | dt: 95ms | tok/sec: 10,756 | mfu: 0.0% | epoch: 1 | remaining: 243s    
step 00634 (19.1%) | loss: 4.772139 | lrm: 1.00 | dt: 79ms | tok/sec: 12,964 | mfu: 0.0% | epoch: 1 | remaining: 243s    
step 00635 (19.2%) | loss: 4.791120 | lrm: 1.00 | dt: 111ms | tok/sec: 9,218 | mfu: 0.0% | epoch: 1 | remaining: 242s    
step 00636 (19.2%) | loss: 4.801158 | lrm: 1.00 | dt: 79ms | tok/sec: 12,927 | mfu: 0.0% | epoch: 1 | remaining: 242s    
step 00637 (19.2%) | loss: 4.813773 | lrm: 1.00 | dt: 95ms | tok/sec: 10,776 | mfu: 0.0% | epoch: 1 | remaining: 242s    
step 00638 (19.3%) | loss: 4.842585 | lrm: 1.00 | dt: 95ms | tok/sec: 10,785 | mfu: 0.0% | epoch: 1 | remaining: 242s    
step 00639 (19.3%) | loss: 4.838368 | lrm: 1.00 | dt: 96ms | tok/sec: 10,715 | mfu: 0.0% | epoch: 1 | remaining: 242s    
step 00640 (19.3%) | loss: 4.844628 | lrm: 1.00 | dt: 79ms | tok/sec: 12,939 | mfu: 0.0% | epoch: 1 | remaining: 242s    
step 00641 (19.3%) | loss: 4.829871 | lrm: 1.00 | dt: 95ms | tok/sec: 10,725 | mfu: 0.0% | epoch: 1 | remaining: 242s    
step 00642 (19.4%) | loss: 4.839803 | lrm: 1.00 | dt: 96ms | tok/sec: 10,716 | mfu: 0.0% | epoch: 1 | remaining: 242s    
step 00643 (19.4%) | loss: 4.849049 | lrm: 1.00 | dt: 95ms | tok/sec: 10,780 | mfu: 0.0% | epoch: 1 | remaining: 242s    
step 00644 (19.4%) | loss: 4.884229 | lrm: 1.00 | dt: 79ms | tok/sec: 12,928 | mfu: 0.0% | epoch: 1 | remaining: 242s    
step 00645 (19.5%) | loss: 4.887852 | lrm: 1.00 | dt: 94ms | tok/sec: 10,841 | mfu: 0.0% | epoch: 1 | remaining: 241s    
step 00646 (19.5%) | loss: 4.906542 | lrm: 1.00 | dt: 96ms | tok/sec: 10,714 | mfu: 0.0% | epoch: 1 | remaining: 241s    
step 00647 (19.5%) | loss: 4.904198 | lrm: 1.00 | dt: 98ms | tok/sec: 10,429 | mfu: 0.0% | epoch: 1 | remaining: 241s    
step 00648 (19.6%) | loss: 4.894314 | lrm: 1.00 | dt: 76ms | tok/sec: 13,557 | mfu: 0.0% | epoch: 1 | remaining: 241s    
step 00649 (19.6%) | loss: 4.881045 | lrm: 1.00 | dt: 97ms | tok/sec: 10,528 | mfu: 0.0% | epoch: 1 | remaining: 241s    
step 00650 (19.6%) | loss: 4.860766 | lrm: 1.00 | dt: 100ms | tok/sec: 10,210 | mfu: 0.0% | epoch: 1 | remaining: 241s    
step 00651 (19.7%) | loss: 4.824002 | lrm: 1.00 | dt: 89ms | tok/sec: 11,501 | mfu: 0.0% | epoch: 1 | remaining: 241s    
step 00652 (19.7%) | loss: 4.785065 | lrm: 1.00 | dt: 95ms | tok/sec: 10,745 | mfu: 0.0% | epoch: 1 | remaining: 241s    
step 00653 (19.7%) | loss: 4.767579 | lrm: 1.00 | dt: 80ms | tok/sec: 12,871 | mfu: 0.0% | epoch: 1 | remaining: 241s    
step 00654 (19.7%) | loss: 4.768612 | lrm: 1.00 | dt: 95ms | tok/sec: 10,757 | mfu: 0.0% | epoch: 1 | remaining: 241s    
step 00655 (19.8%) | loss: 4.771391 | lrm: 1.00 | dt: 95ms | tok/sec: 10,763 | mfu: 0.0% | epoch: 1 | remaining: 241s    
step 00656 (19.8%) | loss: 4.782962 | lrm: 1.00 | dt: 79ms | tok/sec: 12,964 | mfu: 0.0% | epoch: 1 | remaining: 240s    
step 00657 (19.8%) | loss: 4.777015 | lrm: 1.00 | dt: 95ms | tok/sec: 10,737 | mfu: 0.0% | epoch: 1 | remaining: 240s    
step 00658 (19.9%) | loss: 4.764712 | lrm: 1.00 | dt: 95ms | tok/sec: 10,778 | mfu: 0.0% | epoch: 1 | remaining: 240s    
step 00659 (19.9%) | loss: 4.754820 | lrm: 1.00 | dt: 98ms | tok/sec: 10,482 | mfu: 0.0% | epoch: 1 | remaining: 240s    
step 00660 (19.9%) | loss: 4.752327 | lrm: 1.00 | dt: 92ms | tok/sec: 11,077 | mfu: 0.0% | epoch: 1 | remaining: 240s    
step 00661 (20.0%) | loss: 4.750803 | lrm: 1.00 | dt: 87ms | tok/sec: 11,714 | mfu: 0.0% | epoch: 1 | remaining: 240s    
step 00662 (20.0%) | loss: 4.755263 | lrm: 1.00 | dt: 86ms | tok/sec: 11,880 | mfu: 0.0% | epoch: 1 | remaining: 240s    
step 00663 (20.0%) | loss: 4.752895 | lrm: 1.00 | dt: 95ms | tok/sec: 10,763 | mfu: 0.0% | epoch: 1 | remaining: 240s    
step 00664 (20.1%) | loss: 4.795446 | lrm: 1.00 | dt: 79ms | tok/sec: 12,895 | mfu: 0.0% | epoch: 1 | remaining: 240s    
step 00665 (20.1%) | loss: 4.814538 | lrm: 1.00 | dt: 109ms | tok/sec: 9,374 | mfu: 0.0% | epoch: 1 | remaining: 240s    
step 00666 (20.1%) | loss: 4.803236 | lrm: 1.00 | dt: 81ms | tok/sec: 12,703 | mfu: 0.0% | epoch: 1 | remaining: 240s    
step 00667 (20.1%) | loss: 4.779584 | lrm: 1.00 | dt: 95ms | tok/sec: 10,727 | mfu: 0.0% | epoch: 1 | remaining: 239s    
step 00668 (20.2%) | loss: 4.796443 | lrm: 1.00 | dt: 99ms | tok/sec: 10,386 | mfu: 0.0% | epoch: 1 | remaining: 239s    
step 00669 (20.2%) | loss: 4.775753 | lrm: 1.00 | dt: 91ms | tok/sec: 11,258 | mfu: 0.0% | epoch: 1 | remaining: 239s    
step 00670 (20.2%) | loss: 4.762634 | lrm: 1.00 | dt: 85ms | tok/sec: 11,988 | mfu: 0.0% | epoch: 1 | remaining: 239s    
step 00671 (20.3%) | loss: 4.740785 | lrm: 1.00 | dt: 89ms | tok/sec: 11,463 | mfu: 0.0% | epoch: 1 | remaining: 239s    
step 00672 (20.3%) | loss: 4.723750 | lrm: 1.00 | dt: 95ms | tok/sec: 10,795 | mfu: 0.0% | epoch: 1 | remaining: 239s    
step 00673 (20.3%) | loss: 4.703165 | lrm: 1.00 | dt: 79ms | tok/sec: 12,909 | mfu: 0.0% | epoch: 1 | remaining: 239s    
step 00674 (20.4%) | loss: 4.684899 | lrm: 1.00 | dt: 95ms | tok/sec: 10,738 | mfu: 0.0% | epoch: 1 | remaining: 239s    
step 00675 (20.4%) | loss: 4.671014 | lrm: 1.00 | dt: 95ms | tok/sec: 10,759 | mfu: 0.0% | epoch: 1 | remaining: 239s    
step 00676 (20.4%) | loss: 4.673098 | lrm: 1.00 | dt: 95ms | tok/sec: 10,816 | mfu: 0.0% | epoch: 1 | remaining: 239s    
step 00677 (20.4%) | loss: 4.670005 | lrm: 1.00 | dt: 79ms | tok/sec: 12,903 | mfu: 0.0% | epoch: 1 | remaining: 239s    
step 00678 (20.5%) | loss: 4.679279 | lrm: 1.00 | dt: 95ms | tok/sec: 10,798 | mfu: 0.0% | epoch: 1 | remaining: 238s    
step 00679 (20.5%) | loss: 4.674679 | lrm: 1.00 | dt: 95ms | tok/sec: 10,776 | mfu: 0.0% | epoch: 1 | remaining: 238s    
step 00680 (20.5%) | loss: 4.702566 | lrm: 1.00 | dt: 94ms | tok/sec: 10,864 | mfu: 0.0% | epoch: 1 | remaining: 238s    
step 00681 (20.6%) | loss: 4.700354 | lrm: 1.00 | dt: 90ms | tok/sec: 11,408 | mfu: 0.0% | epoch: 1 | remaining: 238s    
step 00682 (20.6%) | loss: 4.662907 | lrm: 1.00 | dt: 84ms | tok/sec: 12,139 | mfu: 0.0% | epoch: 1 | remaining: 238s    
step 00683 (20.6%) | loss: 4.639242 | lrm: 1.00 | dt: 95ms | tok/sec: 10,737 | mfu: 0.0% | epoch: 1 | remaining: 238s    
step 00684 (20.7%) | loss: 4.628233 | lrm: 1.00 | dt: 95ms | tok/sec: 10,777 | mfu: 0.0% | epoch: 1 | remaining: 238s    
step 00685 (20.7%) | loss: 4.614983 | lrm: 1.00 | dt: 95ms | tok/sec: 10,802 | mfu: 0.0% | epoch: 1 | remaining: 238s    
step 00686 (20.7%) | loss: 4.602650 | lrm: 1.00 | dt: 79ms | tok/sec: 12,987 | mfu: 0.0% | epoch: 1 | remaining: 238s    
step 00687 (20.7%) | loss: 4.615920 | lrm: 1.00 | dt: 96ms | tok/sec: 10,699 | mfu: 0.0% | epoch: 1 | remaining: 238s    
step 00688 (20.8%) | loss: 4.588079 | lrm: 1.00 | dt: 95ms | tok/sec: 10,752 | mfu: 0.0% | epoch: 1 | remaining: 238s    
step 00689 (20.8%) | loss: 4.609682 | lrm: 1.00 | dt: 95ms | tok/sec: 10,793 | mfu: 0.0% | epoch: 1 | remaining: 237s    
step 00690 (20.8%) | loss: 4.577078 | lrm: 1.00 | dt: 95ms | tok/sec: 10,761 | mfu: 0.0% | epoch: 1 | remaining: 237s    
step 00691 (20.9%) | loss: 4.584481 | lrm: 1.00 | dt: 105ms | tok/sec: 9,769 | mfu: 0.0% | epoch: 1 | remaining: 237s    
step 00692 (20.9%) | loss: 4.544844 | lrm: 1.00 | dt: 95ms | tok/sec: 10,830 | mfu: 0.0% | epoch: 1 | remaining: 237s    
step 00693 (20.9%) | loss: 4.528606 | lrm: 1.00 | dt: 92ms | tok/sec: 11,073 | mfu: 0.0% | epoch: 1 | remaining: 237s    
step 00694 (21.0%) | loss: 4.523001 | lrm: 1.00 | dt: 96ms | tok/sec: 10,702 | mfu: 0.0% | epoch: 1 | remaining: 237s    
step 00695 (21.0%) | loss: 4.515479 | lrm: 1.00 | dt: 95ms | tok/sec: 10,749 | mfu: 0.0% | epoch: 1 | remaining: 237s    
step 00696 (21.0%) | loss: 4.498843 | lrm: 1.00 | dt: 95ms | tok/sec: 10,810 | mfu: 0.0% | epoch: 1 | remaining: 237s    
step 00697 (21.1%) | loss: 4.486906 | lrm: 1.00 | dt: 86ms | tok/sec: 11,906 | mfu: 0.0% | epoch: 1 | remaining: 237s    
step 00698 (21.1%) | loss: 4.465079 | lrm: 1.00 | dt: 105ms | tok/sec: 9,790 | mfu: 0.0% | epoch: 1 | remaining: 237s    
step 00699 (21.1%) | loss: 4.470493 | lrm: 1.00 | dt: 95ms | tok/sec: 10,738 | mfu: 0.0% | epoch: 1 | remaining: 237s    
step 00700 (21.2%) | loss: 4.469007 | lrm: 1.00 | dt: 95ms | tok/sec: 10,814 | mfu: 0.0% | epoch: 1 | remaining: 236s    
step 00701 (21.2%) | loss: 4.470284 | lrm: 1.00 | dt: 95ms | tok/sec: 10,739 | mfu: 0.0% | epoch: 1 | remaining: 236s    
step 00702 (21.2%) | loss: 4.465494 | lrm: 1.00 | dt: 95ms | tok/sec: 10,777 | mfu: 0.0% | epoch: 1 | remaining: 236s    
step 00703 (21.3%) | loss: 4.453234 | lrm: 1.00 | dt: 106ms | tok/sec: 9,690 | mfu: 0.0% | epoch: 1 | remaining: 236s    
step 00704 (21.3%) | loss: 4.431486 | lrm: 1.00 | dt: 85ms | tok/sec: 11,994 | mfu: 0.0% | epoch: 1 | remaining: 236s    
step 00705 (21.3%) | loss: 4.421574 | lrm: 1.00 | dt: 96ms | tok/sec: 10,721 | mfu: 0.0% | epoch: 1 | remaining: 236s    
step 00706 (21.4%) | loss: 4.409934 | lrm: 1.00 | dt: 95ms | tok/sec: 10,794 | mfu: 0.0% | epoch: 1 | remaining: 236s    
step 00707 (21.4%) | loss: 4.401050 | lrm: 1.00 | dt: 95ms | tok/sec: 10,820 | mfu: 0.0% | epoch: 1 | remaining: 236s    
step 00708 (21.4%) | loss: 4.383893 | lrm: 1.00 | dt: 95ms | tok/sec: 10,730 | mfu: 0.0% | epoch: 1 | remaining: 236s    
step 00709 (21.4%) | loss: 4.389421 | lrm: 1.00 | dt: 95ms | tok/sec: 10,756 | mfu: 0.0% | epoch: 1 | remaining: 236s    
step 00710 (21.5%) | loss: 4.365877 | lrm: 1.00 | dt: 96ms | tok/sec: 10,710 | mfu: 0.0% | epoch: 1 | remaining: 235s    
step 00711 (21.5%) | loss: 4.361050 | lrm: 1.00 | dt: 80ms | tok/sec: 12,810 | mfu: 0.0% | epoch: 1 | remaining: 235s    
step 00712 (21.5%) | loss: 4.366975 | lrm: 1.00 | dt: 111ms | tok/sec: 9,263 | mfu: 0.0% | epoch: 1 | remaining: 235s    
step 00713 (21.6%) | loss: 4.368458 | lrm: 1.00 | dt: 95ms | tok/sec: 10,729 | mfu: 0.0% | epoch: 1 | remaining: 235s    
step 00714 (21.6%) | loss: 4.358946 | lrm: 1.00 | dt: 95ms | tok/sec: 10,767 | mfu: 0.0% | epoch: 1 | remaining: 235s    
step 00715 (21.6%) | loss: 4.369609 | lrm: 1.00 | dt: 111ms | tok/sec: 9,233 | mfu: 0.0% | epoch: 1 | remaining: 235s    
step 00716 (21.7%) | loss: 4.390071 | lrm: 1.00 | dt: 95ms | tok/sec: 10,725 | mfu: 0.0% | epoch: 1 | remaining: 235s    
step 00717 (21.7%) | loss: 4.410743 | lrm: 1.00 | dt: 95ms | tok/sec: 10,746 | mfu: 0.0% | epoch: 1 | remaining: 235s    
step 00718 (21.7%) | loss: 4.408866 | lrm: 1.00 | dt: 82ms | tok/sec: 12,415 | mfu: 0.0% | epoch: 1 | remaining: 235s    
step 00719 (21.8%) | loss: 4.375748 | lrm: 1.00 | dt: 92ms | tok/sec: 11,111 | mfu: 0.0% | epoch: 1 | remaining: 235s    
step 00720 (21.8%) | loss: 4.401529 | lrm: 1.00 | dt: 95ms | tok/sec: 10,782 | mfu: 0.0% | epoch: 1 | remaining: 235s    
step 00721 (21.8%) | loss: 4.399553 | lrm: 1.00 | dt: 95ms | tok/sec: 10,768 | mfu: 0.0% | epoch: 1 | remaining: 234s    
step 00722 (21.9%) | loss: 4.382663 | lrm: 1.00 | dt: 101ms | tok/sec: 10,114 | mfu: 0.0% | epoch: 1 | remaining: 234s    
step 00723 (21.9%) | loss: 4.428870 | lrm: 1.00 | dt: 93ms | tok/sec: 11,027 | mfu: 0.0% | epoch: 1 | remaining: 234s    
step 00724 (21.9%) | loss: 4.463214 | lrm: 1.00 | dt: 91ms | tok/sec: 11,300 | mfu: 0.0% | epoch: 1 | remaining: 234s    
step 00725 (22.0%) | loss: 4.469975 | lrm: 1.00 | dt: 95ms | tok/sec: 10,823 | mfu: 0.0% | epoch: 1 | remaining: 234s    
step 00726 (22.0%) | loss: 4.502746 | lrm: 1.00 | dt: 95ms | tok/sec: 10,750 | mfu: 0.0% | epoch: 1 | remaining: 234s    
step 00727 (22.0%) | loss: 4.557188 | lrm: 1.00 | dt: 80ms | tok/sec: 12,836 | mfu: 0.0% | epoch: 1 | remaining: 234s    
step 00728 (22.0%) | loss: 4.588548 | lrm: 1.00 | dt: 95ms | tok/sec: 10,753 | mfu: 0.0% | epoch: 1 | remaining: 234s    
step 00729 (22.1%) | loss: 4.575844 | lrm: 1.00 | dt: 96ms | tok/sec: 10,717 | mfu: 0.0% | epoch: 1 | remaining: 234s    
step 00730 (22.1%) | loss: 4.563578 | lrm: 1.00 | dt: 102ms | tok/sec: 10,072 | mfu: 0.0% | epoch: 1 | remaining: 234s    
step 00731 (22.1%) | loss: 4.545516 | lrm: 1.00 | dt: 105ms | tok/sec: 9,784 | mfu: 0.0% | epoch: 1 | remaining: 233s    
step 00732 (22.2%) | loss: 4.534540 | lrm: 1.00 | dt: 80ms | tok/sec: 12,771 | mfu: 0.0% | epoch: 1 | remaining: 233s    
step 00733 (22.2%) | loss: 4.531273 | lrm: 1.00 | dt: 95ms | tok/sec: 10,724 | mfu: 0.0% | epoch: 1 | remaining: 233s    
step 00734 (22.2%) | loss: 4.534537 | lrm: 1.00 | dt: 95ms | tok/sec: 10,764 | mfu: 0.0% | epoch: 1 | remaining: 233s    
step 00735 (22.3%) | loss: 4.526963 | lrm: 1.00 | dt: 112ms | tok/sec: 9,151 | mfu: 0.0% | epoch: 1 | remaining: 233s    
step 00736 (22.3%) | loss: 4.539555 | lrm: 1.00 | dt: 80ms | tok/sec: 12,832 | mfu: 0.0% | epoch: 1 | remaining: 233s    
step 00737 (22.3%) | loss: 4.507844 | lrm: 1.00 | dt: 95ms | tok/sec: 10,744 | mfu: 0.0% | epoch: 1 | remaining: 233s    
step 00738 (22.4%) | loss: 4.509879 | lrm: 1.00 | dt: 95ms | tok/sec: 10,832 | mfu: 0.0% | epoch: 1 | remaining: 233s    
step 00739 (22.4%) | loss: 4.536333 | lrm: 1.00 | dt: 96ms | tok/sec: 10,701 | mfu: 0.0% | epoch: 1 | remaining: 233s    
step 00740 (22.4%) | loss: 4.559251 | lrm: 1.00 | dt: 96ms | tok/sec: 10,709 | mfu: 0.0% | epoch: 1 | remaining: 233s    
step 00741 (22.5%) | loss: 4.575036 | lrm: 1.00 | dt: 100ms | tok/sec: 10,225 | mfu: 0.0% | epoch: 1 | remaining: 233s    
step 00742 (22.5%) | loss: 4.605913 | lrm: 1.00 | dt: 90ms | tok/sec: 11,430 | mfu: 0.0% | epoch: 1 | remaining: 232s    
step 00743 (22.5%) | loss: 4.593310 | lrm: 1.00 | dt: 95ms | tok/sec: 10,815 | mfu: 0.0% | epoch: 1 | remaining: 232s    
step 00744 (22.6%) | loss: 4.624389 | lrm: 1.00 | dt: 95ms | tok/sec: 10,763 | mfu: 0.0% | epoch: 1 | remaining: 232s    
step 00745 (22.6%) | loss: 4.611192 | lrm: 1.00 | dt: 96ms | tok/sec: 10,700 | mfu: 0.0% | epoch: 1 | remaining: 232s    
step 00746 (22.6%) | loss: 4.617784 | lrm: 1.00 | dt: 79ms | tok/sec: 12,971 | mfu: 0.0% | epoch: 1 | remaining: 232s    
step 00747 (22.6%) | loss: 4.609549 | lrm: 1.00 | dt: 95ms | tok/sec: 10,767 | mfu: 0.0% | epoch: 1 | remaining: 232s    
step 00748 (22.7%) | loss: 4.612682 | lrm: 1.00 | dt: 95ms | tok/sec: 10,751 | mfu: 0.0% | epoch: 1 | remaining: 232s    
step 00749 (22.7%) | loss: 4.592261 | lrm: 1.00 | dt: 101ms | tok/sec: 10,089 | mfu: 0.0% | epoch: 1 | remaining: 232s    
step 00750 (22.7%) | loss: 4.580002 | lrm: 1.00 | dt: 89ms | tok/sec: 11,442 | mfu: 0.0% | epoch: 1 | remaining: 232s    
step 00751 (22.8%) | loss: 4.571142 | lrm: 1.00 | dt: 96ms | tok/sec: 10,720 | mfu: 0.0% | epoch: 1 | remaining: 232s    
step 00752 (22.8%) | loss: 4.565440 | lrm: 1.00 | dt: 95ms | tok/sec: 10,754 | mfu: 0.0% | epoch: 1 | remaining: 231s    
step 00753 (22.8%) | loss: 4.551800 | lrm: 1.00 | dt: 96ms | tok/sec: 10,665 | mfu: 0.0% | epoch: 1 | remaining: 231s    
step 00754 (22.9%) | loss: 4.531709 | lrm: 1.00 | dt: 96ms | tok/sec: 10,715 | mfu: 0.0% | epoch: 1 | remaining: 231s    
step 00755 (22.9%) | loss: 4.530353 | lrm: 1.00 | dt: 95ms | tok/sec: 10,812 | mfu: 0.0% | epoch: 1 | remaining: 231s    
step 00756 (22.9%) | loss: 4.539189 | lrm: 1.00 | dt: 95ms | tok/sec: 10,830 | mfu: 0.0% | epoch: 1 | remaining: 231s    
step 00757 (23.0%) | loss: 4.541177 | lrm: 1.00 | dt: 96ms | tok/sec: 10,672 | mfu: 0.0% | epoch: 1 | remaining: 231s    
step 00758 (23.0%) | loss: 4.535407 | lrm: 1.00 | dt: 95ms | tok/sec: 10,739 | mfu: 0.0% | epoch: 1 | remaining: 231s    
step 00759 (23.0%) | loss: 4.525345 | lrm: 1.00 | dt: 82ms | tok/sec: 12,550 | mfu: 0.0% | epoch: 1 | remaining: 231s    
step 00760 (23.1%) | loss: 4.563266 | lrm: 1.00 | dt: 100ms | tok/sec: 10,234 | mfu: 0.0% | epoch: 1 | remaining: 231s    
step 00761 (23.1%) | loss: 4.565025 | lrm: 1.00 | dt: 95ms | tok/sec: 10,768 | mfu: 0.0% | epoch: 1 | remaining: 231s    
step 00762 (23.1%) | loss: 4.605741 | lrm: 1.00 | dt: 95ms | tok/sec: 10,734 | mfu: 0.0% | epoch: 1 | remaining: 231s    
step 00763 (23.1%) | loss: 4.606086 | lrm: 1.00 | dt: 95ms | tok/sec: 10,813 | mfu: 0.0% | epoch: 1 | remaining: 230s    
step 00764 (23.2%) | loss: 4.615486 | lrm: 1.00 | dt: 95ms | tok/sec: 10,791 | mfu: 0.0% | epoch: 1 | remaining: 230s    
step 00765 (23.2%) | loss: 4.637714 | lrm: 1.00 | dt: 80ms | tok/sec: 12,824 | mfu: 0.0% | epoch: 1 | remaining: 230s    
step 00766 (23.2%) | loss: 4.660518 | lrm: 1.00 | dt: 96ms | tok/sec: 10,716 | mfu: 0.0% | epoch: 1 | remaining: 230s    
step 00767 (23.3%) | loss: 4.680484 | lrm: 1.00 | dt: 111ms | tok/sec: 9,198 | mfu: 0.0% | epoch: 1 | remaining: 230s    
step 00768 (23.3%) | loss: 4.699811 | lrm: 1.00 | dt: 95ms | tok/sec: 10,826 | mfu: 0.0% | epoch: 1 | remaining: 230s    
step 00769 (23.3%) | loss: 4.660616 | lrm: 1.00 | dt: 80ms | tok/sec: 12,779 | mfu: 0.0% | epoch: 1 | remaining: 230s    
step 00770 (23.4%) | loss: 4.636422 | lrm: 1.00 | dt: 111ms | tok/sec: 9,250 | mfu: 0.0% | epoch: 1 | remaining: 230s    
step 00771 (23.4%) | loss: 4.583142 | lrm: 1.00 | dt: 95ms | tok/sec: 10,751 | mfu: 0.0% | epoch: 1 | remaining: 230s    
step 00772 (23.4%) | loss: 4.564604 | lrm: 1.00 | dt: 85ms | tok/sec: 12,011 | mfu: 0.0% | epoch: 1 | remaining: 230s    
step 00773 (23.5%) | loss: 4.541663 | lrm: 1.00 | dt: 80ms | tok/sec: 12,831 | mfu: 0.0% | epoch: 1 | remaining: 230s    
step 00774 (23.5%) | loss: 4.555696 | lrm: 1.00 | dt: 100ms | tok/sec: 10,213 | mfu: 0.0% | epoch: 1 | remaining: 229s    
step 00775 (23.5%) | loss: 4.529725 | lrm: 1.00 | dt: 100ms | tok/sec: 10,227 | mfu: 0.0% | epoch: 1 | remaining: 229s    
step 00776 (23.6%) | loss: 4.514139 | lrm: 1.00 | dt: 102ms | tok/sec: 10,029 | mfu: 0.0% | epoch: 1 | remaining: 229s    
step 00777 (23.6%) | loss: 4.502076 | lrm: 1.00 | dt: 93ms | tok/sec: 10,972 | mfu: 0.0% | epoch: 1 | remaining: 229s    
step 00778 (23.6%) | loss: 4.506421 | lrm: 1.00 | dt: 95ms | tok/sec: 10,791 | mfu: 0.0% | epoch: 1 | remaining: 229s    
step 00779 (23.7%) | loss: 4.569407 | lrm: 1.00 | dt: 96ms | tok/sec: 10,679 | mfu: 0.0% | epoch: 1 | remaining: 229s    
step 00780 (23.7%) | loss: 4.607010 | lrm: 1.00 | dt: 96ms | tok/sec: 10,662 | mfu: 0.0% | epoch: 1 | remaining: 229s    
step 00781 (23.7%) | loss: 4.615489 | lrm: 1.00 | dt: 95ms | tok/sec: 10,781 | mfu: 0.0% | epoch: 1 | remaining: 229s    
step 00782 (23.7%) | loss: 4.620782 | lrm: 1.00 | dt: 95ms | tok/sec: 10,736 | mfu: 0.0% | epoch: 1 | remaining: 229s    
step 00783 (23.8%) | loss: 4.615816 | lrm: 1.00 | dt: 112ms | tok/sec: 9,171 | mfu: 0.0% | epoch: 1 | remaining: 229s    
step 00784 (23.8%) | loss: 4.622403 | lrm: 1.00 | dt: 92ms | tok/sec: 11,091 | mfu: 0.0% | epoch: 1 | remaining: 228s    
step 00785 (23.8%) | loss: 4.629287 | lrm: 1.00 | dt: 99ms | tok/sec: 10,379 | mfu: 0.0% | epoch: 1 | remaining: 228s    
step 00786 (23.9%) | loss: 4.642498 | lrm: 1.00 | dt: 95ms | tok/sec: 10,791 | mfu: 0.0% | epoch: 1 | remaining: 228s    
step 00787 (23.9%) | loss: 4.668830 | lrm: 1.00 | dt: 94ms | tok/sec: 10,842 | mfu: 0.0% | epoch: 1 | remaining: 228s    
step 00788 (23.9%) | loss: 4.678972 | lrm: 1.00 | dt: 95ms | tok/sec: 10,747 | mfu: 0.0% | epoch: 1 | remaining: 228s    
step 00789 (24.0%) | loss: 4.673156 | lrm: 1.00 | dt: 96ms | tok/sec: 10,687 | mfu: 0.0% | epoch: 1 | remaining: 228s    
step 00790 (24.0%) | loss: 4.653853 | lrm: 1.00 | dt: 96ms | tok/sec: 10,707 | mfu: 0.0% | epoch: 1 | remaining: 228s    
step 00791 (24.0%) | loss: 4.666782 | lrm: 1.00 | dt: 100ms | tok/sec: 10,257 | mfu: 0.0% | epoch: 1 | remaining: 228s    
step 00792 (24.1%) | loss: 4.677722 | lrm: 1.00 | dt: 91ms | tok/sec: 11,296 | mfu: 0.0% | epoch: 1 | remaining: 228s    
step 00793 (24.1%) | loss: 4.699574 | lrm: 1.00 | dt: 101ms | tok/sec: 10,134 | mfu: 0.0% | epoch: 1 | remaining: 228s    
step 00794 (24.1%) | loss: 4.707083 | lrm: 1.00 | dt: 90ms | tok/sec: 11,411 | mfu: 0.0% | epoch: 1 | remaining: 227s    
step 00795 (24.2%) | loss: 4.724899 | lrm: 1.00 | dt: 95ms | tok/sec: 10,807 | mfu: 0.0% | epoch: 1 | remaining: 227s    
step 00796 (24.2%) | loss: 4.735915 | lrm: 1.00 | dt: 95ms | tok/sec: 10,728 | mfu: 0.0% | epoch: 1 | remaining: 227s    
step 00797 (24.2%) | loss: 4.737517 | lrm: 1.00 | dt: 94ms | tok/sec: 10,862 | mfu: 0.0% | epoch: 1 | remaining: 227s    
step 00798 (24.3%) | loss: 4.727260 | lrm: 1.00 | dt: 106ms | tok/sec: 9,676 | mfu: 0.0% | epoch: 1 | remaining: 227s    
step 00799 (24.3%) | loss: 4.711462 | lrm: 1.00 | dt: 86ms | tok/sec: 11,897 | mfu: 0.0% | epoch: 1 | remaining: 227s    
step 00800 (24.3%) | loss: 4.705677 | lrm: 1.00 | dt: 101ms | tok/sec: 10,115 | mfu: 0.0% | epoch: 1 | remaining: 227s    
step 00801 (24.4%) | loss: 4.694027 | lrm: 1.00 | dt: 96ms | tok/sec: 10,709 | mfu: 0.0% | epoch: 1 | remaining: 227s    
step 00802 (24.4%) | loss: 4.713745 | lrm: 1.00 | dt: 96ms | tok/sec: 10,676 | mfu: 0.0% | epoch: 1 | remaining: 227s    
step 00803 (24.4%) | loss: 4.719345 | lrm: 1.00 | dt: 96ms | tok/sec: 10,691 | mfu: 0.0% | epoch: 1 | remaining: 227s    
step 00804 (24.5%) | loss: 4.720263 | lrm: 1.00 | dt: 88ms | tok/sec: 11,657 | mfu: 0.0% | epoch: 1 | remaining: 227s    
step 00805 (24.5%) | loss: 4.701572 | lrm: 1.00 | dt: 99ms | tok/sec: 10,337 | mfu: 0.0% | epoch: 1 | remaining: 226s    
step 00806 (24.5%) | loss: 4.699945 | lrm: 1.00 | dt: 91ms | tok/sec: 11,204 | mfu: 0.0% | epoch: 1 | remaining: 226s    
step 00807 (24.5%) | loss: 4.702923 | lrm: 1.00 | dt: 119ms | tok/sec: 8,599 | mfu: 0.0% | epoch: 1 | remaining: 226s    
step 00808 (24.6%) | loss: 4.705210 | lrm: 1.00 | dt: 95ms | tok/sec: 10,804 | mfu: 0.0% | epoch: 1 | remaining: 226s    
step 00809 (24.6%) | loss: 4.720368 | lrm: 1.00 | dt: 96ms | tok/sec: 10,693 | mfu: 0.0% | epoch: 1 | remaining: 226s    
step 00810 (24.7%) | loss: 4.726632 | lrm: 1.00 | dt: 77ms | tok/sec: 13,225 | mfu: 0.0% | epoch: 1 | remaining: 226s    
step 00811 (24.7%) | loss: 4.745535 | lrm: 1.00 | dt: 96ms | tok/sec: 10,676 | mfu: 0.0% | epoch: 1 | remaining: 226s    
step 00812 (24.7%) | loss: 4.765395 | lrm: 1.00 | dt: 95ms | tok/sec: 10,784 | mfu: 0.0% | epoch: 1 | remaining: 226s    
step 00813 (24.7%) | loss: 4.795222 | lrm: 1.00 | dt: 95ms | tok/sec: 10,773 | mfu: 0.0% | epoch: 1 | remaining: 226s    
step 00814 (24.8%) | loss: 4.806777 | lrm: 1.00 | dt: 95ms | tok/sec: 10,771 | mfu: 0.0% | epoch: 1 | remaining: 226s    
step 00815 (24.8%) | loss: 4.805622 | lrm: 1.00 | dt: 96ms | tok/sec: 10,704 | mfu: 0.0% | epoch: 1 | remaining: 225s    
step 00816 (24.8%) | loss: 4.790092 | lrm: 1.00 | dt: 95ms | tok/sec: 10,750 | mfu: 0.0% | epoch: 1 | remaining: 225s    
step 00817 (24.9%) | loss: 4.763485 | lrm: 1.00 | dt: 81ms | tok/sec: 12,620 | mfu: 0.0% | epoch: 1 | remaining: 225s    
step 00818 (24.9%) | loss: 4.747640 | lrm: 1.00 | dt: 93ms | tok/sec: 10,963 | mfu: 0.0% | epoch: 1 | remaining: 225s    
step 00819 (24.9%) | loss: 4.722746 | lrm: 1.00 | dt: 95ms | tok/sec: 10,765 | mfu: 0.0% | epoch: 1 | remaining: 225s    
step 00820 (25.0%) | loss: 4.708119 | lrm: 1.00 | dt: 100ms | tok/sec: 10,240 | mfu: 0.0% | epoch: 1 | remaining: 225s    
step 00821 (25.0%) | loss: 4.685551 | lrm: 1.00 | dt: 91ms | tok/sec: 11,259 | mfu: 0.0% | epoch: 1 | remaining: 225s    
step 00822 (25.0%) | loss: 4.665602 | lrm: 1.00 | dt: 79ms | tok/sec: 12,940 | mfu: 0.0% | epoch: 1 | remaining: 225s    
step 00823 (25.0%) | loss: 4.647203 | lrm: 1.00 | dt: 95ms | tok/sec: 10,761 | mfu: 0.0% | epoch: 1 | remaining: 225s    
step 00824 (25.1%) | loss: 4.666555 | lrm: 1.00 | dt: 95ms | tok/sec: 10,788 | mfu: 0.0% | epoch: 1 | remaining: 225s    
step 00825 (25.1%) | loss: 4.670815 | lrm: 1.00 | dt: 103ms | tok/sec: 9,924 | mfu: 0.0% | epoch: 1 | remaining: 225s    
step 00826 (25.1%) | loss: 4.695930 | lrm: 1.00 | dt: 87ms | tok/sec: 11,763 | mfu: 0.0% | epoch: 1 | remaining: 224s    
step 00827 (25.2%) | loss: 4.689675 | lrm: 1.00 | dt: 86ms | tok/sec: 11,927 | mfu: 0.0% | epoch: 1 | remaining: 224s    
step 00828 (25.2%) | loss: 4.706448 | lrm: 1.00 | dt: 95ms | tok/sec: 10,799 | mfu: 0.0% | epoch: 1 | remaining: 224s    
step 00829 (25.2%) | loss: 4.678959 | lrm: 1.00 | dt: 96ms | tok/sec: 10,644 | mfu: 0.0% | epoch: 1 | remaining: 224s    
step 00830 (25.3%) | loss: 4.668571 | lrm: 1.00 | dt: 94ms | tok/sec: 10,934 | mfu: 0.0% | epoch: 1 | remaining: 224s    
step 00831 (25.3%) | loss: 4.648831 | lrm: 1.00 | dt: 95ms | tok/sec: 10,730 | mfu: 0.0% | epoch: 1 | remaining: 224s    
step 00832 (25.3%) | loss: 4.626277 | lrm: 1.00 | dt: 83ms | tok/sec: 12,368 | mfu: 0.0% | epoch: 1 | remaining: 224s    
step 00833 (25.4%) | loss: 4.581985 | lrm: 1.00 | dt: 100ms | tok/sec: 10,213 | mfu: 0.0% | epoch: 1 | remaining: 224s    
step 00834 (25.4%) | loss: 4.596931 | lrm: 1.00 | dt: 86ms | tok/sec: 11,849 | mfu: 0.0% | epoch: 1 | remaining: 224s    
step 00835 (25.4%) | loss: 4.610674 | lrm: 1.00 | dt: 95ms | tok/sec: 10,799 | mfu: 0.0% | epoch: 1 | remaining: 224s    
step 00836 (25.5%) | loss: 4.604355 | lrm: 1.00 | dt: 95ms | tok/sec: 10,737 | mfu: 0.0% | epoch: 1 | remaining: 224s    
step 00837 (25.5%) | loss: 4.616341 | lrm: 1.00 | dt: 95ms | tok/sec: 10,758 | mfu: 0.0% | epoch: 1 | remaining: 223s    
step 00838 (25.5%) | loss: 4.642534 | lrm: 1.00 | dt: 79ms | tok/sec: 12,940 | mfu: 0.0% | epoch: 1 | remaining: 223s    
step 00839 (25.5%) | loss: 4.638997 | lrm: 1.00 | dt: 95ms | tok/sec: 10,763 | mfu: 0.0% | epoch: 1 | remaining: 223s    
step 00840 (25.6%) | loss: 4.611368 | lrm: 1.00 | dt: 94ms | tok/sec: 10,851 | mfu: 0.0% | epoch: 1 | remaining: 223s    
step 00841 (25.6%) | loss: 4.569314 | lrm: 1.00 | dt: 95ms | tok/sec: 10,782 | mfu: 0.0% | epoch: 1 | remaining: 223s    
step 00842 (25.6%) | loss: 4.539030 | lrm: 1.00 | dt: 88ms | tok/sec: 11,647 | mfu: 0.0% | epoch: 1 | remaining: 223s    
step 00843 (25.7%) | loss: 4.500400 | lrm: 1.00 | dt: 95ms | tok/sec: 10,792 | mfu: 0.0% | epoch: 1 | remaining: 223s    
step 00844 (25.7%) | loss: 4.490337 | lrm: 1.00 | dt: 83ms | tok/sec: 12,275 | mfu: 0.0% | epoch: 1 | remaining: 223s    
step 00845 (25.7%) | loss: 4.487300 | lrm: 1.00 | dt: 100ms | tok/sec: 10,235 | mfu: 0.0% | epoch: 1 | remaining: 223s    
step 00846 (25.8%) | loss: 4.490971 | lrm: 1.00 | dt: 87ms | tok/sec: 11,824 | mfu: 0.0% | epoch: 1 | remaining: 223s    
step 00847 (25.8%) | loss: 4.506178 | lrm: 1.00 | dt: 95ms | tok/sec: 10,796 | mfu: 0.0% | epoch: 1 | remaining: 223s    
step 00848 (25.8%) | loss: 4.525186 | lrm: 1.00 | dt: 79ms | tok/sec: 12,912 | mfu: 0.0% | epoch: 1 | remaining: 222s    
step 00849 (25.8%) | loss: 4.533906 | lrm: 1.00 | dt: 96ms | tok/sec: 10,687 | mfu: 0.0% | epoch: 1 | remaining: 222s    
step 00850 (25.9%) | loss: 4.540420 | lrm: 1.00 | dt: 101ms | tok/sec: 10,188 | mfu: 0.0% | epoch: 1 | remaining: 222s    
step 00851 (25.9%) | loss: 4.537353 | lrm: 1.00 | dt: 91ms | tok/sec: 11,314 | mfu: 0.0% | epoch: 1 | remaining: 222s    
step 00852 (25.9%) | loss: 4.537893 | lrm: 1.00 | dt: 93ms | tok/sec: 11,029 | mfu: 0.0% | epoch: 1 | remaining: 222s    
step 00853 (26.0%) | loss: 4.511956 | lrm: 1.00 | dt: 95ms | tok/sec: 10,796 | mfu: 0.0% | epoch: 1 | remaining: 222s    
step 00854 (26.0%) | loss: 4.512384 | lrm: 1.00 | dt: 94ms | tok/sec: 10,904 | mfu: 0.0% | epoch: 1 | remaining: 222s    
step 00855 (26.0%) | loss: 4.533902 | lrm: 1.00 | dt: 79ms | tok/sec: 12,987 | mfu: 0.0% | epoch: 1 | remaining: 222s    
step 00856 (26.1%) | loss: 4.548668 | lrm: 1.00 | dt: 96ms | tok/sec: 10,719 | mfu: 0.0% | epoch: 1 | remaining: 222s    
step 00857 (26.1%) | loss: 4.549361 | lrm: 1.00 | dt: 104ms | tok/sec: 9,800 | mfu: 0.0% | epoch: 1 | remaining: 222s    
step 00858 (26.1%) | loss: 4.556231 | lrm: 1.00 | dt: 93ms | tok/sec: 11,037 | mfu: 0.0% | epoch: 1 | remaining: 222s    
step 00859 (26.2%) | loss: 4.531007 | lrm: 1.00 | dt: 87ms | tok/sec: 11,713 | mfu: 0.0% | epoch: 1 | remaining: 221s    
step 00860 (26.2%) | loss: 4.515409 | lrm: 1.00 | dt: 95ms | tok/sec: 10,781 | mfu: 0.0% | epoch: 1 | remaining: 221s    
step 00861 (26.2%) | loss: 4.501270 | lrm: 1.00 | dt: 79ms | tok/sec: 12,915 | mfu: 0.0% | epoch: 1 | remaining: 221s    
step 00862 (26.2%) | loss: 4.519643 | lrm: 1.00 | dt: 94ms | tok/sec: 10,843 | mfu: 0.0% | epoch: 1 | remaining: 221s    
step 00863 (26.3%) | loss: 4.528311 | lrm: 1.00 | dt: 97ms | tok/sec: 10,607 | mfu: 0.0% | epoch: 1 | remaining: 221s    
step 00864 (26.3%) | loss: 4.518349 | lrm: 1.00 | dt: 93ms | tok/sec: 10,977 | mfu: 0.0% | epoch: 1 | remaining: 221s    
step 00865 (26.3%) | loss: 4.505280 | lrm: 1.00 | dt: 95ms | tok/sec: 10,764 | mfu: 0.0% | epoch: 1 | remaining: 221s    
step 00866 (26.4%) | loss: 4.521653 | lrm: 1.00 | dt: 95ms | tok/sec: 10,733 | mfu: 0.0% | epoch: 1 | remaining: 221s    
step 00867 (26.4%) | loss: 4.533203 | lrm: 1.00 | dt: 79ms | tok/sec: 12,882 | mfu: 0.0% | epoch: 1 | remaining: 221s    
step 00868 (26.4%) | loss: 4.553476 | lrm: 1.00 | dt: 95ms | tok/sec: 10,821 | mfu: 0.0% | epoch: 1 | remaining: 221s    
step 00869 (26.5%) | loss: 4.527370 | lrm: 1.00 | dt: 95ms | tok/sec: 10,829 | mfu: 0.0% | epoch: 1 | remaining: 221s    
step 00870 (26.5%) | loss: 4.504167 | lrm: 1.00 | dt: 96ms | tok/sec: 10,657 | mfu: 0.0% | epoch: 1 | remaining: 220s    
step 00871 (26.5%) | loss: 4.478821 | lrm: 1.00 | dt: 94ms | tok/sec: 10,949 | mfu: 0.0% | epoch: 1 | remaining: 220s    
step 00872 (26.6%) | loss: 4.442716 | lrm: 1.00 | dt: 95ms | tok/sec: 10,773 | mfu: 0.0% | epoch: 1 | remaining: 220s    
step 00873 (26.6%) | loss: 4.427225 | lrm: 1.00 | dt: 79ms | tok/sec: 12,914 | mfu: 0.0% | epoch: 1 | remaining: 220s    
step 00874 (26.6%) | loss: 4.424778 | lrm: 1.00 | dt: 95ms | tok/sec: 10,760 | mfu: 0.0% | epoch: 1 | remaining: 220s    
step 00875 (26.6%) | loss: 4.401477 | lrm: 1.00 | dt: 95ms | tok/sec: 10,735 | mfu: 0.0% | epoch: 1 | remaining: 220s    
step 00876 (26.7%) | loss: 4.411792 | lrm: 1.00 | dt: 99ms | tok/sec: 10,395 | mfu: 0.0% | epoch: 1 | remaining: 220s    
step 00877 (26.7%) | loss: 4.417907 | lrm: 1.00 | dt: 91ms | tok/sec: 11,309 | mfu: 0.0% | epoch: 1 | remaining: 220s    
step 00878 (26.7%) | loss: 4.442017 | lrm: 1.00 | dt: 82ms | tok/sec: 12,522 | mfu: 0.0% | epoch: 1 | remaining: 220s    
step 00879 (26.8%) | loss: 4.450951 | lrm: 1.00 | dt: 92ms | tok/sec: 11,113 | mfu: 0.0% | epoch: 1 | remaining: 220s    
step 00880 (26.8%) | loss: 4.479313 | lrm: 1.00 | dt: 95ms | tok/sec: 10,723 | mfu: 0.0% | epoch: 1 | remaining: 220s    
step 00881 (26.8%) | loss: 4.497866 | lrm: 1.00 | dt: 95ms | tok/sec: 10,826 | mfu: 0.0% | epoch: 1 | remaining: 219s    
step 00882 (26.9%) | loss: 4.521354 | lrm: 1.00 | dt: 91ms | tok/sec: 11,283 | mfu: 0.0% | epoch: 1 | remaining: 219s    
step 00883 (26.9%) | loss: 4.513708 | lrm: 1.00 | dt: 84ms | tok/sec: 12,120 | mfu: 0.0% | epoch: 1 | remaining: 219s    
step 00884 (26.9%) | loss: 4.533396 | lrm: 1.00 | dt: 94ms | tok/sec: 10,887 | mfu: 0.0% | epoch: 1 | remaining: 219s    
step 00885 (27.0%) | loss: 4.550681 | lrm: 1.00 | dt: 95ms | tok/sec: 10,832 | mfu: 0.0% | epoch: 1 | remaining: 219s    
step 00886 (27.0%) | loss: 4.589046 | lrm: 1.00 | dt: 95ms | tok/sec: 10,744 | mfu: 0.0% | epoch: 1 | remaining: 219s    
step 00887 (27.0%) | loss: 4.615481 | lrm: 1.00 | dt: 95ms | tok/sec: 10,739 | mfu: 0.0% | epoch: 1 | remaining: 219s    
step 00888 (27.0%) | loss: 4.635465 | lrm: 1.00 | dt: 80ms | tok/sec: 12,849 | mfu: 0.0% | epoch: 1 | remaining: 219s    
step 00889 (27.1%) | loss: 4.627947 | lrm: 1.00 | dt: 95ms | tok/sec: 10,816 | mfu: 0.0% | epoch: 1 | remaining: 219s    
step 00890 (27.1%) | loss: 4.636162 | lrm: 1.00 | dt: 95ms | tok/sec: 10,805 | mfu: 0.0% | epoch: 1 | remaining: 219s    
step 00891 (27.1%) | loss: 4.624092 | lrm: 1.00 | dt: 95ms | tok/sec: 10,810 | mfu: 0.0% | epoch: 1 | remaining: 218s    
step 00892 (27.2%) | loss: 4.638566 | lrm: 1.00 | dt: 94ms | tok/sec: 10,915 | mfu: 0.0% | epoch: 1 | remaining: 218s    
step 00893 (27.2%) | loss: 4.668449 | lrm: 1.00 | dt: 94ms | tok/sec: 10,868 | mfu: 0.0% | epoch: 1 | remaining: 218s    
step 00894 (27.2%) | loss: 4.685840 | lrm: 1.00 | dt: 106ms | tok/sec: 9,639 | mfu: 0.0% | epoch: 1 | remaining: 218s    
step 00895 (27.3%) | loss: 4.707414 | lrm: 1.00 | dt: 79ms | tok/sec: 12,942 | mfu: 0.0% | epoch: 1 | remaining: 218s    
step 00896 (27.3%) | loss: 4.695128 | lrm: 1.00 | dt: 106ms | tok/sec: 9,688 | mfu: 0.0% | epoch: 1 | remaining: 218s    
step 00897 (27.3%) | loss: 4.694469 | lrm: 1.00 | dt: 94ms | tok/sec: 10,846 | mfu: 0.0% | epoch: 1 | remaining: 218s    
step 00898 (27.4%) | loss: 4.730811 | lrm: 1.00 | dt: 95ms | tok/sec: 10,767 | mfu: 0.0% | epoch: 1 | remaining: 218s    
step 00899 (27.4%) | loss: 4.736609 | lrm: 1.00 | dt: 79ms | tok/sec: 12,929 | mfu: 0.0% | epoch: 1 | remaining: 218s    
step 00900 (27.4%) | loss: 4.740411 | lrm: 1.00 | dt: 95ms | tok/sec: 10,811 | mfu: 0.0% | epoch: 1 | remaining: 218s    
step 00901 (27.4%) | loss: 4.729691 | lrm: 1.00 | dt: 109ms | tok/sec: 9,354 | mfu: 0.0% | epoch: 1 | remaining: 218s    
step 00902 (27.5%) | loss: 4.748868 | lrm: 1.00 | dt: 79ms | tok/sec: 12,925 | mfu: 0.0% | epoch: 1 | remaining: 217s    
step 00903 (27.5%) | loss: 4.738895 | lrm: 1.00 | dt: 95ms | tok/sec: 10,734 | mfu: 0.0% | epoch: 1 | remaining: 217s    
step 00904 (27.5%) | loss: 4.730406 | lrm: 1.00 | dt: 107ms | tok/sec: 9,605 | mfu: 0.0% | epoch: 1 | remaining: 217s    
step 00905 (27.6%) | loss: 4.741712 | lrm: 1.00 | dt: 83ms | tok/sec: 12,326 | mfu: 0.0% | epoch: 1 | remaining: 217s    
step 00906 (27.6%) | loss: 4.737625 | lrm: 1.00 | dt: 89ms | tok/sec: 11,470 | mfu: 0.0% | epoch: 1 | remaining: 217s    
step 00907 (27.6%) | loss: 4.756396 | lrm: 1.00 | dt: 95ms | tok/sec: 10,760 | mfu: 0.0% | epoch: 1 | remaining: 217s    
step 00908 (27.7%) | loss: 4.753654 | lrm: 1.00 | dt: 95ms | tok/sec: 10,759 | mfu: 0.0% | epoch: 1 | remaining: 217s    
step 00909 (27.7%) | loss: 4.752716 | lrm: 1.00 | dt: 79ms | tok/sec: 12,972 | mfu: 0.0% | epoch: 1 | remaining: 217s    
step 00910 (27.7%) | loss: 4.744517 | lrm: 1.00 | dt: 99ms | tok/sec: 10,340 | mfu: 0.0% | epoch: 1 | remaining: 217s    
step 00911 (27.8%) | loss: 4.706463 | lrm: 1.00 | dt: 90ms | tok/sec: 11,338 | mfu: 0.0% | epoch: 1 | remaining: 217s    
step 00912 (27.8%) | loss: 4.691375 | lrm: 1.00 | dt: 95ms | tok/sec: 10,772 | mfu: 0.0% | epoch: 1 | remaining: 217s    
step 00913 (27.8%) | loss: 4.646779 | lrm: 1.00 | dt: 79ms | tok/sec: 12,893 | mfu: 0.0% | epoch: 1 | remaining: 216s    
step 00914 (27.8%) | loss: 4.600509 | lrm: 1.00 | dt: 111ms | tok/sec: 9,192 | mfu: 0.0% | epoch: 1 | remaining: 216s    
step 00915 (27.9%) | loss: 4.590438 | lrm: 1.00 | dt: 80ms | tok/sec: 12,833 | mfu: 0.0% | epoch: 1 | remaining: 216s    
step 00916 (27.9%) | loss: 4.569073 | lrm: 1.00 | dt: 96ms | tok/sec: 10,665 | mfu: 0.0% | epoch: 1 | remaining: 216s    
step 00917 (27.9%) | loss: 4.538863 | lrm: 1.00 | dt: 95ms | tok/sec: 10,792 | mfu: 0.0% | epoch: 1 | remaining: 216s    
step 00918 (28.0%) | loss: 4.506300 | lrm: 1.00 | dt: 102ms | tok/sec: 10,000 | mfu: 0.0% | epoch: 1 | remaining: 216s    
step 00919 (28.0%) | loss: 4.465656 | lrm: 1.00 | dt: 87ms | tok/sec: 11,815 | mfu: 0.0% | epoch: 1 | remaining: 216s    
step 00920 (28.0%) | loss: 4.442930 | lrm: 1.00 | dt: 95ms | tok/sec: 10,789 | mfu: 0.0% | epoch: 1 | remaining: 216s    
step 00921 (28.1%) | loss: 4.441932 | lrm: 1.00 | dt: 95ms | tok/sec: 10,781 | mfu: 0.0% | epoch: 1 | remaining: 216s    
step 00922 (28.1%) | loss: 4.513982 | lrm: 1.00 | dt: 79ms | tok/sec: 12,889 | mfu: 0.0% | epoch: 1 | remaining: 216s    
step 00923 (28.1%) | loss: 4.518277 | lrm: 1.00 | dt: 96ms | tok/sec: 10,619 | mfu: 0.0% | epoch: 1 | remaining: 216s    
step 00924 (28.2%) | loss: 4.548486 | lrm: 1.00 | dt: 100ms | tok/sec: 10,217 | mfu: 0.0% | epoch: 1 | remaining: 215s    
step 00925 (28.2%) | loss: 4.545353 | lrm: 1.00 | dt: 89ms | tok/sec: 11,551 | mfu: 0.0% | epoch: 1 | remaining: 215s    
step 00926 (28.2%) | loss: 4.531686 | lrm: 1.00 | dt: 79ms | tok/sec: 12,888 | mfu: 0.0% | epoch: 1 | remaining: 215s    
step 00927 (28.3%) | loss: 4.515251 | lrm: 1.00 | dt: 95ms | tok/sec: 10,752 | mfu: 0.0% | epoch: 1 | remaining: 215s    
step 00928 (28.3%) | loss: 4.493237 | lrm: 1.00 | dt: 95ms | tok/sec: 10,795 | mfu: 0.0% | epoch: 1 | remaining: 215s    
step 00929 (28.3%) | loss: 4.484527 | lrm: 1.00 | dt: 95ms | tok/sec: 10,817 | mfu: 0.0% | epoch: 1 | remaining: 215s    
step 00930 (28.3%) | loss: 4.462685 | lrm: 1.00 | dt: 95ms | tok/sec: 10,835 | mfu: 0.0% | epoch: 1 | remaining: 215s    
step 00931 (28.4%) | loss: 4.468442 | lrm: 1.00 | dt: 95ms | tok/sec: 10,762 | mfu: 0.0% | epoch: 1 | remaining: 215s    
step 00932 (28.4%) | loss: 4.482217 | lrm: 1.00 | dt: 94ms | tok/sec: 10,894 | mfu: 0.0% | epoch: 1 | remaining: 215s    
step 00933 (28.4%) | loss: 4.472082 | lrm: 1.00 | dt: 81ms | tok/sec: 12,650 | mfu: 0.0% | epoch: 1 | remaining: 215s    
step 00934 (28.5%) | loss: 4.483402 | lrm: 1.00 | dt: 95ms | tok/sec: 10,756 | mfu: 0.0% | epoch: 1 | remaining: 215s    
step 00935 (28.5%) | loss: 4.493157 | lrm: 1.00 | dt: 95ms | tok/sec: 10,771 | mfu: 0.0% | epoch: 1 | remaining: 214s    
step 00936 (28.5%) | loss: 4.491906 | lrm: 1.00 | dt: 95ms | tok/sec: 10,797 | mfu: 0.0% | epoch: 1 | remaining: 214s    
step 00937 (28.6%) | loss: 4.474607 | lrm: 1.00 | dt: 80ms | tok/sec: 12,823 | mfu: 0.0% | epoch: 1 | remaining: 214s    
step 00938 (28.6%) | loss: 4.506090 | lrm: 1.00 | dt: 95ms | tok/sec: 10,805 | mfu: 0.0% | epoch: 1 | remaining: 214s    
step 00939 (28.6%) | loss: 4.491489 | lrm: 1.00 | dt: 94ms | tok/sec: 10,839 | mfu: 0.0% | epoch: 1 | remaining: 214s    
step 00940 (28.7%) | loss: 4.484441 | lrm: 1.00 | dt: 95ms | tok/sec: 10,744 | mfu: 0.0% | epoch: 1 | remaining: 214s    
step 00941 (28.7%) | loss: 4.481330 | lrm: 1.00 | dt: 79ms | tok/sec: 12,919 | mfu: 0.0% | epoch: 1 | remaining: 214s    
step 00942 (28.7%) | loss: 4.465905 | lrm: 1.00 | dt: 95ms | tok/sec: 10,729 | mfu: 0.0% | epoch: 1 | remaining: 214s    
step 00943 (28.7%) | loss: 4.456959 | lrm: 1.00 | dt: 95ms | tok/sec: 10,759 | mfu: 0.0% | epoch: 1 | remaining: 214s    
step 00944 (28.8%) | loss: 4.432394 | lrm: 1.00 | dt: 79ms | tok/sec: 12,924 | mfu: 0.0% | epoch: 1 | remaining: 214s    
step 00945 (28.8%) | loss: 4.438060 | lrm: 1.00 | dt: 96ms | tok/sec: 10,705 | mfu: 0.0% | epoch: 1 | remaining: 214s    
step 00946 (28.8%) | loss: 4.432546 | lrm: 1.00 | dt: 95ms | tok/sec: 10,771 | mfu: 0.0% | epoch: 1 | remaining: 213s    
step 00947 (28.9%) | loss: 4.429949 | lrm: 1.00 | dt: 96ms | tok/sec: 10,673 | mfu: 0.0% | epoch: 1 | remaining: 213s    
step 00948 (28.9%) | loss: 4.431565 | lrm: 1.00 | dt: 78ms | tok/sec: 13,119 | mfu: 0.0% | epoch: 1 | remaining: 213s    
step 00949 (28.9%) | loss: 4.438478 | lrm: 1.00 | dt: 95ms | tok/sec: 10,776 | mfu: 0.0% | epoch: 1 | remaining: 213s    
step 00950 (29.0%) | loss: 4.427276 | lrm: 1.00 | dt: 95ms | tok/sec: 10,740 | mfu: 0.0% | epoch: 1 | remaining: 213s    
step 00951 (29.0%) | loss: 4.459621 | lrm: 1.00 | dt: 95ms | tok/sec: 10,797 | mfu: 0.0% | epoch: 1 | remaining: 213s    
step 00952 (29.0%) | loss: 4.473329 | lrm: 1.00 | dt: 79ms | tok/sec: 12,947 | mfu: 0.0% | epoch: 1 | remaining: 213s    
step 00953 (29.0%) | loss: 4.478964 | lrm: 1.00 | dt: 96ms | tok/sec: 10,672 | mfu: 0.0% | epoch: 1 | remaining: 213s    
step 00954 (29.1%) | loss: 4.502947 | lrm: 1.00 | dt: 94ms | tok/sec: 10,882 | mfu: 0.0% | epoch: 1 | remaining: 213s    
step 00955 (29.1%) | loss: 4.530868 | lrm: 1.00 | dt: 80ms | tok/sec: 12,867 | mfu: 0.0% | epoch: 1 | remaining: 213s    
step 00956 (29.1%) | loss: 4.550855 | lrm: 1.00 | dt: 95ms | tok/sec: 10,774 | mfu: 0.0% | epoch: 1 | remaining: 213s    
step 00957 (29.2%) | loss: 4.579843 | lrm: 1.00 | dt: 95ms | tok/sec: 10,731 | mfu: 0.0% | epoch: 1 | remaining: 212s    
step 00958 (29.2%) | loss: 4.577680 | lrm: 1.00 | dt: 95ms | tok/sec: 10,745 | mfu: 0.0% | epoch: 1 | remaining: 212s    
step 00959 (29.2%) | loss: 4.575969 | lrm: 1.00 | dt: 90ms | tok/sec: 11,440 | mfu: 0.0% | epoch: 1 | remaining: 212s    
step 00960 (29.3%) | loss: 4.564441 | lrm: 1.00 | dt: 85ms | tok/sec: 12,072 | mfu: 0.0% | epoch: 1 | remaining: 212s    
step 00961 (29.3%) | loss: 4.553772 | lrm: 1.00 | dt: 86ms | tok/sec: 11,862 | mfu: 0.0% | epoch: 1 | remaining: 212s    
step 00962 (29.3%) | loss: 4.555353 | lrm: 1.00 | dt: 94ms | tok/sec: 10,899 | mfu: 0.0% | epoch: 1 | remaining: 212s    
step 00963 (29.3%) | loss: 4.546736 | lrm: 1.00 | dt: 96ms | tok/sec: 10,675 | mfu: 0.0% | epoch: 1 | remaining: 212s    
step 00964 (29.4%) | loss: 4.518908 | lrm: 1.00 | dt: 79ms | tok/sec: 13,008 | mfu: 0.0% | epoch: 1 | remaining: 212s    
step 00965 (29.4%) | loss: 4.539727 | lrm: 1.00 | dt: 102ms | tok/sec: 9,995 | mfu: 0.0% | epoch: 1 | remaining: 212s    
step 00966 (29.4%) | loss: 4.549331 | lrm: 1.00 | dt: 87ms | tok/sec: 11,734 | mfu: 0.0% | epoch: 1 | remaining: 212s    
step 00967 (29.5%) | loss: 4.564804 | lrm: 1.00 | dt: 95ms | tok/sec: 10,808 | mfu: 0.0% | epoch: 1 | remaining: 212s    
step 00968 (29.5%) | loss: 4.561528 | lrm: 1.00 | dt: 94ms | tok/sec: 10,844 | mfu: 0.0% | epoch: 1 | remaining: 211s    
step 00969 (29.5%) | loss: 4.576221 | lrm: 1.00 | dt: 80ms | tok/sec: 12,871 | mfu: 0.0% | epoch: 1 | remaining: 211s    
step 00970 (29.6%) | loss: 4.579414 | lrm: 1.00 | dt: 95ms | tok/sec: 10,754 | mfu: 0.0% | epoch: 1 | remaining: 211s    
step 00971 (29.6%) | loss: 4.593544 | lrm: 1.00 | dt: 95ms | tok/sec: 10,776 | mfu: 0.0% | epoch: 1 | remaining: 211s    
step 00972 (29.6%) | loss: 4.615793 | lrm: 1.00 | dt: 95ms | tok/sec: 10,818 | mfu: 0.0% | epoch: 1 | remaining: 211s    
step 00973 (29.7%) | loss: 4.661170 | lrm: 1.00 | dt: 80ms | tok/sec: 12,837 | mfu: 0.0% | epoch: 1 | remaining: 211s    
step 00974 (29.7%) | loss: 4.693319 | lrm: 1.00 | dt: 95ms | tok/sec: 10,774 | mfu: 0.0% | epoch: 1 | remaining: 211s    
step 00975 (29.7%) | loss: 4.705882 | lrm: 1.00 | dt: 95ms | tok/sec: 10,799 | mfu: 0.0% | epoch: 1 | remaining: 211s    
step 00976 (29.7%) | loss: 4.700318 | lrm: 1.00 | dt: 91ms | tok/sec: 11,240 | mfu: 0.0% | epoch: 1 | remaining: 211s    
step 00977 (29.8%) | loss: 4.701629 | lrm: 1.00 | dt: 93ms | tok/sec: 11,017 | mfu: 0.0% | epoch: 1 | remaining: 211s    
step 00978 (29.8%) | loss: 4.692168 | lrm: 1.00 | dt: 85ms | tok/sec: 12,023 | mfu: 0.0% | epoch: 1 | remaining: 211s    
step 00979 (29.8%) | loss: 4.694598 | lrm: 1.00 | dt: 95ms | tok/sec: 10,774 | mfu: 0.0% | epoch: 1 | remaining: 210s    
step 00980 (29.9%) | loss: 4.699466 | lrm: 1.00 | dt: 94ms | tok/sec: 10,846 | mfu: 0.0% | epoch: 1 | remaining: 210s    
step 00981 (29.9%) | loss: 4.728734 | lrm: 1.00 | dt: 79ms | tok/sec: 12,921 | mfu: 0.0% | epoch: 1 | remaining: 210s    
step 00982 (29.9%) | loss: 4.717810 | lrm: 1.00 | dt: 95ms | tok/sec: 10,733 | mfu: 0.0% | epoch: 1 | remaining: 210s    
step 00983 (30.0%) | loss: 4.715568 | lrm: 1.00 | dt: 95ms | tok/sec: 10,771 | mfu: 0.0% | epoch: 1 | remaining: 210s    
step 00984 (30.0%) | loss: 4.691387 | lrm: 1.00 | dt: 95ms | tok/sec: 10,809 | mfu: 0.0% | epoch: 1 | remaining: 210s    
step 00985 (30.0%) | loss: 4.646020 | lrm: 1.00 | dt: 79ms | tok/sec: 13,011 | mfu: 0.0% | epoch: 1 | remaining: 210s    
step 00986 (30.0%) | loss: 4.603479 | lrm: 1.00 | dt: 95ms | tok/sec: 10,733 | mfu: 0.0% | epoch: 1 | remaining: 210s    
step 00987 (30.1%) | loss: 4.590410 | lrm: 1.00 | dt: 95ms | tok/sec: 10,731 | mfu: 0.0% | epoch: 1 | remaining: 210s    
step 00988 (30.1%) | loss: 4.559992 | lrm: 1.00 | dt: 80ms | tok/sec: 12,875 | mfu: 0.0% | epoch: 1 | remaining: 210s    
step 00989 (30.1%) | loss: 4.531979 | lrm: 1.00 | dt: 95ms | tok/sec: 10,757 | mfu: 0.0% | epoch: 1 | remaining: 210s    
step 00990 (30.2%) | loss: 4.498447 | lrm: 1.00 | dt: 98ms | tok/sec: 10,401 | mfu: 0.0% | epoch: 1 | remaining: 209s    
step 00991 (30.2%) | loss: 4.496968 | lrm: 1.00 | dt: 92ms | tok/sec: 11,145 | mfu: 0.0% | epoch: 1 | remaining: 209s    
step 00992 (30.2%) | loss: 4.504935 | lrm: 1.00 | dt: 80ms | tok/sec: 12,877 | mfu: 0.0% | epoch: 1 | remaining: 209s    
step 00993 (30.3%) | loss: 4.511709 | lrm: 1.00 | dt: 103ms | tok/sec: 9,968 | mfu: 0.0% | epoch: 1 | remaining: 209s    
step 00994 (30.3%) | loss: 4.522083 | lrm: 1.00 | dt: 87ms | tok/sec: 11,758 | mfu: 0.0% | epoch: 1 | remaining: 209s    
step 00995 (30.3%) | loss: 4.529457 | lrm: 1.00 | dt: 80ms | tok/sec: 12,849 | mfu: 0.0% | epoch: 1 | remaining: 209s    
step 00996 (30.3%) | loss: 4.528210 | lrm: 1.00 | dt: 95ms | tok/sec: 10,800 | mfu: 0.0% | epoch: 1 | remaining: 209s    
step 00997 (30.4%) | loss: 4.546209 | lrm: 1.00 | dt: 96ms | tok/sec: 10,708 | mfu: 0.0% | epoch: 1 | remaining: 209s    
step 00998 (30.4%) | loss: 4.552819 | lrm: 1.00 | dt: 97ms | tok/sec: 10,537 | mfu: 0.0% | epoch: 1 | remaining: 209s    
step 00999 (30.4%) | loss: 4.564432 | lrm: 1.00 | dt: 93ms | tok/sec: 10,968 | mfu: 0.0% | epoch: 1 | remaining: 209s    
step 01000 (30.5%) | loss: 4.576061 | lrm: 1.00 | dt: 95ms | tok/sec: 10,825 | mfu: 0.0% | epoch: 1 | remaining: 208s    
step 01001 (30.5%) | loss: 4.569315 | lrm: 1.00 | dt: 95ms | tok/sec: 10,792 | mfu: 0.0% | epoch: 1 | remaining: 208s    
step 01002 (30.5%) | loss: 4.566408 | lrm: 1.00 | dt: 95ms | tok/sec: 10,829 | mfu: 0.0% | epoch: 1 | remaining: 208s    
step 01003 (30.6%) | loss: 4.538330 | lrm: 1.00 | dt: 79ms | tok/sec: 12,901 | mfu: 0.0% | epoch: 1 | remaining: 208s    
step 01004 (30.6%) | loss: 4.523860 | lrm: 1.00 | dt: 95ms | tok/sec: 10,808 | mfu: 0.0% | epoch: 1 | remaining: 208s    
step 01005 (30.6%) | loss: 4.533761 | lrm: 1.00 | dt: 95ms | tok/sec: 10,755 | mfu: 0.0% | epoch: 1 | remaining: 208s    
step 01006 (30.7%) | loss: 4.535179 | lrm: 1.00 | dt: 104ms | tok/sec: 9,859 | mfu: 0.0% | epoch: 1 | remaining: 208s    
step 01007 (30.7%) | loss: 4.529766 | lrm: 1.00 | dt: 86ms | tok/sec: 11,870 | mfu: 0.0% | epoch: 1 | remaining: 208s    
step 01008 (30.7%) | loss: 4.541817 | lrm: 1.00 | dt: 95ms | tok/sec: 10,769 | mfu: 0.0% | epoch: 1 | remaining: 208s    
step 01009 (30.8%) | loss: 4.564230 | lrm: 1.00 | dt: 103ms | tok/sec: 9,940 | mfu: 0.0% | epoch: 1 | remaining: 208s    
step 01010 (30.8%) | loss: 4.566784 | lrm: 1.00 | dt: 86ms | tok/sec: 11,871 | mfu: 0.0% | epoch: 1 | remaining: 208s    
step 01011 (30.8%) | loss: 4.577114 | lrm: 1.00 | dt: 95ms | tok/sec: 10,739 | mfu: 0.0% | epoch: 1 | remaining: 207s    
step 01012 (30.8%) | loss: 4.578716 | lrm: 1.00 | dt: 103ms | tok/sec: 9,943 | mfu: 0.0% | epoch: 1 | remaining: 207s    
step 01013 (30.9%) | loss: 4.580453 | lrm: 1.00 | dt: 88ms | tok/sec: 11,673 | mfu: 0.0% | epoch: 1 | remaining: 207s    
step 01014 (30.9%) | loss: 4.577816 | lrm: 1.00 | dt: 96ms | tok/sec: 10,646 | mfu: 0.0% | epoch: 1 | remaining: 207s    
step 01015 (30.9%) | loss: 4.576998 | lrm: 1.00 | dt: 78ms | tok/sec: 13,203 | mfu: 0.0% | epoch: 1 | remaining: 207s    
step 01016 (31.0%) | loss: 4.549540 | lrm: 1.00 | dt: 95ms | tok/sec: 10,795 | mfu: 0.0% | epoch: 1 | remaining: 207s    
step 01017 (31.0%) | loss: 4.512195 | lrm: 1.00 | dt: 99ms | tok/sec: 10,335 | mfu: 0.0% | epoch: 1 | remaining: 207s    
step 01018 (31.0%) | loss: 4.492340 | lrm: 1.00 | dt: 100ms | tok/sec: 10,210 | mfu: 0.0% | epoch: 1 | remaining: 207s    
step 01019 (31.1%) | loss: 4.465600 | lrm: 1.00 | dt: 88ms | tok/sec: 11,653 | mfu: 0.0% | epoch: 1 | remaining: 207s    
step 01020 (31.1%) | loss: 4.426171 | lrm: 1.00 | dt: 93ms | tok/sec: 11,001 | mfu: 0.0% | epoch: 1 | remaining: 207s    
step 01021 (31.1%) | loss: 4.398499 | lrm: 1.00 | dt: 95ms | tok/sec: 10,761 | mfu: 0.0% | epoch: 1 | remaining: 207s    
step 01022 (31.2%) | loss: 4.381287 | lrm: 1.00 | dt: 93ms | tok/sec: 10,971 | mfu: 0.0% | epoch: 1 | remaining: 206s    
step 01023 (31.2%) | loss: 4.381806 | lrm: 1.00 | dt: 81ms | tok/sec: 12,656 | mfu: 0.0% | epoch: 1 | remaining: 206s    
step 01024 (31.2%) | loss: 4.399421 | lrm: 1.00 | dt: 95ms | tok/sec: 10,783 | mfu: 0.0% | epoch: 1 | remaining: 206s    
step 01025 (31.2%) | loss: 4.460476 | lrm: 1.00 | dt: 95ms | tok/sec: 10,800 | mfu: 0.0% | epoch: 1 | remaining: 206s    
step 01026 (31.3%) | loss: 4.506758 | lrm: 1.00 | dt: 95ms | tok/sec: 10,758 | mfu: 0.0% | epoch: 1 | remaining: 206s    
step 01027 (31.3%) | loss: 4.501388 | lrm: 1.00 | dt: 79ms | tok/sec: 12,959 | mfu: 0.0% | epoch: 1 | remaining: 206s    
step 01028 (31.3%) | loss: 4.501671 | lrm: 1.00 | dt: 101ms | tok/sec: 10,126 | mfu: 0.0% | epoch: 1 | remaining: 206s    
step 01029 (31.4%) | loss: 4.532507 | lrm: 1.00 | dt: 95ms | tok/sec: 10,738 | mfu: 0.0% | epoch: 1 | remaining: 206s    
step 01030 (31.4%) | loss: 4.521368 | lrm: 1.00 | dt: 91ms | tok/sec: 11,254 | mfu: 0.0% | epoch: 1 | remaining: 206s    
step 01031 (31.4%) | loss: 4.541217 | lrm: 1.00 | dt: 84ms | tok/sec: 12,169 | mfu: 0.0% | epoch: 1 | remaining: 206s    
step 01032 (31.5%) | loss: 4.535249 | lrm: 1.00 | dt: 95ms | tok/sec: 10,804 | mfu: 0.0% | epoch: 1 | remaining: 206s    
step 01033 (31.5%) | loss: 4.538519 | lrm: 1.00 | dt: 104ms | tok/sec: 9,849 | mfu: 0.0% | epoch: 1 | remaining: 205s    
step 01034 (31.5%) | loss: 4.484178 | lrm: 1.00 | dt: 94ms | tok/sec: 10,843 | mfu: 0.0% | epoch: 1 | remaining: 205s    
step 01035 (31.6%) | loss: 4.474777 | lrm: 1.00 | dt: 90ms | tok/sec: 11,354 | mfu: 0.0% | epoch: 1 | remaining: 205s    
step 01036 (31.6%) | loss: 4.513814 | lrm: 1.00 | dt: 89ms | tok/sec: 11,470 | mfu: 0.0% | epoch: 1 | remaining: 205s    
step 01037 (31.6%) | loss: 4.564191 | lrm: 1.00 | dt: 95ms | tok/sec: 10,757 | mfu: 0.0% | epoch: 1 | remaining: 205s    
step 01038 (31.6%) | loss: 4.564370 | lrm: 1.00 | dt: 95ms | tok/sec: 10,806 | mfu: 0.0% | epoch: 1 | remaining: 205s    
step 01039 (31.7%) | loss: 4.538540 | lrm: 1.00 | dt: 89ms | tok/sec: 11,477 | mfu: 0.0% | epoch: 1 | remaining: 205s    
step 01040 (31.7%) | loss: 4.533717 | lrm: 1.00 | dt: 79ms | tok/sec: 12,978 | mfu: 0.0% | epoch: 1 | remaining: 205s    
step 01041 (31.7%) | loss: 4.550283 | lrm: 1.00 | dt: 107ms | tok/sec: 9,557 | mfu: 0.0% | epoch: 1 | remaining: 205s    
step 01042 (31.8%) | loss: 4.578925 | lrm: 1.00 | dt: 82ms | tok/sec: 12,423 | mfu: 0.0% | epoch: 1 | remaining: 205s    
step 01043 (31.8%) | loss: 4.611051 | lrm: 1.00 | dt: 105ms | tok/sec: 9,775 | mfu: 0.0% | epoch: 1 | remaining: 204s    
step 01044 (31.8%) | loss: 4.644118 | lrm: 1.00 | dt: 85ms | tok/sec: 12,028 | mfu: 0.0% | epoch: 1 | remaining: 204s    
step 01045 (31.9%) | loss: 4.646977 | lrm: 1.00 | dt: 101ms | tok/sec: 10,111 | mfu: 0.0% | epoch: 1 | remaining: 204s    
step 01046 (31.9%) | loss: 4.653953 | lrm: 1.00 | dt: 88ms | tok/sec: 11,604 | mfu: 0.0% | epoch: 1 | remaining: 204s    
step 01047 (31.9%) | loss: 4.662425 | lrm: 1.00 | dt: 95ms | tok/sec: 10,812 | mfu: 0.0% | epoch: 1 | remaining: 204s    
step 01048 (32.0%) | loss: 4.649047 | lrm: 1.00 | dt: 104ms | tok/sec: 9,879 | mfu: 0.0% | epoch: 1 | remaining: 204s    
step 01049 (32.0%) | loss: 4.628866 | lrm: 1.00 | dt: 89ms | tok/sec: 11,521 | mfu: 0.0% | epoch: 1 | remaining: 204s    
step 01050 (32.0%) | loss: 4.599869 | lrm: 1.00 | dt: 92ms | tok/sec: 11,100 | mfu: 0.0% | epoch: 1 | remaining: 204s    
step 01051 (32.1%) | loss: 4.564535 | lrm: 1.00 | dt: 95ms | tok/sec: 10,820 | mfu: 0.0% | epoch: 1 | remaining: 204s    
step 01052 (32.1%) | loss: 4.547247 | lrm: 1.00 | dt: 99ms | tok/sec: 10,328 | mfu: 0.0% | epoch: 1 | remaining: 204s    
step 01053 (32.1%) | loss: 4.582009 | lrm: 1.00 | dt: 91ms | tok/sec: 11,216 | mfu: 0.0% | epoch: 1 | remaining: 204s    
step 01054 (32.1%) | loss: 4.641865 | lrm: 1.00 | dt: 95ms | tok/sec: 10,772 | mfu: 0.0% | epoch: 1 | remaining: 203s    
step 01055 (32.2%) | loss: 4.676361 | lrm: 1.00 | dt: 95ms | tok/sec: 10,811 | mfu: 0.0% | epoch: 1 | remaining: 203s    
step 01056 (32.2%) | loss: 4.706993 | lrm: 1.00 | dt: 95ms | tok/sec: 10,799 | mfu: 0.0% | epoch: 1 | remaining: 203s    
step 01057 (32.2%) | loss: 4.758247 | lrm: 1.00 | dt: 93ms | tok/sec: 11,023 | mfu: 0.0% | epoch: 1 | remaining: 203s    
step 01058 (32.3%) | loss: 4.790895 | lrm: 1.00 | dt: 81ms | tok/sec: 12,580 | mfu: 0.0% | epoch: 1 | remaining: 203s    
step 01059 (32.3%) | loss: 4.814209 | lrm: 1.00 | dt: 95ms | tok/sec: 10,780 | mfu: 0.0% | epoch: 1 | remaining: 203s    
step 01060 (32.3%) | loss: 4.841974 | lrm: 1.00 | dt: 101ms | tok/sec: 10,102 | mfu: 0.0% | epoch: 1 | remaining: 203s    
step 01061 (32.4%) | loss: 4.837203 | lrm: 1.00 | dt: 91ms | tok/sec: 11,216 | mfu: 0.0% | epoch: 1 | remaining: 203s    
step 01062 (32.4%) | loss: 4.795373 | lrm: 1.00 | dt: 93ms | tok/sec: 10,978 | mfu: 0.0% | epoch: 1 | remaining: 203s    
step 01063 (32.4%) | loss: 4.774558 | lrm: 1.00 | dt: 94ms | tok/sec: 10,948 | mfu: 0.0% | epoch: 1 | remaining: 203s    
step 01064 (32.5%) | loss: 4.742395 | lrm: 1.00 | dt: 94ms | tok/sec: 10,876 | mfu: 0.0% | epoch: 1 | remaining: 203s    
step 01065 (32.5%) | loss: 4.726525 | lrm: 1.00 | dt: 91ms | tok/sec: 11,219 | mfu: 0.0% | epoch: 1 | remaining: 202s    
step 01066 (32.5%) | loss: 4.718346 | lrm: 1.00 | dt: 95ms | tok/sec: 10,802 | mfu: 0.0% | epoch: 1 | remaining: 202s    
step 01067 (32.6%) | loss: 4.709152 | lrm: 1.00 | dt: 86ms | tok/sec: 11,879 | mfu: 0.0% | epoch: 1 | remaining: 202s    
step 01068 (32.6%) | loss: 4.689640 | lrm: 1.00 | dt: 95ms | tok/sec: 10,806 | mfu: 0.0% | epoch: 1 | remaining: 202s    
step 01069 (32.6%) | loss: 4.662266 | lrm: 1.00 | dt: 95ms | tok/sec: 10,727 | mfu: 0.0% | epoch: 1 | remaining: 202s    
step 01070 (32.6%) | loss: 4.676128 | lrm: 1.00 | dt: 79ms | tok/sec: 12,936 | mfu: 0.0% | epoch: 1 | remaining: 202s    
step 01071 (32.7%) | loss: 4.729677 | lrm: 1.00 | dt: 94ms | tok/sec: 10,882 | mfu: 0.0% | epoch: 1 | remaining: 202s    
step 01072 (32.7%) | loss: 4.738917 | lrm: 1.00 | dt: 95ms | tok/sec: 10,728 | mfu: 0.0% | epoch: 1 | remaining: 202s    
step 01073 (32.7%) | loss: 4.747957 | lrm: 1.00 | dt: 107ms | tok/sec: 9,572 | mfu: 0.0% | epoch: 1 | remaining: 202s    
step 01074 (32.8%) | loss: 4.769022 | lrm: 1.00 | dt: 99ms | tok/sec: 10,327 | mfu: 0.0% | epoch: 1 | remaining: 202s    
step 01075 (32.8%) | loss: 4.786895 | lrm: 1.00 | dt: 95ms | tok/sec: 10,725 | mfu: 0.0% | epoch: 1 | remaining: 201s    
step 01076 (32.8%) | loss: 4.805366 | lrm: 1.00 | dt: 96ms | tok/sec: 10,677 | mfu: 0.0% | epoch: 1 | remaining: 201s    
step 01077 (32.9%) | loss: 4.841072 | lrm: 1.00 | dt: 96ms | tok/sec: 10,637 | mfu: 0.0% | epoch: 1 | remaining: 201s    
step 01078 (32.9%) | loss: 4.857916 | lrm: 1.00 | dt: 96ms | tok/sec: 10,682 | mfu: 0.0% | epoch: 1 | remaining: 201s    
step 01079 (32.9%) | loss: 4.911895 | lrm: 1.00 | dt: 100ms | tok/sec: 10,242 | mfu: 0.0% | epoch: 1 | remaining: 201s    
step 01080 (33.0%) | loss: 4.912711 | lrm: 1.00 | dt: 87ms | tok/sec: 11,756 | mfu: 0.0% | epoch: 1 | remaining: 201s    
step 01081 (33.0%) | loss: 4.933912 | lrm: 1.00 | dt: 101ms | tok/sec: 10,092 | mfu: 0.0% | epoch: 1 | remaining: 201s    
step 01082 (33.0%) | loss: 4.929679 | lrm: 1.00 | dt: 93ms | tok/sec: 10,986 | mfu: 0.0% | epoch: 1 | remaining: 201s    
step 01083 (33.1%) | loss: 4.896341 | lrm: 1.00 | dt: 91ms | tok/sec: 11,241 | mfu: 0.0% | epoch: 1 | remaining: 201s    
step 01084 (33.1%) | loss: 4.837691 | lrm: 1.00 | dt: 97ms | tok/sec: 10,587 | mfu: 0.0% | epoch: 1 | remaining: 201s    
step 01085 (33.1%) | loss: 4.767145 | lrm: 1.00 | dt: 77ms | tok/sec: 13,258 | mfu: 0.0% | epoch: 1 | remaining: 201s    
step 01086 (33.1%) | loss: 4.702458 | lrm: 1.00 | dt: 80ms | tok/sec: 12,818 | mfu: 0.0% | epoch: 1 | remaining: 200s    
step 01087 (33.2%) | loss: 4.627753 | lrm: 1.00 | dt: 98ms | tok/sec: 10,477 | mfu: 0.0% | epoch: 1 | remaining: 200s    
step 01088 (33.2%) | loss: 4.579118 | lrm: 1.00 | dt: 101ms | tok/sec: 10,108 | mfu: 0.0% | epoch: 1 | remaining: 200s    
step 01089 (33.2%) | loss: 4.526893 | lrm: 1.00 | dt: 87ms | tok/sec: 11,781 | mfu: 0.0% | epoch: 1 | remaining: 200s    
step 01090 (33.3%) | loss: 4.446132 | lrm: 1.00 | dt: 95ms | tok/sec: 10,823 | mfu: 0.0% | epoch: 1 | remaining: 200s    
step 01091 (33.3%) | loss: 4.402980 | lrm: 1.00 | dt: 109ms | tok/sec: 9,386 | mfu: 0.0% | epoch: 1 | remaining: 200s    
step 01092 (33.3%) | loss: 4.368245 | lrm: 1.00 | dt: 92ms | tok/sec: 11,104 | mfu: 0.0% | epoch: 1 | remaining: 200s    
step 01093 (33.4%) | loss: 4.349373 | lrm: 1.00 | dt: 93ms | tok/sec: 11,023 | mfu: 0.0% | epoch: 1 | remaining: 200s    
step 01094 (33.4%) | loss: 4.383538 | lrm: 1.00 | dt: 86ms | tok/sec: 11,941 | mfu: 0.0% | epoch: 1 | remaining: 200s    
step 01095 (33.4%) | loss: 4.436836 | lrm: 1.00 | dt: 106ms | tok/sec: 9,616 | mfu: 0.0% | epoch: 1 | remaining: 200s    
step 01096 (33.5%) | loss: 4.473065 | lrm: 1.00 | dt: 99ms | tok/sec: 10,342 | mfu: 0.0% | epoch: 1 | remaining: 200s    
step 01097 (33.5%) | loss: 4.522686 | lrm: 1.00 | dt: 93ms | tok/sec: 11,053 | mfu: 0.0% | epoch: 1 | remaining: 199s    
step 01098 (33.5%) | loss: 4.573693 | lrm: 1.00 | dt: 89ms | tok/sec: 11,474 | mfu: 0.0% | epoch: 1 | remaining: 199s    
step 01099 (33.6%) | loss: 4.600190 | lrm: 1.00 | dt: 95ms | tok/sec: 10,746 | mfu: 0.0% | epoch: 1 | remaining: 199s    
step 01100 (33.6%) | loss: 4.592904 | lrm: 1.00 | dt: 94ms | tok/sec: 10,842 | mfu: 0.0% | epoch: 1 | remaining: 199s    
step 01101 (33.6%) | loss: 4.589062 | lrm: 1.00 | dt: 103ms | tok/sec: 9,958 | mfu: 0.0% | epoch: 1 | remaining: 199s    
step 01102 (33.7%) | loss: 4.553131 | lrm: 1.00 | dt: 97ms | tok/sec: 10,512 | mfu: 0.0% | epoch: 1 | remaining: 199s    
step 01103 (33.7%) | loss: 4.558493 | lrm: 1.00 | dt: 85ms | tok/sec: 12,089 | mfu: 0.0% | epoch: 1 | remaining: 199s    
step 01104 (33.7%) | loss: 4.544253 | lrm: 1.00 | dt: 95ms | tok/sec: 10,807 | mfu: 0.0% | epoch: 1 | remaining: 199s    
step 01105 (33.7%) | loss: 4.562642 | lrm: 1.00 | dt: 95ms | tok/sec: 10,788 | mfu: 0.0% | epoch: 1 | remaining: 199s    
step 01106 (33.8%) | loss: 4.580994 | lrm: 1.00 | dt: 110ms | tok/sec: 9,284 | mfu: 0.0% | epoch: 1 | remaining: 199s    
step 01107 (33.8%) | loss: 4.751776 | lrm: 1.00 | dt: 95ms | tok/sec: 10,801 | mfu: 0.0% | epoch: 1 | remaining: 198s    
step 01108 (33.8%) | loss: 4.881596 | lrm: 1.00 | dt: 97ms | tok/sec: 10,551 | mfu: 0.0% | epoch: 1 | remaining: 198s    
step 01109 (33.9%) | loss: 5.001401 | lrm: 1.00 | dt: 93ms | tok/sec: 10,983 | mfu: 0.0% | epoch: 1 | remaining: 198s    
step 01110 (33.9%) | loss: 5.141545 | lrm: 1.00 | dt: 100ms | tok/sec: 10,220 | mfu: 0.0% | epoch: 1 | remaining: 198s    
step 01111 (33.9%) | loss: 5.238557 | lrm: 1.00 | dt: 89ms | tok/sec: 11,559 | mfu: 0.0% | epoch: 1 | remaining: 198s    
step 01112 (34.0%) | loss: 5.320962 | lrm: 1.00 | dt: 103ms | tok/sec: 9,951 | mfu: 0.0% | epoch: 1 | remaining: 198s    
step 01113 (34.0%) | loss: 5.380035 | lrm: 1.00 | dt: 87ms | tok/sec: 11,814 | mfu: 0.0% | epoch: 1 | remaining: 198s    
step 01114 (34.0%) | loss: 5.421150 | lrm: 1.00 | dt: 95ms | tok/sec: 10,806 | mfu: 0.0% | epoch: 1 | remaining: 198s    
step 01115 (34.1%) | loss: 5.432956 | lrm: 1.00 | dt: 102ms | tok/sec: 9,995 | mfu: 0.0% | epoch: 1 | remaining: 198s    
step 01116 (34.1%) | loss: 5.434670 | lrm: 1.00 | dt: 88ms | tok/sec: 11,700 | mfu: 0.0% | epoch: 1 | remaining: 198s    
step 01117 (34.1%) | loss: 5.426905 | lrm: 1.00 | dt: 111ms | tok/sec: 9,235 | mfu: 0.0% | epoch: 1 | remaining: 197s    
step 01118 (34.2%) | loss: 5.421294 | lrm: 1.00 | dt: 94ms | tok/sec: 10,878 | mfu: 0.0% | epoch: 1 | remaining: 197s    
step 01119 (34.2%) | loss: 5.373680 | lrm: 1.00 | dt: 95ms | tok/sec: 10,768 | mfu: 0.0% | epoch: 1 | remaining: 197s    
step 01120 (34.2%) | loss: 5.321978 | lrm: 1.00 | dt: 95ms | tok/sec: 10,749 | mfu: 0.0% | epoch: 1 | remaining: 197s    
step 01121 (34.3%) | loss: 5.344693 | lrm: 1.00 | dt: 96ms | tok/sec: 10,685 | mfu: 0.0% | epoch: 1 | remaining: 197s    
step 01122 (34.3%) | loss: 5.304688 | lrm: 1.00 | dt: 100ms | tok/sec: 10,238 | mfu: 0.0% | epoch: 1 | remaining: 197s    
step 01123 (34.3%) | loss: 5.263972 | lrm: 1.00 | dt: 91ms | tok/sec: 11,215 | mfu: 0.0% | epoch: 1 | remaining: 197s    
step 01124 (34.4%) | loss: 5.290738 | lrm: 1.00 | dt: 93ms | tok/sec: 11,024 | mfu: 0.0% | epoch: 1 | remaining: 197s    
step 01125 (34.4%) | loss: 5.198159 | lrm: 1.00 | dt: 95ms | tok/sec: 10,813 | mfu: 0.0% | epoch: 1 | remaining: 197s    
step 01126 (34.4%) | loss: 5.218030 | lrm: 1.00 | dt: 95ms | tok/sec: 10,738 | mfu: 0.0% | epoch: 1 | remaining: 197s    
step 01127 (34.5%) | loss: 5.177997 | lrm: 1.00 | dt: 95ms | tok/sec: 10,738 | mfu: 0.0% | epoch: 1 | remaining: 197s    
step 01128 (34.5%) | loss: 5.164433 | lrm: 1.00 | dt: 79ms | tok/sec: 12,953 | mfu: 0.0% | epoch: 1 | remaining: 196s    
step 01129 (34.5%) | loss: 5.169196 | lrm: 1.00 | dt: 102ms | tok/sec: 9,998 | mfu: 0.0% | epoch: 1 | remaining: 196s    
step 01130 (34.5%) | loss: 5.202860 | lrm: 1.00 | dt: 104ms | tok/sec: 9,884 | mfu: 0.0% | epoch: 1 | remaining: 196s    
step 01131 (34.6%) | loss: 5.183867 | lrm: 1.00 | dt: 95ms | tok/sec: 10,735 | mfu: 0.0% | epoch: 1 | remaining: 196s    
step 01132 (34.6%) | loss: 5.170295 | lrm: 1.00 | dt: 95ms | tok/sec: 10,821 | mfu: 0.0% | epoch: 1 | remaining: 196s    
step 01133 (34.6%) | loss: 5.119431 | lrm: 1.00 | dt: 100ms | tok/sec: 10,217 | mfu: 0.0% | epoch: 1 | remaining: 196s    
step 01134 (34.7%) | loss: 5.110507 | lrm: 1.00 | dt: 94ms | tok/sec: 10,881 | mfu: 0.0% | epoch: 1 | remaining: 196s    
step 01135 (34.7%) | loss: 5.099333 | lrm: 1.00 | dt: 90ms | tok/sec: 11,419 | mfu: 0.0% | epoch: 1 | remaining: 196s    
step 01136 (34.7%) | loss: 5.068020 | lrm: 1.00 | dt: 106ms | tok/sec: 9,688 | mfu: 0.0% | epoch: 1 | remaining: 196s    
step 01137 (34.8%) | loss: 5.030119 | lrm: 1.00 | dt: 93ms | tok/sec: 10,991 | mfu: 0.0% | epoch: 1 | remaining: 196s    
step 01138 (34.8%) | loss: 4.988300 | lrm: 1.00 | dt: 85ms | tok/sec: 12,005 | mfu: 0.0% | epoch: 1 | remaining: 196s    
step 01139 (34.8%) | loss: 4.927694 | lrm: 1.00 | dt: 95ms | tok/sec: 10,762 | mfu: 0.0% | epoch: 1 | remaining: 195s    
step 01140 (34.9%) | loss: 4.916370 | lrm: 1.00 | dt: 95ms | tok/sec: 10,773 | mfu: 0.0% | epoch: 1 | remaining: 195s    
step 01141 (34.9%) | loss: 4.914943 | lrm: 1.00 | dt: 106ms | tok/sec: 9,665 | mfu: 0.0% | epoch: 1 | remaining: 195s    
step 01142 (34.9%) | loss: 4.912798 | lrm: 1.00 | dt: 91ms | tok/sec: 11,202 | mfu: 0.0% | epoch: 1 | remaining: 195s    
step 01143 (35.0%) | loss: 4.863176 | lrm: 1.00 | dt: 100ms | tok/sec: 10,233 | mfu: 0.0% | epoch: 1 | remaining: 195s    
step 01144 (35.0%) | loss: 4.836084 | lrm: 1.00 | dt: 93ms | tok/sec: 11,031 | mfu: 0.0% | epoch: 1 | remaining: 195s    
step 01145 (35.0%) | loss: 4.792425 | lrm: 1.00 | dt: 84ms | tok/sec: 12,127 | mfu: 0.0% | epoch: 1 | remaining: 195s    
step 01146 (35.1%) | loss: 4.766410 | lrm: 1.00 | dt: 111ms | tok/sec: 9,264 | mfu: 0.0% | epoch: 1 | remaining: 195s    
step 01147 (35.1%) | loss: 4.767505 | lrm: 1.00 | dt: 78ms | tok/sec: 13,096 | mfu: 0.0% | epoch: 1 | remaining: 195s    
step 01148 (35.1%) | loss: 4.772982 | lrm: 1.00 | dt: 110ms | tok/sec: 9,269 | mfu: 0.0% | epoch: 1 | remaining: 195s    
step 01149 (35.2%) | loss: 4.757730 | lrm: 1.00 | dt: 79ms | tok/sec: 12,908 | mfu: 0.0% | epoch: 1 | remaining: 194s    
step 01150 (35.2%) | loss: 4.732348 | lrm: 1.00 | dt: 94ms | tok/sec: 10,838 | mfu: 0.0% | epoch: 1 | remaining: 194s    
step 01151 (35.2%) | loss: 4.704401 | lrm: 1.00 | dt: 103ms | tok/sec: 9,931 | mfu: 0.0% | epoch: 1 | remaining: 194s    
step 01152 (35.2%) | loss: 4.687524 | lrm: 1.00 | dt: 128ms | tok/sec: 7,971 | mfu: 0.0% | epoch: 1 | remaining: 194s    
step 01153 (35.3%) | loss: 4.687822 | lrm: 1.00 | dt: 111ms | tok/sec: 9,208 | mfu: 0.0% | epoch: 1 | remaining: 194s    
step 01154 (35.3%) | loss: 4.716430 | lrm: 1.00 | dt: 107ms | tok/sec: 9,527 | mfu: 0.0% | epoch: 1 | remaining: 194s    
step 01155 (35.4%) | loss: 4.706674 | lrm: 1.00 | dt: 113ms | tok/sec: 9,071 | mfu: 0.0% | epoch: 1 | remaining: 194s    
step 01156 (35.4%) | loss: 4.693205 | lrm: 1.00 | dt: 85ms | tok/sec: 11,993 | mfu: 0.0% | epoch: 1 | remaining: 194s    
step 01157 (35.4%) | loss: 4.699379 | lrm: 1.00 | dt: 109ms | tok/sec: 9,387 | mfu: 0.0% | epoch: 1 | remaining: 194s    
step 01158 (35.5%) | loss: 4.676103 | lrm: 1.00 | dt: 95ms | tok/sec: 10,728 | mfu: 0.0% | epoch: 1 | remaining: 194s    
step 01159 (35.5%) | loss: 4.694265 | lrm: 1.00 | dt: 105ms | tok/sec: 9,706 | mfu: 0.0% | epoch: 1 | remaining: 193s    
step 01160 (35.5%) | loss: 4.684834 | lrm: 1.00 | dt: 90ms | tok/sec: 11,371 | mfu: 0.0% | epoch: 1 | remaining: 193s    
step 01161 (35.6%) | loss: 4.669308 | lrm: 1.00 | dt: 108ms | tok/sec: 9,500 | mfu: 0.0% | epoch: 1 | remaining: 193s    
step 01162 (35.6%) | loss: 4.658612 | lrm: 1.00 | dt: 103ms | tok/sec: 9,925 | mfu: 0.0% | epoch: 1 | remaining: 193s    
step 01163 (35.6%) | loss: 4.654385 | lrm: 1.00 | dt: 112ms | tok/sec: 9,167 | mfu: 0.0% | epoch: 1 | remaining: 193s    
step 01164 (35.7%) | loss: 4.624190 | lrm: 1.00 | dt: 108ms | tok/sec: 9,462 | mfu: 0.0% | epoch: 1 | remaining: 193s    
step 01165 (35.7%) | loss: 4.623727 | lrm: 1.00 | dt: 106ms | tok/sec: 9,675 | mfu: 0.0% | epoch: 1 | remaining: 193s    
step 01166 (35.7%) | loss: 4.627269 | lrm: 1.00 | dt: 95ms | tok/sec: 10,729 | mfu: 0.0% | epoch: 1 | remaining: 193s    
step 01167 (35.8%) | loss: 4.656729 | lrm: 1.00 | dt: 85ms | tok/sec: 12,054 | mfu: 0.0% | epoch: 1 | remaining: 193s    
step 01168 (35.8%) | loss: 4.658579 | lrm: 1.00 | dt: 127ms | tok/sec: 8,084 | mfu: 0.0% | epoch: 1 | remaining: 192s    
step 01169 (35.8%) | loss: 4.675128 | lrm: 1.00 | dt: 95ms | tok/sec: 10,819 | mfu: 0.0% | epoch: 1 | remaining: 192s    
step 01170 (35.9%) | loss: 4.660800 | lrm: 1.00 | dt: 110ms | tok/sec: 9,282 | mfu: 0.0% | epoch: 1 | remaining: 192s    
step 01171 (35.9%) | loss: 4.649366 | lrm: 1.00 | dt: 106ms | tok/sec: 9,624 | mfu: 0.0% | epoch: 1 | remaining: 192s    
step 01172 (35.9%) | loss: 4.644642 | lrm: 1.00 | dt: 85ms | tok/sec: 12,025 | mfu: 0.0% | epoch: 1 | remaining: 192s    
step 01173 (36.0%) | loss: 4.651087 | lrm: 1.00 | dt: 111ms | tok/sec: 9,264 | mfu: 0.0% | epoch: 1 | remaining: 192s    
step 01174 (36.0%) | loss: 4.631925 | lrm: 1.00 | dt: 96ms | tok/sec: 10,692 | mfu: 0.0% | epoch: 1 | remaining: 192s    
step 01175 (36.0%) | loss: 4.625333 | lrm: 1.00 | dt: 95ms | tok/sec: 10,820 | mfu: 0.0% | epoch: 1 | remaining: 192s    
step 01176 (36.1%) | loss: 4.615603 | lrm: 1.00 | dt: 80ms | tok/sec: 12,853 | mfu: 0.0% | epoch: 1 | remaining: 192s    
step 01177 (36.1%) | loss: 4.605695 | lrm: 1.00 | dt: 95ms | tok/sec: 10,743 | mfu: 0.0% | epoch: 1 | remaining: 192s    
step 01178 (36.1%) | loss: 4.596812 | lrm: 1.00 | dt: 95ms | tok/sec: 10,787 | mfu: 0.0% | epoch: 1 | remaining: 192s    
step 01179 (36.2%) | loss: 4.589503 | lrm: 1.00 | dt: 90ms | tok/sec: 11,351 | mfu: 0.0% | epoch: 1 | remaining: 191s    
step 01180 (36.2%) | loss: 4.568284 | lrm: 1.00 | dt: 83ms | tok/sec: 12,272 | mfu: 0.0% | epoch: 1 | remaining: 191s    
step 01181 (36.2%) | loss: 4.552198 | lrm: 1.00 | dt: 95ms | tok/sec: 10,764 | mfu: 0.0% | epoch: 1 | remaining: 191s    
step 01182 (36.3%) | loss: 4.560406 | lrm: 1.00 | dt: 95ms | tok/sec: 10,733 | mfu: 0.0% | epoch: 1 | remaining: 191s    
step 01183 (36.3%) | loss: 4.576332 | lrm: 1.00 | dt: 95ms | tok/sec: 10,774 | mfu: 0.0% | epoch: 1 | remaining: 191s    
step 01184 (36.3%) | loss: 4.578279 | lrm: 1.00 | dt: 95ms | tok/sec: 10,813 | mfu: 0.0% | epoch: 1 | remaining: 191s    
step 01185 (36.3%) | loss: 4.553678 | lrm: 1.00 | dt: 79ms | tok/sec: 12,940 | mfu: 0.0% | epoch: 1 | remaining: 191s    
step 01186 (36.4%) | loss: 4.531593 | lrm: 1.00 | dt: 96ms | tok/sec: 10,700 | mfu: 0.0% | epoch: 1 | remaining: 191s    
step 01187 (36.4%) | loss: 4.509623 | lrm: 1.00 | dt: 95ms | tok/sec: 10,773 | mfu: 0.0% | epoch: 1 | remaining: 191s    
step 01188 (36.4%) | loss: 4.502454 | lrm: 1.00 | dt: 80ms | tok/sec: 12,731 | mfu: 0.0% | epoch: 1 | remaining: 191s    
step 01189 (36.5%) | loss: 4.491297 | lrm: 1.00 | dt: 95ms | tok/sec: 10,773 | mfu: 0.0% | epoch: 1 | remaining: 191s    
step 01190 (36.5%) | loss: 4.470320 | lrm: 1.00 | dt: 95ms | tok/sec: 10,742 | mfu: 0.0% | epoch: 1 | remaining: 190s    
step 01191 (36.5%) | loss: 4.472341 | lrm: 1.00 | dt: 93ms | tok/sec: 11,038 | mfu: 0.0% | epoch: 1 | remaining: 190s    
step 01192 (36.6%) | loss: 4.465209 | lrm: 1.00 | dt: 81ms | tok/sec: 12,610 | mfu: 0.0% | epoch: 1 | remaining: 190s    
step 01193 (36.6%) | loss: 4.443015 | lrm: 1.00 | dt: 99ms | tok/sec: 10,382 | mfu: 0.0% | epoch: 1 | remaining: 190s    
step 01194 (36.6%) | loss: 4.424788 | lrm: 1.00 | dt: 196ms | tok/sec: 5,234 | mfu: 0.0% | epoch: 1 | remaining: 190s    
step 01195 (36.7%) | loss: 4.409800 | lrm: 1.00 | dt: 180ms | tok/sec: 5,685 | mfu: 0.0% | epoch: 1 | remaining: 190s    
step 01196 (36.7%) | loss: 4.405021 | lrm: 1.00 | dt: 541ms | tok/sec: 1,891 | mfu: 0.0% | epoch: 1 | remaining: 189s    
step 01197 (36.9%) | loss: 4.400011 | lrm: 1.00 | dt: 130ms | tok/sec: 7,848 | mfu: 0.0% | epoch: 1 | remaining: 189s    
step 01198 (37.0%) | loss: 4.385861 | lrm: 1.00 | dt: 106ms | tok/sec: 9,638 | mfu: 0.0% | epoch: 1 | remaining: 189s    
step 01199 (37.0%) | loss: 4.393809 | lrm: 1.00 | dt: 106ms | tok/sec: 9,657 | mfu: 0.0% | epoch: 1 | remaining: 189s    
step 01200 (37.0%) | loss: 4.390933 | lrm: 1.00 | dt: 90ms | tok/sec: 11,317 | mfu: 0.0% | epoch: 1 | remaining: 189s    
step 01201 (37.1%) | loss: 4.387420 | lrm: 1.00 | dt: 105ms | tok/sec: 9,742 | mfu: 0.0% | epoch: 1 | remaining: 189s    
step 01202 (37.1%) | loss: 4.362989 | lrm: 1.00 | dt: 99ms | tok/sec: 10,387 | mfu: 0.0% | epoch: 1 | remaining: 189s    
step 01203 (37.1%) | loss: 4.354346 | lrm: 1.00 | dt: 103ms | tok/sec: 9,967 | mfu: 0.0% | epoch: 1 | remaining: 188s    
step 01204 (37.2%) | loss: 4.367444 | lrm: 1.00 | dt: 79ms | tok/sec: 12,903 | mfu: 0.0% | epoch: 1 | remaining: 188s    
step 01205 (37.2%) | loss: 4.381224 | lrm: 1.00 | dt: 100ms | tok/sec: 10,258 | mfu: 0.0% | epoch: 1 | remaining: 188s    
step 01206 (37.2%) | loss: 4.398443 | lrm: 1.00 | dt: 101ms | tok/sec: 10,121 | mfu: 0.0% | epoch: 1 | remaining: 188s    
step 01207 (37.3%) | loss: 4.444468 | lrm: 1.00 | dt: 92ms | tok/sec: 11,188 | mfu: 0.0% | epoch: 1 | remaining: 188s    
step 01208 (37.3%) | loss: 4.472136 | lrm: 1.00 | dt: 120ms | tok/sec: 8,519 | mfu: 0.0% | epoch: 1 | remaining: 188s    
step 01209 (37.3%) | loss: 4.516247 | lrm: 1.00 | dt: 99ms | tok/sec: 10,301 | mfu: 0.0% | epoch: 1 | remaining: 188s    
step 01210 (37.4%) | loss: 4.557471 | lrm: 1.00 | dt: 97ms | tok/sec: 10,595 | mfu: 0.0% | epoch: 1 | remaining: 188s    
step 01211 (37.4%) | loss: 4.548197 | lrm: 1.00 | dt: 94ms | tok/sec: 10,872 | mfu: 0.0% | epoch: 1 | remaining: 188s    
step 01212 (37.4%) | loss: 4.529219 | lrm: 1.00 | dt: 108ms | tok/sec: 9,451 | mfu: 0.0% | epoch: 1 | remaining: 188s    
step 01213 (37.5%) | loss: 4.512764 | lrm: 1.00 | dt: 94ms | tok/sec: 10,900 | mfu: 0.0% | epoch: 1 | remaining: 187s    
step 01214 (37.5%) | loss: 4.462619 | lrm: 1.00 | dt: 93ms | tok/sec: 11,028 | mfu: 0.0% | epoch: 1 | remaining: 187s    
step 01215 (37.5%) | loss: 4.477497 | lrm: 1.00 | dt: 97ms | tok/sec: 10,548 | mfu: 0.0% | epoch: 1 | remaining: 187s    
step 01216 (37.6%) | loss: 4.503947 | lrm: 1.00 | dt: 97ms | tok/sec: 10,586 | mfu: 0.0% | epoch: 1 | remaining: 187s    
step 01217 (37.6%) | loss: 4.540437 | lrm: 1.00 | dt: 94ms | tok/sec: 10,932 | mfu: 0.0% | epoch: 1 | remaining: 187s    
step 01218 (37.6%) | loss: 4.535864 | lrm: 1.00 | dt: 89ms | tok/sec: 11,566 | mfu: 0.0% | epoch: 1 | remaining: 187s    
step 01219 (37.7%) | loss: 4.556726 | lrm: 1.00 | dt: 95ms | tok/sec: 10,753 | mfu: 0.0% | epoch: 1 | remaining: 187s    
step 01220 (37.7%) | loss: 4.559877 | lrm: 1.00 | dt: 77ms | tok/sec: 13,259 | mfu: 0.0% | epoch: 1 | remaining: 187s    
step 01221 (37.7%) | loss: 4.551044 | lrm: 1.00 | dt: 111ms | tok/sec: 9,187 | mfu: 0.0% | epoch: 1 | remaining: 187s    
step 01222 (37.8%) | loss: 4.540739 | lrm: 1.00 | dt: 97ms | tok/sec: 10,589 | mfu: 0.0% | epoch: 1 | remaining: 187s    
step 01223 (37.8%) | loss: 4.513490 | lrm: 1.00 | dt: 97ms | tok/sec: 10,560 | mfu: 0.0% | epoch: 1 | remaining: 187s    
step 01224 (37.8%) | loss: 4.510444 | lrm: 1.00 | dt: 90ms | tok/sec: 11,335 | mfu: 0.0% | epoch: 1 | remaining: 186s    
step 01225 (37.8%) | loss: 4.514643 | lrm: 1.00 | dt: 91ms | tok/sec: 11,309 | mfu: 0.0% | epoch: 1 | remaining: 186s    
step 01226 (37.9%) | loss: 4.491777 | lrm: 1.00 | dt: 91ms | tok/sec: 11,243 | mfu: 0.0% | epoch: 1 | remaining: 186s    
step 01227 (37.9%) | loss: 4.470564 | lrm: 1.00 | dt: 92ms | tok/sec: 11,166 | mfu: 0.0% | epoch: 1 | remaining: 186s    
step 01228 (37.9%) | loss: 4.444094 | lrm: 1.00 | dt: 94ms | tok/sec: 10,849 | mfu: 0.0% | epoch: 1 | remaining: 186s    
step 01229 (38.0%) | loss: 4.425740 | lrm: 1.00 | dt: 86ms | tok/sec: 11,851 | mfu: 0.0% | epoch: 1 | remaining: 186s    
step 01230 (38.0%) | loss: 4.416065 | lrm: 1.00 | dt: 95ms | tok/sec: 10,735 | mfu: 0.0% | epoch: 1 | remaining: 186s    
step 01231 (38.0%) | loss: 4.414622 | lrm: 1.00 | dt: 96ms | tok/sec: 10,707 | mfu: 0.0% | epoch: 1 | remaining: 186s    
step 01232 (38.1%) | loss: 4.379238 | lrm: 1.00 | dt: 96ms | tok/sec: 10,693 | mfu: 0.0% | epoch: 1 | remaining: 186s    
step 01233 (38.1%) | loss: 4.403689 | lrm: 1.00 | dt: 94ms | tok/sec: 10,839 | mfu: 0.0% | epoch: 1 | remaining: 186s    
step 01234 (38.1%) | loss: 4.399522 | lrm: 1.00 | dt: 91ms | tok/sec: 11,255 | mfu: 0.0% | epoch: 1 | remaining: 186s    
step 01235 (38.2%) | loss: 4.426672 | lrm: 1.00 | dt: 90ms | tok/sec: 11,381 | mfu: 0.0% | epoch: 1 | remaining: 185s    
step 01236 (38.2%) | loss: 4.452770 | lrm: 1.00 | dt: 90ms | tok/sec: 11,343 | mfu: 0.0% | epoch: 1 | remaining: 185s    
step 01237 (38.2%) | loss: 4.479181 | lrm: 1.00 | dt: 110ms | tok/sec: 9,346 | mfu: 0.0% | epoch: 1 | remaining: 185s    
step 01238 (38.3%) | loss: 4.499831 | lrm: 1.00 | dt: 106ms | tok/sec: 9,621 | mfu: 0.0% | epoch: 1 | remaining: 185s    
step 01239 (38.3%) | loss: 4.504931 | lrm: 1.00 | dt: 84ms | tok/sec: 12,155 | mfu: 0.0% | epoch: 1 | remaining: 185s    
step 01240 (38.3%) | loss: 4.498132 | lrm: 1.00 | dt: 103ms | tok/sec: 9,981 | mfu: 0.0% | epoch: 1 | remaining: 185s    
step 01241 (38.3%) | loss: 4.508656 | lrm: 1.00 | dt: 89ms | tok/sec: 11,466 | mfu: 0.0% | epoch: 1 | remaining: 185s    
step 01242 (38.4%) | loss: 4.510351 | lrm: 1.00 | dt: 79ms | tok/sec: 12,908 | mfu: 0.0% | epoch: 1 | remaining: 185s    
step 01243 (38.4%) | loss: 4.524503 | lrm: 1.00 | dt: 104ms | tok/sec: 9,856 | mfu: 0.0% | epoch: 1 | remaining: 185s    
step 01244 (38.4%) | loss: 4.522648 | lrm: 1.00 | dt: 90ms | tok/sec: 11,325 | mfu: 0.0% | epoch: 1 | remaining: 185s    
step 01245 (38.5%) | loss: 4.525077 | lrm: 1.00 | dt: 79ms | tok/sec: 12,949 | mfu: 0.0% | epoch: 1 | remaining: 185s    
step 01246 (38.5%) | loss: 4.531594 | lrm: 1.00 | dt: 98ms | tok/sec: 10,446 | mfu: 0.0% | epoch: 1 | remaining: 184s    
step 01247 (38.5%) | loss: 4.537881 | lrm: 1.00 | dt: 92ms | tok/sec: 11,163 | mfu: 0.0% | epoch: 1 | remaining: 184s    
step 01248 (38.6%) | loss: 4.513361 | lrm: 1.00 | dt: 95ms | tok/sec: 10,818 | mfu: 0.0% | epoch: 1 | remaining: 184s    
step 01249 (38.6%) | loss: 4.524546 | lrm: 1.00 | dt: 76ms | tok/sec: 13,387 | mfu: 0.0% | epoch: 1 | remaining: 184s    
step 01250 (38.6%) | loss: 4.505522 | lrm: 1.00 | dt: 109ms | tok/sec: 9,374 | mfu: 0.0% | epoch: 1 | remaining: 184s    
step 01251 (38.7%) | loss: 4.513285 | lrm: 1.00 | dt: 91ms | tok/sec: 11,297 | mfu: 0.0% | epoch: 1 | remaining: 184s    
step 01252 (38.7%) | loss: 4.530624 | lrm: 1.00 | dt: 95ms | tok/sec: 10,830 | mfu: 0.0% | epoch: 1 | remaining: 184s    
step 01253 (38.7%) | loss: 4.545342 | lrm: 1.00 | dt: 79ms | tok/sec: 12,908 | mfu: 0.0% | epoch: 1 | remaining: 184s    
step 01254 (38.7%) | loss: 4.535548 | lrm: 1.00 | dt: 109ms | tok/sec: 9,358 | mfu: 0.0% | epoch: 1 | remaining: 184s    
step 01255 (38.8%) | loss: 4.545431 | lrm: 1.00 | dt: 87ms | tok/sec: 11,723 | mfu: 0.0% | epoch: 1 | remaining: 184s    
step 01256 (38.8%) | loss: 4.559077 | lrm: 1.00 | dt: 79ms | tok/sec: 12,883 | mfu: 0.0% | epoch: 1 | remaining: 184s    
step 01257 (38.8%) | loss: 4.578968 | lrm: 1.00 | dt: 95ms | tok/sec: 10,777 | mfu: 0.0% | epoch: 1 | remaining: 183s    
step 01258 (38.9%) | loss: 4.587962 | lrm: 1.00 | dt: 112ms | tok/sec: 9,171 | mfu: 0.0% | epoch: 1 | remaining: 183s    
step 01259 (38.9%) | loss: 4.640704 | lrm: 1.00 | dt: 87ms | tok/sec: 11,754 | mfu: 0.0% | epoch: 1 | remaining: 183s    
step 01260 (38.9%) | loss: 4.640347 | lrm: 1.00 | dt: 95ms | tok/sec: 10,793 | mfu: 0.0% | epoch: 1 | remaining: 183s    
step 01261 (39.0%) | loss: 4.651045 | lrm: 1.00 | dt: 79ms | tok/sec: 13,040 | mfu: 0.0% | epoch: 1 | remaining: 183s    
step 01262 (39.0%) | loss: 4.658309 | lrm: 1.00 | dt: 89ms | tok/sec: 11,499 | mfu: 0.0% | epoch: 1 | remaining: 183s    
step 01263 (39.0%) | loss: 4.680134 | lrm: 1.00 | dt: 95ms | tok/sec: 10,739 | mfu: 0.0% | epoch: 1 | remaining: 183s    
step 01264 (39.1%) | loss: 4.706563 | lrm: 1.00 | dt: 95ms | tok/sec: 10,816 | mfu: 0.0% | epoch: 1 | remaining: 183s    
step 01265 (39.1%) | loss: 4.723299 | lrm: 1.00 | dt: 93ms | tok/sec: 11,002 | mfu: 0.0% | epoch: 1 | remaining: 183s    
step 01266 (39.1%) | loss: 4.718612 | lrm: 1.00 | dt: 96ms | tok/sec: 10,646 | mfu: 0.0% | epoch: 1 | remaining: 183s    
step 01267 (39.1%) | loss: 4.737422 | lrm: 1.00 | dt: 92ms | tok/sec: 11,091 | mfu: 0.0% | epoch: 1 | remaining: 182s    
step 01268 (39.2%) | loss: 4.722055 | lrm: 1.00 | dt: 80ms | tok/sec: 12,775 | mfu: 0.0% | epoch: 1 | remaining: 182s    
step 01269 (39.2%) | loss: 4.728785 | lrm: 1.00 | dt: 95ms | tok/sec: 10,807 | mfu: 0.0% | epoch: 1 | remaining: 182s    
step 01270 (39.2%) | loss: 4.707010 | lrm: 1.00 | dt: 90ms | tok/sec: 11,333 | mfu: 0.0% | epoch: 1 | remaining: 182s    
step 01271 (39.3%) | loss: 4.714647 | lrm: 1.00 | dt: 104ms | tok/sec: 9,862 | mfu: 0.0% | epoch: 1 | remaining: 182s    
step 01272 (39.3%) | loss: 4.714871 | lrm: 1.00 | dt: 97ms | tok/sec: 10,588 | mfu: 0.0% | epoch: 1 | remaining: 182s    
step 01273 (39.3%) | loss: 4.714330 | lrm: 1.00 | dt: 93ms | tok/sec: 10,961 | mfu: 0.0% | epoch: 1 | remaining: 182s    
step 01274 (39.4%) | loss: 4.738603 | lrm: 1.00 | dt: 98ms | tok/sec: 10,478 | mfu: 0.0% | epoch: 1 | remaining: 182s    
step 01275 (39.4%) | loss: 4.724972 | lrm: 1.00 | dt: 101ms | tok/sec: 10,176 | mfu: 0.0% | epoch: 1 | remaining: 182s    
step 01276 (39.4%) | loss: 4.721760 | lrm: 1.00 | dt: 95ms | tok/sec: 10,735 | mfu: 0.0% | epoch: 1 | remaining: 182s    
step 01277 (39.5%) | loss: 4.690251 | lrm: 1.00 | dt: 97ms | tok/sec: 10,516 | mfu: 0.0% | epoch: 1 | remaining: 182s    
step 01278 (39.5%) | loss: 4.675825 | lrm: 1.00 | dt: 94ms | tok/sec: 10,841 | mfu: 0.0% | epoch: 1 | remaining: 181s    
step 01279 (39.5%) | loss: 4.663548 | lrm: 1.00 | dt: 91ms | tok/sec: 11,249 | mfu: 0.0% | epoch: 1 | remaining: 181s    
step 01280 (39.6%) | loss: 4.671218 | lrm: 1.00 | dt: 95ms | tok/sec: 10,756 | mfu: 0.0% | epoch: 1 | remaining: 181s    
step 01281 (39.6%) | loss: 4.660257 | lrm: 1.00 | dt: 99ms | tok/sec: 10,312 | mfu: 0.0% | epoch: 1 | remaining: 181s    
step 01282 (39.6%) | loss: 4.645372 | lrm: 1.00 | dt: 96ms | tok/sec: 10,634 | mfu: 0.0% | epoch: 1 | remaining: 181s    
step 01283 (39.7%) | loss: 4.640655 | lrm: 1.00 | dt: 97ms | tok/sec: 10,595 | mfu: 0.0% | epoch: 1 | remaining: 181s    
step 01284 (39.7%) | loss: 4.649007 | lrm: 1.00 | dt: 99ms | tok/sec: 10,372 | mfu: 0.0% | epoch: 1 | remaining: 181s    
step 01285 (39.7%) | loss: 4.629011 | lrm: 1.00 | dt: 100ms | tok/sec: 10,219 | mfu: 0.0% | epoch: 1 | remaining: 181s    
step 01286 (39.7%) | loss: 4.627317 | lrm: 1.00 | dt: 90ms | tok/sec: 11,330 | mfu: 0.0% | epoch: 1 | remaining: 181s    
step 01287 (39.8%) | loss: 4.596456 | lrm: 1.00 | dt: 90ms | tok/sec: 11,318 | mfu: 0.0% | epoch: 1 | remaining: 181s    
step 01288 (39.8%) | loss: 4.591385 | lrm: 1.00 | dt: 97ms | tok/sec: 10,575 | mfu: 0.0% | epoch: 1 | remaining: 180s    
step 01289 (39.8%) | loss: 4.574724 | lrm: 1.00 | dt: 95ms | tok/sec: 10,743 | mfu: 0.0% | epoch: 1 | remaining: 180s    
step 01290 (39.9%) | loss: 4.556906 | lrm: 1.00 | dt: 79ms | tok/sec: 12,920 | mfu: 0.0% | epoch: 1 | remaining: 180s    
step 01291 (39.9%) | loss: 4.568287 | lrm: 1.00 | dt: 103ms | tok/sec: 9,926 | mfu: 0.0% | epoch: 1 | remaining: 180s    
step 01292 (39.9%) | loss: 4.605339 | lrm: 1.00 | dt: 87ms | tok/sec: 11,788 | mfu: 0.0% | epoch: 1 | remaining: 180s    
step 01293 (40.0%) | loss: 4.623760 | lrm: 1.00 | dt: 97ms | tok/sec: 10,548 | mfu: 0.0% | epoch: 1 | remaining: 180s    
step 01294 (40.0%) | loss: 4.673331 | lrm: 1.00 | dt: 102ms | tok/sec: 10,047 | mfu: 0.0% | epoch: 1 | remaining: 180s    
step 01295 (40.0%) | loss: 4.641299 | lrm: 1.00 | dt: 97ms | tok/sec: 10,578 | mfu: 0.0% | epoch: 1 | remaining: 180s    
step 01296 (40.1%) | loss: 4.627935 | lrm: 1.00 | dt: 90ms | tok/sec: 11,322 | mfu: 0.0% | epoch: 1 | remaining: 180s    
step 01297 (40.1%) | loss: 4.631643 | lrm: 1.00 | dt: 100ms | tok/sec: 10,204 | mfu: 0.0% | epoch: 1 | remaining: 180s    
step 01298 (40.1%) | loss: 4.624239 | lrm: 1.00 | dt: 75ms | tok/sec: 13,639 | mfu: 0.0% | epoch: 1 | remaining: 180s    
step 01299 (40.2%) | loss: 4.630732 | lrm: 1.00 | dt: 105ms | tok/sec: 9,715 | mfu: 0.0% | epoch: 1 | remaining: 179s    
step 01300 (40.2%) | loss: 4.644491 | lrm: 1.00 | dt: 84ms | tok/sec: 12,154 | mfu: 0.0% | epoch: 1 | remaining: 179s    
step 01301 (40.2%) | loss: 4.630495 | lrm: 1.00 | dt: 95ms | tok/sec: 10,790 | mfu: 0.0% | epoch: 1 | remaining: 179s    
step 01302 (40.2%) | loss: 4.632376 | lrm: 1.00 | dt: 91ms | tok/sec: 11,230 | mfu: 0.0% | epoch: 1 | remaining: 179s    
step 01303 (40.3%) | loss: 4.617419 | lrm: 1.00 | dt: 83ms | tok/sec: 12,309 | mfu: 0.0% | epoch: 1 | remaining: 179s    
step 01304 (40.3%) | loss: 4.615847 | lrm: 1.00 | dt: 95ms | tok/sec: 10,734 | mfu: 0.0% | epoch: 1 | remaining: 179s    
step 01305 (40.3%) | loss: 4.599755 | lrm: 1.00 | dt: 100ms | tok/sec: 10,270 | mfu: 0.0% | epoch: 1 | remaining: 179s    
step 01306 (40.4%) | loss: 4.590707 | lrm: 1.00 | dt: 91ms | tok/sec: 11,309 | mfu: 0.0% | epoch: 1 | remaining: 179s    
step 01307 (40.4%) | loss: 4.561517 | lrm: 1.00 | dt: 92ms | tok/sec: 11,121 | mfu: 0.0% | epoch: 1 | remaining: 179s    
step 01308 (40.4%) | loss: 4.554569 | lrm: 1.00 | dt: 88ms | tok/sec: 11,580 | mfu: 0.0% | epoch: 1 | remaining: 179s    
step 01309 (40.5%) | loss: 4.561725 | lrm: 1.00 | dt: 90ms | tok/sec: 11,439 | mfu: 0.0% | epoch: 1 | remaining: 179s    
step 01310 (40.5%) | loss: 4.575048 | lrm: 1.00 | dt: 97ms | tok/sec: 10,594 | mfu: 0.0% | epoch: 1 | remaining: 178s    
step 01311 (40.5%) | loss: 4.561716 | lrm: 1.00 | dt: 77ms | tok/sec: 13,323 | mfu: 0.0% | epoch: 1 | remaining: 178s    
step 01312 (40.5%) | loss: 4.587295 | lrm: 1.00 | dt: 105ms | tok/sec: 9,780 | mfu: 0.0% | epoch: 1 | remaining: 178s    
step 01313 (40.6%) | loss: 4.581184 | lrm: 1.00 | dt: 85ms | tok/sec: 12,089 | mfu: 0.0% | epoch: 1 | remaining: 178s    
step 01314 (40.6%) | loss: 4.580964 | lrm: 1.00 | dt: 95ms | tok/sec: 10,817 | mfu: 0.0% | epoch: 1 | remaining: 178s    
step 01315 (40.6%) | loss: 4.573627 | lrm: 1.00 | dt: 95ms | tok/sec: 10,757 | mfu: 0.0% | epoch: 1 | remaining: 178s    
step 01316 (40.7%) | loss: 4.576305 | lrm: 1.00 | dt: 93ms | tok/sec: 10,979 | mfu: 0.0% | epoch: 1 | remaining: 178s    
step 01317 (40.7%) | loss: 4.556077 | lrm: 1.00 | dt: 81ms | tok/sec: 12,661 | mfu: 0.0% | epoch: 1 | remaining: 178s    
step 01318 (40.7%) | loss: 4.534931 | lrm: 1.00 | dt: 104ms | tok/sec: 9,881 | mfu: 0.0% | epoch: 1 | remaining: 178s    
step 01319 (40.8%) | loss: 4.526737 | lrm: 1.00 | dt: 88ms | tok/sec: 11,661 | mfu: 0.0% | epoch: 1 | remaining: 178s    
step 01320 (40.8%) | loss: 4.532190 | lrm: 1.00 | dt: 100ms | tok/sec: 10,249 | mfu: 0.0% | epoch: 1 | remaining: 178s    
step 01321 (40.8%) | loss: 4.500302 | lrm: 1.00 | dt: 90ms | tok/sec: 11,426 | mfu: 0.0% | epoch: 1 | remaining: 177s    
step 01322 (40.9%) | loss: 4.501097 | lrm: 1.00 | dt: 115ms | tok/sec: 8,905 | mfu: 0.0% | epoch: 1 | remaining: 177s    
step 01323 (40.9%) | loss: 4.479913 | lrm: 1.00 | dt: 93ms | tok/sec: 10,976 | mfu: 0.0% | epoch: 1 | remaining: 177s    
step 01324 (40.9%) | loss: 4.463074 | lrm: 1.00 | dt: 93ms | tok/sec: 11,005 | mfu: 0.0% | epoch: 1 | remaining: 177s    
step 01325 (41.0%) | loss: 4.436236 | lrm: 1.00 | dt: 79ms | tok/sec: 12,911 | mfu: 0.0% | epoch: 1 | remaining: 177s    
step 01326 (41.0%) | loss: 4.427683 | lrm: 1.00 | dt: 111ms | tok/sec: 9,188 | mfu: 0.0% | epoch: 1 | remaining: 177s    
step 01327 (41.0%) | loss: 4.436156 | lrm: 1.00 | dt: 79ms | tok/sec: 12,939 | mfu: 0.0% | epoch: 1 | remaining: 177s    
step 01328 (41.0%) | loss: 4.457073 | lrm: 1.00 | dt: 107ms | tok/sec: 9,578 | mfu: 0.0% | epoch: 1 | remaining: 177s    
step 01329 (41.1%) | loss: 4.468040 | lrm: 1.00 | dt: 96ms | tok/sec: 10,646 | mfu: 0.0% | epoch: 1 | remaining: 177s    
step 01330 (41.1%) | loss: 4.495603 | lrm: 1.00 | dt: 81ms | tok/sec: 12,571 | mfu: 0.0% | epoch: 1 | remaining: 177s    
step 01331 (41.1%) | loss: 4.492919 | lrm: 1.00 | dt: 95ms | tok/sec: 10,744 | mfu: 0.0% | epoch: 1 | remaining: 176s    
step 01332 (41.2%) | loss: 4.509869 | lrm: 1.00 | dt: 103ms | tok/sec: 9,921 | mfu: 0.0% | epoch: 1 | remaining: 176s    
step 01333 (41.2%) | loss: 4.512998 | lrm: 1.00 | dt: 93ms | tok/sec: 10,992 | mfu: 0.0% | epoch: 1 | remaining: 176s    
step 01334 (41.2%) | loss: 4.537931 | lrm: 1.00 | dt: 89ms | tok/sec: 11,447 | mfu: 0.0% | epoch: 1 | remaining: 176s    
step 01335 (41.3%) | loss: 4.493212 | lrm: 1.00 | dt: 97ms | tok/sec: 10,570 | mfu: 0.0% | epoch: 1 | remaining: 176s    
step 01336 (41.3%) | loss: 4.492931 | lrm: 1.00 | dt: 104ms | tok/sec: 9,824 | mfu: 0.0% | epoch: 1 | remaining: 176s    
step 01337 (41.3%) | loss: 4.487712 | lrm: 1.00 | dt: 83ms | tok/sec: 12,367 | mfu: 0.0% | epoch: 1 | remaining: 176s    
step 01338 (41.4%) | loss: 4.501715 | lrm: 1.00 | dt: 103ms | tok/sec: 9,922 | mfu: 0.0% | epoch: 1 | remaining: 176s    
step 01339 (41.4%) | loss: 4.510064 | lrm: 1.00 | dt: 88ms | tok/sec: 11,640 | mfu: 0.0% | epoch: 1 | remaining: 176s    
step 01340 (41.4%) | loss: 4.497771 | lrm: 1.00 | dt: 99ms | tok/sec: 10,379 | mfu: 0.0% | epoch: 1 | remaining: 176s    
step 01341 (41.5%) | loss: 4.488999 | lrm: 1.00 | dt: 89ms | tok/sec: 11,495 | mfu: 0.0% | epoch: 1 | remaining: 176s    
step 01342 (41.5%) | loss: 4.467289 | lrm: 1.00 | dt: 97ms | tok/sec: 10,555 | mfu: 0.0% | epoch: 1 | remaining: 175s    
step 01343 (41.5%) | loss: 4.455929 | lrm: 1.00 | dt: 93ms | tok/sec: 11,059 | mfu: 0.0% | epoch: 1 | remaining: 175s    
step 01344 (41.6%) | loss: 4.482755 | lrm: 1.00 | dt: 85ms | tok/sec: 12,045 | mfu: 0.0% | epoch: 1 | remaining: 175s    
step 01345 (41.6%) | loss: 4.470495 | lrm: 1.00 | dt: 98ms | tok/sec: 10,485 | mfu: 0.0% | epoch: 1 | remaining: 175s    
step 01346 (41.6%) | loss: 4.473754 | lrm: 1.00 | dt: 99ms | tok/sec: 10,385 | mfu: 0.0% | epoch: 1 | remaining: 175s    
step 01347 (41.6%) | loss: 4.441253 | lrm: 1.00 | dt: 96ms | tok/sec: 10,680 | mfu: 0.0% | epoch: 1 | remaining: 175s    
step 01348 (41.7%) | loss: 4.434411 | lrm: 1.00 | dt: 81ms | tok/sec: 12,585 | mfu: 0.0% | epoch: 1 | remaining: 175s    
step 01349 (41.7%) | loss: 4.431009 | lrm: 1.00 | dt: 95ms | tok/sec: 10,800 | mfu: 0.0% | epoch: 1 | remaining: 175s    
step 01350 (41.7%) | loss: 4.440934 | lrm: 1.00 | dt: 103ms | tok/sec: 9,936 | mfu: 0.0% | epoch: 1 | remaining: 175s    
step 01351 (41.8%) | loss: 4.426628 | lrm: 1.00 | dt: 91ms | tok/sec: 11,245 | mfu: 0.0% | epoch: 1 | remaining: 175s    
step 01352 (41.8%) | loss: 4.419941 | lrm: 1.00 | dt: 90ms | tok/sec: 11,354 | mfu: 0.0% | epoch: 1 | remaining: 174s    
step 01353 (41.8%) | loss: 4.422441 | lrm: 1.00 | dt: 96ms | tok/sec: 10,704 | mfu: 0.0% | epoch: 1 | remaining: 174s    
step 01354 (41.9%) | loss: 4.441724 | lrm: 1.00 | dt: 94ms | tok/sec: 10,878 | mfu: 0.0% | epoch: 1 | remaining: 174s    
step 01355 (41.9%) | loss: 4.433236 | lrm: 1.00 | dt: 99ms | tok/sec: 10,393 | mfu: 0.0% | epoch: 1 | remaining: 174s    
step 01356 (41.9%) | loss: 4.440821 | lrm: 1.00 | dt: 93ms | tok/sec: 10,972 | mfu: 0.0% | epoch: 1 | remaining: 174s    
step 01357 (42.0%) | loss: 4.424113 | lrm: 1.00 | dt: 94ms | tok/sec: 10,835 | mfu: 0.0% | epoch: 1 | remaining: 174s    
step 01358 (42.0%) | loss: 4.428573 | lrm: 1.00 | dt: 95ms | tok/sec: 10,774 | mfu: 0.0% | epoch: 1 | remaining: 174s    
step 01359 (42.0%) | loss: 4.395905 | lrm: 1.00 | dt: 96ms | tok/sec: 10,714 | mfu: 0.0% | epoch: 1 | remaining: 174s    
step 01360 (42.1%) | loss: 4.384173 | lrm: 1.00 | dt: 97ms | tok/sec: 10,543 | mfu: 0.0% | epoch: 1 | remaining: 174s    
step 01361 (42.1%) | loss: 4.366073 | lrm: 1.00 | dt: 95ms | tok/sec: 10,790 | mfu: 0.0% | epoch: 1 | remaining: 174s    
step 01362 (42.1%) | loss: 4.342022 | lrm: 1.00 | dt: 96ms | tok/sec: 10,665 | mfu: 0.0% | epoch: 1 | remaining: 174s    
step 01363 (42.2%) | loss: 4.316073 | lrm: 1.00 | dt: 94ms | tok/sec: 10,861 | mfu: 0.0% | epoch: 1 | remaining: 173s    
step 01364 (42.2%) | loss: 4.329673 | lrm: 1.00 | dt: 97ms | tok/sec: 10,585 | mfu: 0.0% | epoch: 1 | remaining: 173s    
step 01365 (42.2%) | loss: 4.389908 | lrm: 1.00 | dt: 79ms | tok/sec: 12,997 | mfu: 0.0% | epoch: 1 | remaining: 173s    
step 01366 (42.2%) | loss: 4.443999 | lrm: 1.00 | dt: 111ms | tok/sec: 9,232 | mfu: 0.0% | epoch: 1 | remaining: 173s    
step 01367 (42.3%) | loss: 4.563056 | lrm: 1.00 | dt: 79ms | tok/sec: 12,930 | mfu: 0.0% | epoch: 1 | remaining: 173s    
step 01368 (42.3%) | loss: 4.654041 | lrm: 1.00 | dt: 111ms | tok/sec: 9,223 | mfu: 0.0% | epoch: 1 | remaining: 173s    
step 01369 (42.3%) | loss: 4.735795 | lrm: 1.00 | dt: 94ms | tok/sec: 10,887 | mfu: 0.0% | epoch: 1 | remaining: 173s    
step 01370 (42.4%) | loss: 4.826249 | lrm: 1.00 | dt: 93ms | tok/sec: 10,998 | mfu: 0.0% | epoch: 1 | remaining: 173s    
step 01371 (42.4%) | loss: 4.921427 | lrm: 1.00 | dt: 93ms | tok/sec: 11,003 | mfu: 0.0% | epoch: 1 | remaining: 173s    
step 01372 (42.4%) | loss: 4.973592 | lrm: 1.00 | dt: 93ms | tok/sec: 11,000 | mfu: 0.0% | epoch: 1 | remaining: 173s    
step 01373 (42.5%) | loss: 4.994981 | lrm: 1.00 | dt: 86ms | tok/sec: 11,891 | mfu: 0.0% | epoch: 1 | remaining: 173s    
step 01374 (42.5%) | loss: 5.004336 | lrm: 1.00 | dt: 100ms | tok/sec: 10,231 | mfu: 0.0% | epoch: 1 | remaining: 172s    
step 01375 (42.5%) | loss: 5.032277 | lrm: 1.00 | dt: 88ms | tok/sec: 11,572 | mfu: 0.0% | epoch: 1 | remaining: 172s    
step 01376 (42.6%) | loss: 5.033986 | lrm: 1.00 | dt: 95ms | tok/sec: 10,835 | mfu: 0.0% | epoch: 1 | remaining: 172s    
step 01377 (42.6%) | loss: 5.065024 | lrm: 1.00 | dt: 95ms | tok/sec: 10,823 | mfu: 0.0% | epoch: 1 | remaining: 172s    
step 01378 (42.6%) | loss: 5.090096 | lrm: 1.00 | dt: 95ms | tok/sec: 10,765 | mfu: 0.0% | epoch: 1 | remaining: 172s    
step 01379 (42.7%) | loss: 5.122762 | lrm: 1.00 | dt: 95ms | tok/sec: 10,802 | mfu: 0.0% | epoch: 1 | remaining: 172s    
step 01380 (42.7%) | loss: 5.129052 | lrm: 1.00 | dt: 100ms | tok/sec: 10,281 | mfu: 0.0% | epoch: 1 | remaining: 172s    
step 01381 (42.7%) | loss: 5.144909 | lrm: 1.00 | dt: 95ms | tok/sec: 10,728 | mfu: 0.0% | epoch: 1 | remaining: 172s    
step 01382 (42.8%) | loss: 5.151760 | lrm: 1.00 | dt: 100ms | tok/sec: 10,266 | mfu: 0.0% | epoch: 1 | remaining: 172s    
step 01383 (42.8%) | loss: 5.172281 | lrm: 1.00 | dt: 90ms | tok/sec: 11,377 | mfu: 0.0% | epoch: 1 | remaining: 172s    
step 01384 (42.8%) | loss: 5.152341 | lrm: 1.00 | dt: 96ms | tok/sec: 10,717 | mfu: 0.0% | epoch: 1 | remaining: 171s    
step 01385 (42.8%) | loss: 5.141873 | lrm: 1.00 | dt: 95ms | tok/sec: 10,741 | mfu: 0.0% | epoch: 1 | remaining: 171s    
step 01386 (42.9%) | loss: 5.107891 | lrm: 1.00 | dt: 95ms | tok/sec: 10,763 | mfu: 0.0% | epoch: 1 | remaining: 171s    
step 01387 (42.9%) | loss: 5.072021 | lrm: 1.00 | dt: 96ms | tok/sec: 10,714 | mfu: 0.0% | epoch: 1 | remaining: 171s    
step 01388 (42.9%) | loss: 5.020254 | lrm: 1.00 | dt: 95ms | tok/sec: 10,821 | mfu: 0.0% | epoch: 1 | remaining: 171s    
step 01389 (43.0%) | loss: 5.000343 | lrm: 1.00 | dt: 102ms | tok/sec: 10,081 | mfu: 0.0% | epoch: 1 | remaining: 171s    
step 01390 (43.0%) | loss: 4.964504 | lrm: 1.00 | dt: 89ms | tok/sec: 11,517 | mfu: 0.0% | epoch: 1 | remaining: 171s    
step 01391 (43.0%) | loss: 4.934739 | lrm: 1.00 | dt: 105ms | tok/sec: 9,765 | mfu: 0.0% | epoch: 1 | remaining: 171s    
step 01392 (43.1%) | loss: 4.952178 | lrm: 1.00 | dt: 86ms | tok/sec: 11,920 | mfu: 0.0% | epoch: 1 | remaining: 171s    
step 01393 (43.1%) | loss: 4.946882 | lrm: 1.00 | dt: 105ms | tok/sec: 9,726 | mfu: 0.0% | epoch: 1 | remaining: 171s    
step 01394 (43.1%) | loss: 4.922635 | lrm: 1.00 | dt: 91ms | tok/sec: 11,290 | mfu: 0.0% | epoch: 1 | remaining: 171s    
step 01395 (43.2%) | loss: 4.880224 | lrm: 1.00 | dt: 96ms | tok/sec: 10,643 | mfu: 0.0% | epoch: 1 | remaining: 170s    
step 01396 (43.2%) | loss: 4.841800 | lrm: 1.00 | dt: 97ms | tok/sec: 10,604 | mfu: 0.0% | epoch: 1 | remaining: 170s    
step 01397 (43.2%) | loss: 4.796566 | lrm: 1.00 | dt: 95ms | tok/sec: 10,825 | mfu: 0.0% | epoch: 1 | remaining: 170s    
step 01398 (43.3%) | loss: 4.788377 | lrm: 1.00 | dt: 87ms | tok/sec: 11,806 | mfu: 0.0% | epoch: 1 | remaining: 170s    
step 01399 (43.3%) | loss: 4.755306 | lrm: 1.00 | dt: 101ms | tok/sec: 10,152 | mfu: 0.0% | epoch: 1 | remaining: 170s    
step 01400 (43.3%) | loss: 4.758119 | lrm: 1.00 | dt: 88ms | tok/sec: 11,574 | mfu: 0.0% | epoch: 1 | remaining: 170s    
step 01401 (43.4%) | loss: 4.746448 | lrm: 1.00 | dt: 96ms | tok/sec: 10,696 | mfu: 0.0% | epoch: 1 | remaining: 170s    
step 01402 (43.4%) | loss: 4.751086 | lrm: 1.00 | dt: 95ms | tok/sec: 10,747 | mfu: 0.0% | epoch: 1 | remaining: 170s    
step 01403 (43.4%) | loss: 4.739147 | lrm: 1.00 | dt: 95ms | tok/sec: 10,748 | mfu: 0.0% | epoch: 1 | remaining: 170s    
step 01404 (43.4%) | loss: 4.729296 | lrm: 1.00 | dt: 101ms | tok/sec: 10,182 | mfu: 0.0% | epoch: 1 | remaining: 170s    
step 01405 (43.5%) | loss: 4.730709 | lrm: 1.00 | dt: 89ms | tok/sec: 11,470 | mfu: 0.0% | epoch: 1 | remaining: 169s    
step 01406 (43.5%) | loss: 4.717725 | lrm: 1.00 | dt: 101ms | tok/sec: 10,157 | mfu: 0.0% | epoch: 1 | remaining: 169s    
step 01407 (43.5%) | loss: 4.736005 | lrm: 1.00 | dt: 89ms | tok/sec: 11,534 | mfu: 0.0% | epoch: 1 | remaining: 169s    
step 01408 (43.6%) | loss: 4.715421 | lrm: 1.00 | dt: 107ms | tok/sec: 9,609 | mfu: 0.0% | epoch: 1 | remaining: 169s    
step 01409 (43.6%) | loss: 4.698111 | lrm: 1.00 | dt: 90ms | tok/sec: 11,406 | mfu: 0.0% | epoch: 1 | remaining: 169s    
step 01410 (43.6%) | loss: 4.703362 | lrm: 1.00 | dt: 108ms | tok/sec: 9,479 | mfu: 0.0% | epoch: 1 | remaining: 169s    
step 01411 (43.7%) | loss: 4.721037 | lrm: 1.00 | dt: 95ms | tok/sec: 10,734 | mfu: 0.0% | epoch: 1 | remaining: 169s    
step 01412 (43.7%) | loss: 4.720733 | lrm: 1.00 | dt: 91ms | tok/sec: 11,210 | mfu: 0.0% | epoch: 1 | remaining: 169s    
step 01413 (43.7%) | loss: 4.701066 | lrm: 1.00 | dt: 100ms | tok/sec: 10,266 | mfu: 0.0% | epoch: 1 | remaining: 169s    
step 01414 (43.8%) | loss: 4.669309 | lrm: 1.00 | dt: 96ms | tok/sec: 10,636 | mfu: 0.0% | epoch: 1 | remaining: 169s    
step 01415 (43.8%) | loss: 4.659352 | lrm: 1.00 | dt: 89ms | tok/sec: 11,481 | mfu: 0.0% | epoch: 1 | remaining: 169s    
step 01416 (43.8%) | loss: 4.657936 | lrm: 1.00 | dt: 105ms | tok/sec: 9,772 | mfu: 0.0% | epoch: 1 | remaining: 168s    
step 01417 (43.9%) | loss: 4.648144 | lrm: 1.00 | dt: 87ms | tok/sec: 11,717 | mfu: 0.0% | epoch: 1 | remaining: 168s    
step 01418 (43.9%) | loss: 4.644544 | lrm: 1.00 | dt: 109ms | tok/sec: 9,375 | mfu: 0.0% | epoch: 1 | remaining: 168s    
step 01419 (43.9%) | loss: 4.657443 | lrm: 1.00 | dt: 95ms | tok/sec: 10,778 | mfu: 0.0% | epoch: 1 | remaining: 168s    
step 01420 (44.0%) | loss: 4.651484 | lrm: 1.00 | dt: 101ms | tok/sec: 10,177 | mfu: 0.0% | epoch: 1 | remaining: 168s    
step 01421 (44.0%) | loss: 4.667426 | lrm: 1.00 | dt: 96ms | tok/sec: 10,687 | mfu: 0.0% | epoch: 1 | remaining: 168s    
step 01422 (44.0%) | loss: 4.652467 | lrm: 1.00 | dt: 98ms | tok/sec: 10,453 | mfu: 0.0% | epoch: 1 | remaining: 168s    
step 01423 (44.1%) | loss: 4.652586 | lrm: 1.00 | dt: 83ms | tok/sec: 12,291 | mfu: 0.0% | epoch: 1 | remaining: 168s    
step 01424 (44.1%) | loss: 4.650888 | lrm: 1.00 | dt: 110ms | tok/sec: 9,274 | mfu: 0.0% | epoch: 1 | remaining: 168s    
step 01425 (44.1%) | loss: 4.655173 | lrm: 1.00 | dt: 97ms | tok/sec: 10,535 | mfu: 0.0% | epoch: 1 | remaining: 168s    
step 01426 (44.2%) | loss: 4.628529 | lrm: 1.00 | dt: 93ms | tok/sec: 11,012 | mfu: 0.0% | epoch: 1 | remaining: 167s    
step 01427 (44.2%) | loss: 4.615108 | lrm: 1.00 | dt: 95ms | tok/sec: 10,775 | mfu: 0.0% | epoch: 1 | remaining: 167s    
step 01428 (44.2%) | loss: 4.627837 | lrm: 1.00 | dt: 95ms | tok/sec: 10,803 | mfu: 0.0% | epoch: 1 | remaining: 167s    
step 01429 (44.3%) | loss: 4.679657 | lrm: 1.00 | dt: 96ms | tok/sec: 10,699 | mfu: 0.0% | epoch: 1 | remaining: 167s    
step 01430 (44.3%) | loss: 4.703328 | lrm: 1.00 | dt: 86ms | tok/sec: 11,960 | mfu: 0.0% | epoch: 1 | remaining: 167s    
step 01431 (44.3%) | loss: 4.725410 | lrm: 1.00 | dt: 95ms | tok/sec: 10,773 | mfu: 0.0% | epoch: 1 | remaining: 167s    
step 01432 (44.3%) | loss: 4.716331 | lrm: 1.00 | dt: 112ms | tok/sec: 9,163 | mfu: 0.0% | epoch: 1 | remaining: 167s    
step 01433 (44.4%) | loss: 4.714555 | lrm: 1.00 | dt: 105ms | tok/sec: 9,733 | mfu: 0.0% | epoch: 1 | remaining: 167s    
step 01434 (44.4%) | loss: 4.675980 | lrm: 1.00 | dt: 84ms | tok/sec: 12,128 | mfu: 0.0% | epoch: 1 | remaining: 167s    
step 01435 (44.4%) | loss: 4.672374 | lrm: 1.00 | dt: 95ms | tok/sec: 10,805 | mfu: 0.0% | epoch: 1 | remaining: 167s    
step 01436 (44.5%) | loss: 4.703043 | lrm: 1.00 | dt: 104ms | tok/sec: 9,866 | mfu: 0.0% | epoch: 1 | remaining: 166s    
step 01437 (44.5%) | loss: 4.752596 | lrm: 1.00 | dt: 86ms | tok/sec: 11,950 | mfu: 0.0% | epoch: 1 | remaining: 166s    
step 01438 (44.5%) | loss: 4.749145 | lrm: 1.00 | dt: 103ms | tok/sec: 9,978 | mfu: 0.0% | epoch: 1 | remaining: 166s    
step 01439 (44.6%) | loss: 4.745751 | lrm: 1.00 | dt: 94ms | tok/sec: 10,923 | mfu: 0.0% | epoch: 1 | remaining: 166s    
step 01440 (44.6%) | loss: 4.724999 | lrm: 1.00 | dt: 102ms | tok/sec: 10,028 | mfu: 0.0% | epoch: 1 | remaining: 166s    
step 01441 (44.6%) | loss: 4.710689 | lrm: 1.00 | dt: 87ms | tok/sec: 11,812 | mfu: 0.0% | epoch: 1 | remaining: 166s    
step 01442 (44.7%) | loss: 4.665635 | lrm: 1.00 | dt: 95ms | tok/sec: 10,769 | mfu: 0.0% | epoch: 1 | remaining: 166s    
step 01443 (44.7%) | loss: 4.656557 | lrm: 1.00 | dt: 99ms | tok/sec: 10,336 | mfu: 0.0% | epoch: 1 | remaining: 166s    
step 01444 (44.7%) | loss: 4.648088 | lrm: 1.00 | dt: 91ms | tok/sec: 11,259 | mfu: 0.0% | epoch: 1 | remaining: 166s    
step 01445 (44.8%) | loss: 4.644444 | lrm: 1.00 | dt: 95ms | tok/sec: 10,734 | mfu: 0.0% | epoch: 1 | remaining: 166s    
step 01446 (44.8%) | loss: 4.642834 | lrm: 1.00 | dt: 95ms | tok/sec: 10,728 | mfu: 0.0% | epoch: 1 | remaining: 166s    
step 01447 (44.8%) | loss: 4.621530 | lrm: 1.00 | dt: 95ms | tok/sec: 10,769 | mfu: 0.0% | epoch: 1 | remaining: 165s    
step 01448 (44.9%) | loss: 4.590920 | lrm: 1.00 | dt: 98ms | tok/sec: 10,481 | mfu: 0.0% | epoch: 1 | remaining: 165s    
step 01449 (44.9%) | loss: 4.579734 | lrm: 1.00 | dt: 100ms | tok/sec: 10,212 | mfu: 0.0% | epoch: 1 | remaining: 165s    
step 01450 (44.9%) | loss: 4.588594 | lrm: 1.00 | dt: 82ms | tok/sec: 12,513 | mfu: 0.0% | epoch: 1 | remaining: 165s    
step 01451 (45.0%) | loss: 4.592241 | lrm: 1.00 | dt: 111ms | tok/sec: 9,192 | mfu: 0.0% | epoch: 1 | remaining: 165s    
step 01452 (45.0%) | loss: 4.574995 | lrm: 1.00 | dt: 95ms | tok/sec: 10,788 | mfu: 0.0% | epoch: 1 | remaining: 165s    
step 01453 (45.0%) | loss: 4.540525 | lrm: 1.00 | dt: 93ms | tok/sec: 10,973 | mfu: 0.0% | epoch: 1 | remaining: 165s    
step 01454 (45.1%) | loss: 4.518068 | lrm: 1.00 | dt: 93ms | tok/sec: 10,992 | mfu: 0.0% | epoch: 1 | remaining: 165s    
step 01455 (45.1%) | loss: 4.506246 | lrm: 1.00 | dt: 94ms | tok/sec: 10,917 | mfu: 0.0% | epoch: 1 | remaining: 165s    
step 01456 (45.1%) | loss: 4.510102 | lrm: 1.00 | dt: 81ms | tok/sec: 12,624 | mfu: 0.0% | epoch: 1 | remaining: 165s    
step 01457 (45.1%) | loss: 4.502673 | lrm: 1.00 | dt: 96ms | tok/sec: 10,695 | mfu: 0.0% | epoch: 1 | remaining: 164s    
step 01458 (45.2%) | loss: 4.503272 | lrm: 1.00 | dt: 95ms | tok/sec: 10,745 | mfu: 0.0% | epoch: 1 | remaining: 164s    
step 01459 (45.2%) | loss: 4.494777 | lrm: 1.00 | dt: 95ms | tok/sec: 10,740 | mfu: 0.0% | epoch: 1 | remaining: 164s    
step 01460 (45.2%) | loss: 4.477671 | lrm: 1.00 | dt: 94ms | tok/sec: 10,947 | mfu: 0.0% | epoch: 1 | remaining: 164s    
step 01461 (45.3%) | loss: 4.461784 | lrm: 1.00 | dt: 91ms | tok/sec: 11,303 | mfu: 0.0% | epoch: 1 | remaining: 164s    
step 01462 (45.3%) | loss: 4.460953 | lrm: 1.00 | dt: 85ms | tok/sec: 12,045 | mfu: 0.0% | epoch: 1 | remaining: 164s    
step 01463 (45.3%) | loss: 4.482991 | lrm: 1.00 | dt: 99ms | tok/sec: 10,356 | mfu: 0.0% | epoch: 1 | remaining: 164s    
step 01464 (45.4%) | loss: 4.497946 | lrm: 1.00 | dt: 75ms | tok/sec: 13,632 | mfu: 0.0% | epoch: 1 | remaining: 164s    
step 01465 (45.4%) | loss: 4.489594 | lrm: 1.00 | dt: 110ms | tok/sec: 9,344 | mfu: 0.0% | epoch: 1 | remaining: 164s    
step 01466 (45.4%) | loss: 4.494867 | lrm: 1.00 | dt: 88ms | tok/sec: 11,579 | mfu: 0.0% | epoch: 1 | remaining: 164s    
step 01467 (45.5%) | loss: 4.487285 | lrm: 1.00 | dt: 92ms | tok/sec: 11,160 | mfu: 0.0% | epoch: 1 | remaining: 164s    
step 01468 (45.5%) | loss: 4.469561 | lrm: 1.00 | dt: 90ms | tok/sec: 11,324 | mfu: 0.0% | epoch: 1 | remaining: 163s    
step 01469 (45.5%) | loss: 4.415900 | lrm: 1.00 | dt: 80ms | tok/sec: 12,846 | mfu: 0.0% | epoch: 1 | remaining: 163s    
step 01470 (45.5%) | loss: 4.410882 | lrm: 1.00 | dt: 103ms | tok/sec: 9,953 | mfu: 0.0% | epoch: 1 | remaining: 163s    
step 01471 (45.6%) | loss: 4.410394 | lrm: 1.00 | dt: 87ms | tok/sec: 11,797 | mfu: 0.0% | epoch: 1 | remaining: 163s    
step 01472 (45.6%) | loss: 4.392809 | lrm: 1.00 | dt: 96ms | tok/sec: 10,634 | mfu: 0.0% | epoch: 1 | remaining: 163s    
step 01473 (45.6%) | loss: 4.383710 | lrm: 1.00 | dt: 88ms | tok/sec: 11,640 | mfu: 0.0% | epoch: 1 | remaining: 163s    
step 01474 (45.7%) | loss: 4.367512 | lrm: 1.00 | dt: 84ms | tok/sec: 12,157 | mfu: 0.0% | epoch: 1 | remaining: 163s    
step 01475 (45.7%) | loss: 4.376231 | lrm: 1.00 | dt: 95ms | tok/sec: 10,771 | mfu: 0.0% | epoch: 1 | remaining: 163s    
step 01476 (45.7%) | loss: 4.366779 | lrm: 1.00 | dt: 96ms | tok/sec: 10,718 | mfu: 0.0% | epoch: 1 | remaining: 163s    
step 01477 (45.8%) | loss: 4.347313 | lrm: 1.00 | dt: 95ms | tok/sec: 10,733 | mfu: 0.0% | epoch: 1 | remaining: 163s    
step 01478 (45.8%) | loss: 4.327265 | lrm: 1.00 | dt: 91ms | tok/sec: 11,283 | mfu: 0.0% | epoch: 1 | remaining: 163s    
step 01479 (45.8%) | loss: 4.323908 | lrm: 1.00 | dt: 83ms | tok/sec: 12,348 | mfu: 0.0% | epoch: 1 | remaining: 162s    
step 01480 (45.8%) | loss: 4.294561 | lrm: 1.00 | dt: 99ms | tok/sec: 10,346 | mfu: 0.0% | epoch: 1 | remaining: 162s    
step 01481 (45.9%) | loss: 4.284612 | lrm: 1.00 | dt: 76ms | tok/sec: 13,529 | mfu: 0.0% | epoch: 1 | remaining: 162s    
step 01482 (45.9%) | loss: 4.249558 | lrm: 1.00 | dt: 101ms | tok/sec: 10,159 | mfu: 0.0% | epoch: 1 | remaining: 162s    
step 01483 (45.9%) | loss: 4.238536 | lrm: 1.00 | dt: 99ms | tok/sec: 10,323 | mfu: 0.0% | epoch: 1 | remaining: 162s    
step 01484 (46.0%) | loss: 4.255085 | lrm: 1.00 | dt: 83ms | tok/sec: 12,396 | mfu: 0.0% | epoch: 1 | remaining: 162s    
step 01485 (46.0%) | loss: 4.263698 | lrm: 1.00 | dt: 100ms | tok/sec: 10,239 | mfu: 0.0% | epoch: 1 | remaining: 162s    
step 01486 (46.0%) | loss: 4.274861 | lrm: 1.00 | dt: 90ms | tok/sec: 11,351 | mfu: 0.0% | epoch: 1 | remaining: 162s    
step 01487 (46.1%) | loss: 4.283161 | lrm: 1.00 | dt: 91ms | tok/sec: 11,270 | mfu: 0.0% | epoch: 1 | remaining: 162s    
step 01488 (46.1%) | loss: 4.300214 | lrm: 1.00 | dt: 85ms | tok/sec: 12,086 | mfu: 0.0% | epoch: 1 | remaining: 162s    
step 01489 (46.1%) | loss: 4.340617 | lrm: 1.00 | dt: 92ms | tok/sec: 11,186 | mfu: 0.0% | epoch: 1 | remaining: 162s    
step 01490 (46.2%) | loss: 4.372575 | lrm: 1.00 | dt: 94ms | tok/sec: 10,885 | mfu: 0.0% | epoch: 1 | remaining: 161s    
step 01491 (46.2%) | loss: 4.358518 | lrm: 1.00 | dt: 96ms | tok/sec: 10,719 | mfu: 0.0% | epoch: 1 | remaining: 161s    
step 01492 (46.2%) | loss: 4.361594 | lrm: 1.00 | dt: 79ms | tok/sec: 12,898 | mfu: 0.0% | epoch: 1 | remaining: 161s    
step 01493 (46.2%) | loss: 4.327627 | lrm: 1.00 | dt: 103ms | tok/sec: 9,951 | mfu: 0.0% | epoch: 1 | remaining: 161s    
step 01494 (46.3%) | loss: 4.316805 | lrm: 1.00 | dt: 88ms | tok/sec: 11,694 | mfu: 0.0% | epoch: 1 | remaining: 161s    
step 01495 (46.3%) | loss: 4.295846 | lrm: 1.00 | dt: 95ms | tok/sec: 10,781 | mfu: 0.0% | epoch: 1 | remaining: 161s    
step 01496 (46.3%) | loss: 4.325171 | lrm: 1.00 | dt: 96ms | tok/sec: 10,674 | mfu: 0.0% | epoch: 1 | remaining: 161s    
step 01497 (46.4%) | loss: 4.345399 | lrm: 1.00 | dt: 96ms | tok/sec: 10,696 | mfu: 0.0% | epoch: 1 | remaining: 161s    
step 01498 (46.4%) | loss: 4.352497 | lrm: 1.00 | dt: 85ms | tok/sec: 12,055 | mfu: 0.0% | epoch: 1 | remaining: 161s    
step 01499 (46.4%) | loss: 4.356714 | lrm: 1.00 | dt: 95ms | tok/sec: 10,754 | mfu: 0.0% | epoch: 1 | remaining: 161s    
step 01500 (46.5%) | loss: 4.380240 | lrm: 1.00 | dt: 95ms | tok/sec: 10,776 | mfu: 0.0% | epoch: 1 | remaining: 161s    
step 01501 (46.5%) | loss: 4.391321 | lrm: 1.00 | dt: 79ms | tok/sec: 12,902 | mfu: 0.0% | epoch: 1 | remaining: 160s    
step 01502 (46.5%) | loss: 4.380872 | lrm: 1.00 | dt: 99ms | tok/sec: 10,327 | mfu: 0.0% | epoch: 1 | remaining: 160s    
step 01503 (46.6%) | loss: 4.375775 | lrm: 1.00 | dt: 91ms | tok/sec: 11,262 | mfu: 0.0% | epoch: 1 | remaining: 160s    
step 01504 (46.6%) | loss: 4.368002 | lrm: 1.00 | dt: 95ms | tok/sec: 10,766 | mfu: 0.0% | epoch: 1 | remaining: 160s    
step 01505 (46.6%) | loss: 4.350096 | lrm: 1.00 | dt: 80ms | tok/sec: 12,863 | mfu: 0.0% | epoch: 1 | remaining: 160s    
step 01506 (46.6%) | loss: 4.342833 | lrm: 1.00 | dt: 101ms | tok/sec: 10,147 | mfu: 0.0% | epoch: 1 | remaining: 160s    
step 01507 (46.7%) | loss: 4.338961 | lrm: 1.00 | dt: 89ms | tok/sec: 11,550 | mfu: 0.0% | epoch: 1 | remaining: 160s    
step 01508 (46.7%) | loss: 4.351365 | lrm: 1.00 | dt: 89ms | tok/sec: 11,458 | mfu: 0.0% | epoch: 1 | remaining: 160s    
step 01509 (46.7%) | loss: 4.365698 | lrm: 1.00 | dt: 86ms | tok/sec: 11,972 | mfu: 0.0% | epoch: 1 | remaining: 160s    
step 01510 (46.8%) | loss: 4.375324 | lrm: 1.00 | dt: 111ms | tok/sec: 9,228 | mfu: 0.0% | epoch: 1 | remaining: 160s    
step 01511 (46.8%) | loss: 4.356561 | lrm: 1.00 | dt: 80ms | tok/sec: 12,847 | mfu: 0.0% | epoch: 1 | remaining: 160s    
step 01512 (46.8%) | loss: 4.357558 | lrm: 1.00 | dt: 109ms | tok/sec: 9,410 | mfu: 0.0% | epoch: 1 | remaining: 159s    
step 01513 (46.9%) | loss: 4.351168 | lrm: 1.00 | dt: 92ms | tok/sec: 11,094 | mfu: 0.0% | epoch: 1 | remaining: 159s    
step 01514 (46.9%) | loss: 4.363154 | lrm: 1.00 | dt: 89ms | tok/sec: 11,444 | mfu: 0.0% | epoch: 1 | remaining: 159s    
step 01515 (46.9%) | loss: 4.364273 | lrm: 1.00 | dt: 88ms | tok/sec: 11,606 | mfu: 0.0% | epoch: 1 | remaining: 159s    
step 01516 (47.0%) | loss: 4.356890 | lrm: 1.00 | dt: 103ms | tok/sec: 9,953 | mfu: 0.0% | epoch: 1 | remaining: 159s    
step 01517 (47.0%) | loss: 4.327292 | lrm: 1.00 | dt: 87ms | tok/sec: 11,718 | mfu: 0.0% | epoch: 1 | remaining: 159s    
step 01518 (47.0%) | loss: 4.303785 | lrm: 1.00 | dt: 95ms | tok/sec: 10,808 | mfu: 0.0% | epoch: 1 | remaining: 159s    
step 01519 (47.0%) | loss: 4.296695 | lrm: 1.00 | dt: 92ms | tok/sec: 11,122 | mfu: 0.0% | epoch: 1 | remaining: 159s    
step 01520 (47.1%) | loss: 4.308631 | lrm: 1.00 | dt: 90ms | tok/sec: 11,385 | mfu: 0.0% | epoch: 1 | remaining: 159s    
step 01521 (47.1%) | loss: 4.327181 | lrm: 1.00 | dt: 86ms | tok/sec: 11,857 | mfu: 0.0% | epoch: 1 | remaining: 159s    
step 01522 (47.1%) | loss: 4.363608 | lrm: 1.00 | dt: 96ms | tok/sec: 10,617 | mfu: 0.0% | epoch: 1 | remaining: 159s    
step 01523 (47.2%) | loss: 4.398786 | lrm: 1.00 | dt: 91ms | tok/sec: 11,308 | mfu: 0.0% | epoch: 1 | remaining: 158s    
step 01524 (47.2%) | loss: 4.420189 | lrm: 1.00 | dt: 83ms | tok/sec: 12,378 | mfu: 0.0% | epoch: 1 | remaining: 158s    
step 01525 (47.2%) | loss: 4.448476 | lrm: 1.00 | dt: 101ms | tok/sec: 10,153 | mfu: 0.0% | epoch: 1 | remaining: 158s    
step 01526 (47.3%) | loss: 4.512982 | lrm: 1.00 | dt: 92ms | tok/sec: 11,070 | mfu: 0.0% | epoch: 1 | remaining: 158s    
step 01527 (47.3%) | loss: 4.580422 | lrm: 1.00 | dt: 91ms | tok/sec: 11,299 | mfu: 0.0% | epoch: 1 | remaining: 158s    
step 01528 (47.3%) | loss: 4.650373 | lrm: 1.00 | dt: 78ms | tok/sec: 13,205 | mfu: 0.0% | epoch: 1 | remaining: 158s    
step 01529 (47.3%) | loss: 4.705551 | lrm: 1.00 | dt: 113ms | tok/sec: 9,095 | mfu: 0.0% | epoch: 1 | remaining: 158s    
step 01530 (47.4%) | loss: 4.750631 | lrm: 1.00 | dt: 99ms | tok/sec: 10,331 | mfu: 0.0% | epoch: 1 | remaining: 158s    
step 01531 (47.4%) | loss: 4.788071 | lrm: 1.00 | dt: 92ms | tok/sec: 11,184 | mfu: 0.0% | epoch: 1 | remaining: 158s    
step 01532 (47.4%) | loss: 4.800441 | lrm: 1.00 | dt: 94ms | tok/sec: 10,945 | mfu: 0.0% | epoch: 1 | remaining: 158s    
step 01533 (47.5%) | loss: 4.842076 | lrm: 1.00 | dt: 92ms | tok/sec: 11,105 | mfu: 0.0% | epoch: 1 | remaining: 157s    
step 01534 (47.5%) | loss: 4.829262 | lrm: 1.00 | dt: 97ms | tok/sec: 10,565 | mfu: 0.0% | epoch: 1 | remaining: 157s    
step 01535 (47.5%) | loss: 4.847632 | lrm: 1.00 | dt: 103ms | tok/sec: 9,915 | mfu: 0.0% | epoch: 1 | remaining: 157s    
step 01536 (47.6%) | loss: 4.871472 | lrm: 1.00 | dt: 94ms | tok/sec: 10,866 | mfu: 0.0% | epoch: 1 | remaining: 157s    
step 01537 (47.6%) | loss: 4.898914 | lrm: 1.00 | dt: 93ms | tok/sec: 11,070 | mfu: 0.0% | epoch: 1 | remaining: 157s    
step 01538 (47.6%) | loss: 4.910651 | lrm: 1.00 | dt: 84ms | tok/sec: 12,130 | mfu: 0.0% | epoch: 1 | remaining: 157s    
step 01539 (47.7%) | loss: 4.898868 | lrm: 1.00 | dt: 99ms | tok/sec: 10,323 | mfu: 0.0% | epoch: 1 | remaining: 157s    
step 01540 (47.7%) | loss: 4.907069 | lrm: 1.00 | dt: 91ms | tok/sec: 11,250 | mfu: 0.0% | epoch: 1 | remaining: 157s    
step 01541 (47.7%) | loss: 4.897588 | lrm: 1.00 | dt: 93ms | tok/sec: 10,965 | mfu: 0.0% | epoch: 1 | remaining: 157s    
step 01542 (47.8%) | loss: 4.904982 | lrm: 1.00 | dt: 94ms | tok/sec: 10,861 | mfu: 0.0% | epoch: 1 | remaining: 157s    
step 01543 (47.8%) | loss: 4.881947 | lrm: 1.00 | dt: 99ms | tok/sec: 10,377 | mfu: 0.0% | epoch: 1 | remaining: 157s    
step 01544 (47.8%) | loss: 4.883273 | lrm: 1.00 | dt: 91ms | tok/sec: 11,240 | mfu: 0.0% | epoch: 1 | remaining: 156s    
step 01545 (47.9%) | loss: 4.876048 | lrm: 1.00 | dt: 100ms | tok/sec: 10,214 | mfu: 0.0% | epoch: 1 | remaining: 156s    
step 01546 (47.9%) | loss: 4.883106 | lrm: 1.00 | dt: 95ms | tok/sec: 10,800 | mfu: 0.0% | epoch: 1 | remaining: 156s    
step 01547 (47.9%) | loss: 4.868042 | lrm: 1.00 | dt: 111ms | tok/sec: 9,218 | mfu: 0.0% | epoch: 1 | remaining: 156s    
step 01548 (48.0%) | loss: 4.875438 | lrm: 1.00 | dt: 102ms | tok/sec: 10,026 | mfu: 0.0% | epoch: 1 | remaining: 156s    
step 01549 (48.0%) | loss: 4.877574 | lrm: 1.00 | dt: 99ms | tok/sec: 10,340 | mfu: 0.0% | epoch: 1 | remaining: 156s    
step 01550 (48.0%) | loss: 4.877621 | lrm: 1.00 | dt: 95ms | tok/sec: 10,785 | mfu: 0.0% | epoch: 1 | remaining: 156s    
step 01551 (48.1%) | loss: 4.855324 | lrm: 1.00 | dt: 80ms | tok/sec: 12,858 | mfu: 0.0% | epoch: 1 | remaining: 156s    
step 01552 (48.1%) | loss: 4.870346 | lrm: 1.00 | dt: 111ms | tok/sec: 9,247 | mfu: 0.0% | epoch: 1 | remaining: 156s    
step 01553 (48.1%) | loss: 4.862019 | lrm: 1.00 | dt: 103ms | tok/sec: 9,899 | mfu: 0.0% | epoch: 1 | remaining: 156s    
step 01554 (48.2%) | loss: 4.841780 | lrm: 1.00 | dt: 100ms | tok/sec: 10,212 | mfu: 0.0% | epoch: 1 | remaining: 155s    
step 01555 (48.2%) | loss: 4.838790 | lrm: 1.00 | dt: 91ms | tok/sec: 11,236 | mfu: 0.0% | epoch: 1 | remaining: 155s    
step 01556 (48.2%) | loss: 4.839996 | lrm: 1.00 | dt: 80ms | tok/sec: 12,822 | mfu: 0.0% | epoch: 1 | remaining: 155s    
step 01557 (48.2%) | loss: 4.833665 | lrm: 1.00 | dt: 96ms | tok/sec: 10,698 | mfu: 0.0% | epoch: 1 | remaining: 155s    
step 01558 (48.3%) | loss: 4.827517 | lrm: 1.00 | dt: 94ms | tok/sec: 10,849 | mfu: 0.0% | epoch: 1 | remaining: 155s    
step 01559 (48.3%) | loss: 4.808186 | lrm: 1.00 | dt: 104ms | tok/sec: 9,823 | mfu: 0.0% | epoch: 1 | remaining: 155s    
step 01560 (48.3%) | loss: 4.807176 | lrm: 1.00 | dt: 92ms | tok/sec: 11,122 | mfu: 0.0% | epoch: 1 | remaining: 155s    
step 01561 (48.4%) | loss: 4.818304 | lrm: 1.00 | dt: 89ms | tok/sec: 11,470 | mfu: 0.0% | epoch: 1 | remaining: 155s    
step 01562 (48.4%) | loss: 4.802416 | lrm: 1.00 | dt: 98ms | tok/sec: 10,443 | mfu: 0.0% | epoch: 1 | remaining: 155s    
step 01563 (48.4%) | loss: 4.781707 | lrm: 1.00 | dt: 92ms | tok/sec: 11,169 | mfu: 0.0% | epoch: 1 | remaining: 155s    
step 01564 (48.5%) | loss: 4.785842 | lrm: 1.00 | dt: 100ms | tok/sec: 10,277 | mfu: 0.0% | epoch: 1 | remaining: 155s    
step 01565 (48.5%) | loss: 4.793021 | lrm: 1.00 | dt: 97ms | tok/sec: 10,589 | mfu: 0.0% | epoch: 1 | remaining: 154s    
step 01566 (48.5%) | loss: 4.787072 | lrm: 1.00 | dt: 100ms | tok/sec: 10,200 | mfu: 0.0% | epoch: 1 | remaining: 154s    
step 01567 (48.6%) | loss: 4.819767 | lrm: 1.00 | dt: 94ms | tok/sec: 10,841 | mfu: 0.0% | epoch: 1 | remaining: 154s    
step 01568 (48.6%) | loss: 4.819118 | lrm: 1.00 | dt: 92ms | tok/sec: 11,157 | mfu: 0.0% | epoch: 1 | remaining: 154s    
step 01569 (48.6%) | loss: 4.825350 | lrm: 1.00 | dt: 103ms | tok/sec: 9,979 | mfu: 0.0% | epoch: 1 | remaining: 154s    
step 01570 (48.7%) | loss: 4.826503 | lrm: 1.00 | dt: 96ms | tok/sec: 10,690 | mfu: 0.0% | epoch: 1 | remaining: 154s    
step 01571 (48.7%) | loss: 4.841955 | lrm: 1.00 | dt: 97ms | tok/sec: 10,523 | mfu: 0.0% | epoch: 1 | remaining: 154s    
step 01572 (48.7%) | loss: 4.840280 | lrm: 1.00 | dt: 95ms | tok/sec: 10,725 | mfu: 0.0% | epoch: 1 | remaining: 154s    
step 01573 (48.8%) | loss: 4.835555 | lrm: 1.00 | dt: 99ms | tok/sec: 10,312 | mfu: 0.0% | epoch: 1 | remaining: 154s    
step 01574 (48.8%) | loss: 4.819138 | lrm: 1.00 | dt: 95ms | tok/sec: 10,798 | mfu: 0.0% | epoch: 1 | remaining: 154s    
step 01575 (48.8%) | loss: 4.821337 | lrm: 1.00 | dt: 101ms | tok/sec: 10,111 | mfu: 0.0% | epoch: 1 | remaining: 153s    
step 01576 (48.9%) | loss: 4.827243 | lrm: 1.00 | dt: 95ms | tok/sec: 10,818 | mfu: 0.0% | epoch: 1 | remaining: 153s    
step 01577 (48.9%) | loss: 4.925557 | lrm: 1.00 | dt: 102ms | tok/sec: 10,072 | mfu: 0.0% | epoch: 1 | remaining: 153s    
step 01578 (48.9%) | loss: 5.061238 | lrm: 1.00 | dt: 101ms | tok/sec: 10,162 | mfu: 0.0% | epoch: 1 | remaining: 153s    
step 01579 (49.0%) | loss: 5.124904 | lrm: 1.00 | dt: 95ms | tok/sec: 10,759 | mfu: 0.0% | epoch: 1 | remaining: 153s    
step 01580 (49.0%) | loss: 5.143823 | lrm: 1.00 | dt: 81ms | tok/sec: 12,691 | mfu: 0.0% | epoch: 1 | remaining: 153s    
step 01581 (49.0%) | loss: 5.148774 | lrm: 1.00 | dt: 113ms | tok/sec: 9,090 | mfu: 0.0% | epoch: 1 | remaining: 153s    
step 01582 (49.1%) | loss: 5.156065 | lrm: 1.00 | dt: 103ms | tok/sec: 9,977 | mfu: 0.0% | epoch: 1 | remaining: 153s    
step 01583 (49.1%) | loss: 5.178946 | lrm: 1.00 | dt: 96ms | tok/sec: 10,672 | mfu: 0.0% | epoch: 1 | remaining: 153s    
step 01584 (49.1%) | loss: 5.142508 | lrm: 1.00 | dt: 94ms | tok/sec: 10,944 | mfu: 0.0% | epoch: 1 | remaining: 153s    
step 01585 (49.1%) | loss: 5.136150 | lrm: 1.00 | dt: 102ms | tok/sec: 10,020 | mfu: 0.0% | epoch: 1 | remaining: 152s    
step 01586 (49.2%) | loss: 5.102659 | lrm: 1.00 | dt: 101ms | tok/sec: 10,157 | mfu: 0.0% | epoch: 1 | remaining: 152s    
step 01587 (49.2%) | loss: 5.092776 | lrm: 1.00 | dt: 90ms | tok/sec: 11,377 | mfu: 0.0% | epoch: 1 | remaining: 152s    
step 01588 (49.2%) | loss: 5.065620 | lrm: 1.00 | dt: 83ms | tok/sec: 12,375 | mfu: 0.0% | epoch: 1 | remaining: 152s    
step 01589 (49.3%) | loss: 5.045901 | lrm: 1.00 | dt: 106ms | tok/sec: 9,646 | mfu: 0.0% | epoch: 1 | remaining: 152s    
step 01590 (49.3%) | loss: 4.988660 | lrm: 1.00 | dt: 94ms | tok/sec: 10,901 | mfu: 0.0% | epoch: 1 | remaining: 152s    
step 01591 (49.3%) | loss: 4.940148 | lrm: 1.00 | dt: 89ms | tok/sec: 11,556 | mfu: 0.0% | epoch: 1 | remaining: 152s    
step 01592 (49.4%) | loss: 4.917721 | lrm: 1.00 | dt: 168ms | tok/sec: 6,112 | mfu: 0.0% | epoch: 1 | remaining: 152s    
step 01593 (49.4%) | loss: 4.895184 | lrm: 1.00 | dt: 128ms | tok/sec: 8,022 | mfu: 0.0% | epoch: 1 | remaining: 152s    
step 01594 (49.5%) | loss: 4.893767 | lrm: 1.00 | dt: 113ms | tok/sec: 9,057 | mfu: 0.0% | epoch: 1 | remaining: 151s    
step 01595 (49.5%) | loss: 4.884909 | lrm: 1.00 | dt: 104ms | tok/sec: 9,869 | mfu: 0.0% | epoch: 1 | remaining: 151s    
step 01596 (49.5%) | loss: 4.914424 | lrm: 1.00 | dt: 112ms | tok/sec: 9,156 | mfu: 0.0% | epoch: 1 | remaining: 151s    
step 01597 (49.6%) | loss: 4.902012 | lrm: 1.00 | dt: 108ms | tok/sec: 9,502 | mfu: 0.0% | epoch: 1 | remaining: 151s    
step 01598 (49.6%) | loss: 4.897383 | lrm: 1.00 | dt: 114ms | tok/sec: 8,979 | mfu: 0.0% | epoch: 1 | remaining: 151s    
step 01599 (49.7%) | loss: 4.882367 | lrm: 1.00 | dt: 101ms | tok/sec: 10,132 | mfu: 0.0% | epoch: 1 | remaining: 151s    
step 01600 (49.7%) | loss: 4.874278 | lrm: 1.00 | dt: 112ms | tok/sec: 9,124 | mfu: 0.0% | epoch: 1 | remaining: 151s    
step 01601 (49.7%) | loss: 4.884028 | lrm: 1.00 | dt: 94ms | tok/sec: 10,893 | mfu: 0.0% | epoch: 1 | remaining: 151s    
step 01602 (49.8%) | loss: 4.896168 | lrm: 1.00 | dt: 92ms | tok/sec: 11,074 | mfu: 0.0% | epoch: 1 | remaining: 151s    
step 01603 (49.8%) | loss: 4.915024 | lrm: 1.00 | dt: 88ms | tok/sec: 11,571 | mfu: 0.0% | epoch: 1 | remaining: 151s    
step 01604 (49.8%) | loss: 4.921452 | lrm: 1.00 | dt: 94ms | tok/sec: 10,912 | mfu: 0.0% | epoch: 1 | remaining: 150s    
step 01605 (49.8%) | loss: 4.907057 | lrm: 1.00 | dt: 98ms | tok/sec: 10,480 | mfu: 0.0% | epoch: 1 | remaining: 150s    
step 01606 (49.9%) | loss: 4.879132 | lrm: 1.00 | dt: 94ms | tok/sec: 10,896 | mfu: 0.0% | epoch: 1 | remaining: 150s    
step 01607 (49.9%) | loss: 4.878446 | lrm: 1.00 | dt: 81ms | tok/sec: 12,708 | mfu: 0.0% | epoch: 1 | remaining: 150s    
step 01608 (49.9%) | loss: 4.889212 | lrm: 1.00 | dt: 103ms | tok/sec: 9,946 | mfu: 0.0% | epoch: 1 | remaining: 150s    
step 01609 (50.0%) | loss: 4.893636 | lrm: 1.00 | dt: 89ms | tok/sec: 11,479 | mfu: 0.0% | epoch: 1 | remaining: 150s    
step 01610 (50.0%) | loss: 4.868856 | lrm: 1.00 | dt: 82ms | tok/sec: 12,449 | mfu: 0.0% | epoch: 1 | remaining: 150s    
step 01611 (50.0%) | loss: 4.873367 | lrm: 1.00 | dt: 119ms | tok/sec: 8,624 | mfu: 0.0% | epoch: 1 | remaining: 150s    
step 01612 (50.1%) | loss: 4.881318 | lrm: 1.00 | dt: 106ms | tok/sec: 9,634 | mfu: 0.0% | epoch: 1 | remaining: 150s    
step 01613 (50.1%) | loss: 4.858615 | lrm: 1.00 | dt: 109ms | tok/sec: 9,387 | mfu: 0.0% | epoch: 1 | remaining: 150s    
step 01614 (50.1%) | loss: 4.834493 | lrm: 1.00 | dt: 94ms | tok/sec: 10,889 | mfu: 0.0% | epoch: 1 | remaining: 149s    
step 01615 (50.2%) | loss: 4.822405 | lrm: 1.00 | dt: 103ms | tok/sec: 9,969 | mfu: 0.0% | epoch: 1 | remaining: 149s    
step 01616 (50.2%) | loss: 4.822340 | lrm: 1.00 | dt: 94ms | tok/sec: 10,951 | mfu: 0.0% | epoch: 1 | remaining: 149s    
step 01617 (50.2%) | loss: 4.815091 | lrm: 1.00 | dt: 97ms | tok/sec: 10,585 | mfu: 0.0% | epoch: 1 | remaining: 149s    
step 01618 (50.3%) | loss: 4.788096 | lrm: 0.99 | dt: 93ms | tok/sec: 10,983 | mfu: 0.0% | epoch: 1 | remaining: 149s    
step 01619 (50.3%) | loss: 4.796462 | lrm: 0.99 | dt: 91ms | tok/sec: 11,275 | mfu: 0.0% | epoch: 1 | remaining: 149s    
step 01620 (50.3%) | loss: 4.763001 | lrm: 0.99 | dt: 94ms | tok/sec: 10,943 | mfu: 0.0% | epoch: 1 | remaining: 149s    
step 01621 (50.4%) | loss: 4.754479 | lrm: 0.99 | dt: 99ms | tok/sec: 10,323 | mfu: 0.0% | epoch: 1 | remaining: 149s    
step 01622 (50.4%) | loss: 4.755007 | lrm: 0.99 | dt: 85ms | tok/sec: 11,992 | mfu: 0.0% | epoch: 1 | remaining: 149s    
step 01623 (50.4%) | loss: 4.772109 | lrm: 0.99 | dt: 103ms | tok/sec: 9,943 | mfu: 0.0% | epoch: 1 | remaining: 149s    
step 01624 (50.5%) | loss: 4.776679 | lrm: 0.99 | dt: 103ms | tok/sec: 9,918 | mfu: 0.0% | epoch: 1 | remaining: 149s    
step 01625 (50.5%) | loss: 4.770394 | lrm: 0.99 | dt: 99ms | tok/sec: 10,379 | mfu: 0.0% | epoch: 1 | remaining: 148s    
step 01626 (50.5%) | loss: 4.794152 | lrm: 0.99 | dt: 90ms | tok/sec: 11,407 | mfu: 0.0% | epoch: 1 | remaining: 148s    
step 01627 (50.6%) | loss: 4.815488 | lrm: 0.99 | dt: 94ms | tok/sec: 10,840 | mfu: 0.0% | epoch: 1 | remaining: 148s    
step 01628 (50.6%) | loss: 4.813592 | lrm: 0.99 | dt: 95ms | tok/sec: 10,760 | mfu: 0.0% | epoch: 1 | remaining: 148s    
step 01629 (50.6%) | loss: 4.804575 | lrm: 0.99 | dt: 95ms | tok/sec: 10,788 | mfu: 0.0% | epoch: 1 | remaining: 148s    
step 01630 (50.6%) | loss: 4.805174 | lrm: 0.99 | dt: 92ms | tok/sec: 11,157 | mfu: 0.0% | epoch: 1 | remaining: 148s    
step 01631 (50.7%) | loss: 4.801316 | lrm: 0.99 | dt: 96ms | tok/sec: 10,650 | mfu: 0.0% | epoch: 1 | remaining: 148s    
step 01632 (50.7%) | loss: 4.819371 | lrm: 0.99 | dt: 103ms | tok/sec: 9,972 | mfu: 0.0% | epoch: 1 | remaining: 148s    
step 01633 (50.7%) | loss: 4.837295 | lrm: 0.99 | dt: 97ms | tok/sec: 10,610 | mfu: 0.0% | epoch: 1 | remaining: 148s    
step 01634 (50.8%) | loss: 4.830480 | lrm: 0.98 | dt: 99ms | tok/sec: 10,336 | mfu: 0.0% | epoch: 1 | remaining: 148s    
step 01635 (50.8%) | loss: 4.836431 | lrm: 0.98 | dt: 107ms | tok/sec: 9,571 | mfu: 0.0% | epoch: 1 | remaining: 147s    
step 01636 (50.8%) | loss: 4.816930 | lrm: 0.98 | dt: 103ms | tok/sec: 9,984 | mfu: 0.0% | epoch: 1 | remaining: 147s    
step 01637 (50.9%) | loss: 4.820020 | lrm: 0.98 | dt: 95ms | tok/sec: 10,790 | mfu: 0.0% | epoch: 1 | remaining: 147s    
step 01638 (50.9%) | loss: 4.825041 | lrm: 0.98 | dt: 97ms | tok/sec: 10,505 | mfu: 0.0% | epoch: 1 | remaining: 147s    
step 01639 (50.9%) | loss: 4.798472 | lrm: 0.98 | dt: 97ms | tok/sec: 10,583 | mfu: 0.0% | epoch: 1 | remaining: 147s    
step 01640 (51.0%) | loss: 4.793453 | lrm: 0.98 | dt: 97ms | tok/sec: 10,589 | mfu: 0.0% | epoch: 1 | remaining: 147s    
step 01641 (51.0%) | loss: 4.800464 | lrm: 0.98 | dt: 93ms | tok/sec: 10,994 | mfu: 0.0% | epoch: 1 | remaining: 147s    
step 01642 (51.0%) | loss: 4.824634 | lrm: 0.98 | dt: 82ms | tok/sec: 12,552 | mfu: 0.0% | epoch: 1 | remaining: 147s    
step 01643 (51.1%) | loss: 4.825274 | lrm: 0.98 | dt: 110ms | tok/sec: 9,276 | mfu: 0.0% | epoch: 1 | remaining: 147s    
step 01644 (51.1%) | loss: 4.834441 | lrm: 0.98 | dt: 82ms | tok/sec: 12,538 | mfu: 0.0% | epoch: 1 | remaining: 147s    
step 01645 (51.1%) | loss: 4.813866 | lrm: 0.98 | dt: 110ms | tok/sec: 9,286 | mfu: 0.0% | epoch: 1 | remaining: 146s    
step 01646 (51.2%) | loss: 4.797376 | lrm: 0.98 | dt: 90ms | tok/sec: 11,359 | mfu: 0.0% | epoch: 1 | remaining: 146s    
step 01647 (51.2%) | loss: 4.776806 | lrm: 0.98 | dt: 82ms | tok/sec: 12,445 | mfu: 0.0% | epoch: 1 | remaining: 146s    
step 01648 (51.2%) | loss: 4.756349 | lrm: 0.98 | dt: 118ms | tok/sec: 8,649 | mfu: 0.0% | epoch: 1 | remaining: 146s    
step 01649 (51.3%) | loss: 4.747892 | lrm: 0.97 | dt: 117ms | tok/sec: 8,766 | mfu: 0.0% | epoch: 1 | remaining: 146s    
step 01650 (51.3%) | loss: 4.728656 | lrm: 0.97 | dt: 139ms | tok/sec: 7,391 | mfu: 0.0% | epoch: 1 | remaining: 146s    
step 01651 (51.3%) | loss: 4.786312 | lrm: 0.97 | dt: 145ms | tok/sec: 7,055 | mfu: 0.0% | epoch: 1 | remaining: 146s    
step 01652 (51.4%) | loss: 4.847742 | lrm: 0.97 | dt: 130ms | tok/sec: 7,881 | mfu: 0.0% | epoch: 1 | remaining: 146s    
step 01653 (51.4%) | loss: 4.893167 | lrm: 0.97 | dt: 106ms | tok/sec: 9,702 | mfu: 0.0% | epoch: 1 | remaining: 146s    
step 01654 (51.5%) | loss: 4.897306 | lrm: 0.97 | dt: 106ms | tok/sec: 9,703 | mfu: 0.0% | epoch: 1 | remaining: 145s    
step 01655 (51.5%) | loss: 4.906046 | lrm: 0.97 | dt: 104ms | tok/sec: 9,826 | mfu: 0.0% | epoch: 1 | remaining: 145s    
step 01656 (51.5%) | loss: 4.937489 | lrm: 0.97 | dt: 95ms | tok/sec: 10,755 | mfu: 0.0% | epoch: 1 | remaining: 145s    
step 01657 (51.6%) | loss: 4.948525 | lrm: 0.97 | dt: 94ms | tok/sec: 10,907 | mfu: 0.0% | epoch: 1 | remaining: 145s    
step 01658 (51.6%) | loss: 4.932691 | lrm: 0.97 | dt: 83ms | tok/sec: 12,385 | mfu: 0.0% | epoch: 1 | remaining: 145s    
step 01659 (51.6%) | loss: 4.942567 | lrm: 0.97 | dt: 103ms | tok/sec: 9,922 | mfu: 0.0% | epoch: 1 | remaining: 145s    
step 01660 (51.7%) | loss: 4.938419 | lrm: 0.97 | dt: 87ms | tok/sec: 11,704 | mfu: 0.0% | epoch: 1 | remaining: 145s    
step 01661 (51.7%) | loss: 4.939827 | lrm: 0.97 | dt: 95ms | tok/sec: 10,734 | mfu: 0.0% | epoch: 1 | remaining: 145s    
step 01662 (51.7%) | loss: 4.923903 | lrm: 0.97 | dt: 97ms | tok/sec: 10,601 | mfu: 0.0% | epoch: 1 | remaining: 145s    
step 01663 (51.8%) | loss: 4.898891 | lrm: 0.96 | dt: 94ms | tok/sec: 10,895 | mfu: 0.0% | epoch: 1 | remaining: 145s    
step 01664 (51.8%) | loss: 4.857249 | lrm: 0.96 | dt: 101ms | tok/sec: 10,171 | mfu: 0.0% | epoch: 1 | remaining: 145s    
step 01665 (51.8%) | loss: 4.835109 | lrm: 0.96 | dt: 95ms | tok/sec: 10,826 | mfu: 0.0% | epoch: 1 | remaining: 144s    
step 01666 (51.9%) | loss: 4.804270 | lrm: 0.96 | dt: 95ms | tok/sec: 10,822 | mfu: 0.0% | epoch: 1 | remaining: 144s    
step 01667 (51.9%) | loss: 4.785385 | lrm: 0.96 | dt: 93ms | tok/sec: 11,033 | mfu: 0.0% | epoch: 1 | remaining: 144s    
step 01668 (51.9%) | loss: 4.768588 | lrm: 0.96 | dt: 98ms | tok/sec: 10,407 | mfu: 0.0% | epoch: 1 | remaining: 144s    
step 01669 (52.0%) | loss: 4.774191 | lrm: 0.96 | dt: 94ms | tok/sec: 10,861 | mfu: 0.0% | epoch: 1 | remaining: 144s    
step 01670 (52.0%) | loss: 4.791757 | lrm: 0.96 | dt: 105ms | tok/sec: 9,719 | mfu: 0.0% | epoch: 1 | remaining: 144s    
step 01671 (52.0%) | loss: 4.781970 | lrm: 0.96 | dt: 85ms | tok/sec: 12,060 | mfu: 0.0% | epoch: 1 | remaining: 144s    
step 01672 (52.1%) | loss: 4.753504 | lrm: 0.96 | dt: 102ms | tok/sec: 10,071 | mfu: 0.0% | epoch: 1 | remaining: 144s    
step 01673 (52.1%) | loss: 4.752310 | lrm: 0.96 | dt: 98ms | tok/sec: 10,399 | mfu: 0.0% | epoch: 1 | remaining: 144s    
step 01674 (52.1%) | loss: 4.723752 | lrm: 0.96 | dt: 96ms | tok/sec: 10,617 | mfu: 0.0% | epoch: 1 | remaining: 144s    
step 01675 (52.1%) | loss: 4.703603 | lrm: 0.96 | dt: 88ms | tok/sec: 11,611 | mfu: 0.0% | epoch: 1 | remaining: 143s    
step 01676 (52.2%) | loss: 4.714041 | lrm: 0.96 | dt: 95ms | tok/sec: 10,758 | mfu: 0.0% | epoch: 1 | remaining: 143s    
step 01677 (52.2%) | loss: 4.700032 | lrm: 0.96 | dt: 105ms | tok/sec: 9,772 | mfu: 0.0% | epoch: 1 | remaining: 143s    
step 01678 (52.2%) | loss: 4.730980 | lrm: 0.96 | dt: 87ms | tok/sec: 11,729 | mfu: 0.0% | epoch: 1 | remaining: 143s    
step 01679 (52.3%) | loss: 4.750431 | lrm: 0.95 | dt: 101ms | tok/sec: 10,137 | mfu: 0.0% | epoch: 1 | remaining: 143s    
step 01680 (52.3%) | loss: 4.763108 | lrm: 0.95 | dt: 93ms | tok/sec: 11,045 | mfu: 0.0% | epoch: 1 | remaining: 143s    
step 01681 (52.3%) | loss: 4.785962 | lrm: 0.95 | dt: 101ms | tok/sec: 10,186 | mfu: 0.0% | epoch: 1 | remaining: 143s    
step 01682 (52.4%) | loss: 4.806259 | lrm: 0.95 | dt: 85ms | tok/sec: 12,068 | mfu: 0.0% | epoch: 1 | remaining: 143s    
step 01683 (52.4%) | loss: 4.838599 | lrm: 0.95 | dt: 110ms | tok/sec: 9,308 | mfu: 0.0% | epoch: 1 | remaining: 143s    
step 01684 (52.4%) | loss: 4.832201 | lrm: 0.95 | dt: 80ms | tok/sec: 12,785 | mfu: 0.0% | epoch: 1 | remaining: 143s    
step 01685 (52.5%) | loss: 4.834778 | lrm: 0.95 | dt: 106ms | tok/sec: 9,654 | mfu: 0.0% | epoch: 1 | remaining: 142s    
step 01686 (52.5%) | loss: 4.809572 | lrm: 0.95 | dt: 94ms | tok/sec: 10,887 | mfu: 0.0% | epoch: 1 | remaining: 142s    
step 01687 (52.5%) | loss: 4.800737 | lrm: 0.95 | dt: 99ms | tok/sec: 10,301 | mfu: 0.0% | epoch: 1 | remaining: 142s    
step 01688 (52.6%) | loss: 4.767533 | lrm: 0.95 | dt: 113ms | tok/sec: 9,040 | mfu: 0.0% | epoch: 1 | remaining: 142s    
step 01689 (52.6%) | loss: 4.736366 | lrm: 0.95 | dt: 107ms | tok/sec: 9,542 | mfu: 0.0% | epoch: 1 | remaining: 142s    
step 01690 (52.6%) | loss: 4.698022 | lrm: 0.95 | dt: 104ms | tok/sec: 9,867 | mfu: 0.0% | epoch: 1 | remaining: 142s    
step 01691 (52.7%) | loss: 4.673903 | lrm: 0.95 | dt: 106ms | tok/sec: 9,642 | mfu: 0.0% | epoch: 1 | remaining: 142s    
step 01692 (52.7%) | loss: 4.647682 | lrm: 0.95 | dt: 111ms | tok/sec: 9,258 | mfu: 0.0% | epoch: 1 | remaining: 142s    
step 01693 (52.7%) | loss: 4.654182 | lrm: 0.95 | dt: 116ms | tok/sec: 8,819 | mfu: 0.0% | epoch: 1 | remaining: 142s    
step 01694 (52.8%) | loss: 4.661868 | lrm: 0.94 | dt: 122ms | tok/sec: 8,398 | mfu: 0.0% | epoch: 1 | remaining: 142s    
step 01695 (52.8%) | loss: 4.642920 | lrm: 0.94 | dt: 113ms | tok/sec: 9,058 | mfu: 0.0% | epoch: 1 | remaining: 141s    
step 01696 (52.9%) | loss: 4.629101 | lrm: 0.94 | dt: 101ms | tok/sec: 10,114 | mfu: 0.0% | epoch: 1 | remaining: 141s    
step 01697 (52.9%) | loss: 4.648145 | lrm: 0.94 | dt: 101ms | tok/sec: 10,163 | mfu: 0.0% | epoch: 1 | remaining: 141s    
step 01698 (52.9%) | loss: 4.624511 | lrm: 0.94 | dt: 95ms | tok/sec: 10,722 | mfu: 0.0% | epoch: 1 | remaining: 141s    
step 01699 (53.0%) | loss: 4.637393 | lrm: 0.94 | dt: 93ms | tok/sec: 10,978 | mfu: 0.0% | epoch: 1 | remaining: 141s    
step 01700 (53.0%) | loss: 4.621171 | lrm: 0.94 | dt: 120ms | tok/sec: 8,551 | mfu: 0.0% | epoch: 1 | remaining: 141s    
step 01701 (53.0%) | loss: 4.609385 | lrm: 0.94 | dt: 108ms | tok/sec: 9,484 | mfu: 0.0% | epoch: 1 | remaining: 141s    
step 01702 (53.1%) | loss: 4.593920 | lrm: 0.94 | dt: 111ms | tok/sec: 9,188 | mfu: 0.0% | epoch: 1 | remaining: 141s    
step 01703 (53.1%) | loss: 4.600517 | lrm: 0.94 | dt: 99ms | tok/sec: 10,372 | mfu: 0.0% | epoch: 1 | remaining: 141s    
step 01704 (53.1%) | loss: 4.590052 | lrm: 0.94 | dt: 99ms | tok/sec: 10,392 | mfu: 0.0% | epoch: 1 | remaining: 140s    
step 01705 (53.2%) | loss: 4.578561 | lrm: 0.94 | dt: 102ms | tok/sec: 10,081 | mfu: 0.0% | epoch: 1 | remaining: 140s    
step 01706 (53.2%) | loss: 4.560164 | lrm: 0.94 | dt: 84ms | tok/sec: 12,253 | mfu: 0.0% | epoch: 1 | remaining: 140s    
step 01707 (53.2%) | loss: 4.577836 | lrm: 0.94 | dt: 96ms | tok/sec: 10,651 | mfu: 0.0% | epoch: 1 | remaining: 140s    
step 01708 (53.3%) | loss: 4.569857 | lrm: 0.93 | dt: 104ms | tok/sec: 9,832 | mfu: 0.0% | epoch: 1 | remaining: 140s    
step 01709 (53.3%) | loss: 4.547495 | lrm: 0.93 | dt: 108ms | tok/sec: 9,486 | mfu: 0.0% | epoch: 1 | remaining: 140s    
step 01710 (53.3%) | loss: 4.536478 | lrm: 0.93 | dt: 103ms | tok/sec: 9,948 | mfu: 0.0% | epoch: 1 | remaining: 140s    
step 01711 (53.4%) | loss: 4.538045 | lrm: 0.93 | dt: 98ms | tok/sec: 10,471 | mfu: 0.0% | epoch: 1 | remaining: 140s    
step 01712 (53.4%) | loss: 4.527623 | lrm: 0.93 | dt: 94ms | tok/sec: 10,838 | mfu: 0.0% | epoch: 1 | remaining: 140s    
step 01713 (53.4%) | loss: 4.517724 | lrm: 0.93 | dt: 97ms | tok/sec: 10,550 | mfu: 0.0% | epoch: 1 | remaining: 140s    
step 01714 (53.5%) | loss: 4.507314 | lrm: 0.93 | dt: 94ms | tok/sec: 10,913 | mfu: 0.0% | epoch: 1 | remaining: 140s    
step 01715 (53.5%) | loss: 4.501917 | lrm: 0.93 | dt: 101ms | tok/sec: 10,171 | mfu: 0.0% | epoch: 1 | remaining: 139s    
step 01716 (53.5%) | loss: 4.476442 | lrm: 0.93 | dt: 174ms | tok/sec: 5,899 | mfu: 0.0% | epoch: 1 | remaining: 139s    
step 01717 (53.6%) | loss: 4.471655 | lrm: 0.93 | dt: 99ms | tok/sec: 10,365 | mfu: 0.0% | epoch: 1 | remaining: 139s    
step 01718 (53.6%) | loss: 4.449145 | lrm: 0.93 | dt: 101ms | tok/sec: 10,169 | mfu: 0.0% | epoch: 1 | remaining: 139s    
step 01719 (53.7%) | loss: 4.465537 | lrm: 0.93 | dt: 100ms | tok/sec: 10,231 | mfu: 0.0% | epoch: 1 | remaining: 139s    
step 01720 (53.7%) | loss: 4.482017 | lrm: 0.93 | dt: 103ms | tok/sec: 9,947 | mfu: 0.0% | epoch: 1 | remaining: 139s    
step 01721 (53.7%) | loss: 4.529825 | lrm: 0.93 | dt: 93ms | tok/sec: 11,004 | mfu: 0.0% | epoch: 1 | remaining: 139s    
step 01722 (53.8%) | loss: 4.565218 | lrm: 0.92 | dt: 89ms | tok/sec: 11,539 | mfu: 0.0% | epoch: 1 | remaining: 139s    
step 01723 (53.8%) | loss: 4.611921 | lrm: 0.92 | dt: 98ms | tok/sec: 10,495 | mfu: 0.0% | epoch: 1 | remaining: 139s    
step 01724 (53.8%) | loss: 4.646223 | lrm: 0.92 | dt: 105ms | tok/sec: 9,741 | mfu: 0.0% | epoch: 1 | remaining: 138s    
step 01725 (53.9%) | loss: 4.677601 | lrm: 0.92 | dt: 95ms | tok/sec: 10,793 | mfu: 0.0% | epoch: 1 | remaining: 138s    
step 01726 (53.9%) | loss: 4.654272 | lrm: 0.92 | dt: 91ms | tok/sec: 11,265 | mfu: 0.0% | epoch: 1 | remaining: 138s    
step 01727 (53.9%) | loss: 4.660317 | lrm: 0.92 | dt: 100ms | tok/sec: 10,289 | mfu: 0.0% | epoch: 1 | remaining: 138s    
step 01728 (53.9%) | loss: 4.687275 | lrm: 0.92 | dt: 109ms | tok/sec: 9,430 | mfu: 0.0% | epoch: 1 | remaining: 138s    
step 01729 (54.0%) | loss: 4.706131 | lrm: 0.92 | dt: 94ms | tok/sec: 10,931 | mfu: 0.0% | epoch: 1 | remaining: 138s    
step 01730 (54.0%) | loss: 4.689859 | lrm: 0.92 | dt: 101ms | tok/sec: 10,149 | mfu: 0.0% | epoch: 1 | remaining: 138s    
step 01731 (54.0%) | loss: 4.690963 | lrm: 0.92 | dt: 104ms | tok/sec: 9,854 | mfu: 0.0% | epoch: 1 | remaining: 138s    
step 01732 (54.1%) | loss: 4.677775 | lrm: 0.92 | dt: 109ms | tok/sec: 9,370 | mfu: 0.0% | epoch: 1 | remaining: 138s    
step 01733 (54.1%) | loss: 4.680160 | lrm: 0.92 | dt: 102ms | tok/sec: 10,028 | mfu: 0.0% | epoch: 1 | remaining: 138s    
step 01734 (54.2%) | loss: 4.676732 | lrm: 0.92 | dt: 113ms | tok/sec: 9,077 | mfu: 0.0% | epoch: 1 | remaining: 137s    
step 01735 (54.2%) | loss: 4.690502 | lrm: 0.92 | dt: 111ms | tok/sec: 9,199 | mfu: 0.0% | epoch: 1 | remaining: 137s    
step 01736 (54.2%) | loss: 4.677826 | lrm: 0.92 | dt: 105ms | tok/sec: 9,711 | mfu: 0.0% | epoch: 1 | remaining: 137s    
step 01737 (54.3%) | loss: 4.685413 | lrm: 0.91 | dt: 112ms | tok/sec: 9,108 | mfu: 0.0% | epoch: 1 | remaining: 137s    
step 01738 (54.3%) | loss: 4.674503 | lrm: 0.91 | dt: 113ms | tok/sec: 9,035 | mfu: 0.0% | epoch: 1 | remaining: 137s    
step 01739 (54.3%) | loss: 4.675031 | lrm: 0.91 | dt: 197ms | tok/sec: 5,200 | mfu: 0.0% | epoch: 1 | remaining: 137s    
step 01740 (54.4%) | loss: 4.668878 | lrm: 0.91 | dt: 139ms | tok/sec: 7,346 | mfu: 0.0% | epoch: 1 | remaining: 137s    
step 01741 (54.4%) | loss: 4.661419 | lrm: 0.91 | dt: 108ms | tok/sec: 9,454 | mfu: 0.0% | epoch: 1 | remaining: 137s    
step 01742 (54.5%) | loss: 4.662878 | lrm: 0.91 | dt: 107ms | tok/sec: 9,557 | mfu: 0.0% | epoch: 1 | remaining: 136s    
step 01743 (54.5%) | loss: 4.670786 | lrm: 0.91 | dt: 105ms | tok/sec: 9,719 | mfu: 0.0% | epoch: 1 | remaining: 136s    
step 01744 (54.6%) | loss: 4.676677 | lrm: 0.91 | dt: 106ms | tok/sec: 9,621 | mfu: 0.0% | epoch: 1 | remaining: 136s    
step 01745 (54.6%) | loss: 4.674774 | lrm: 0.91 | dt: 104ms | tok/sec: 9,818 | mfu: 0.0% | epoch: 1 | remaining: 136s    
step 01746 (54.6%) | loss: 4.697819 | lrm: 0.91 | dt: 107ms | tok/sec: 9,589 | mfu: 0.0% | epoch: 1 | remaining: 136s    
step 01747 (54.7%) | loss: 4.698875 | lrm: 0.91 | dt: 115ms | tok/sec: 8,932 | mfu: 0.0% | epoch: 1 | remaining: 136s    
step 01748 (54.7%) | loss: 4.684125 | lrm: 0.91 | dt: 108ms | tok/sec: 9,492 | mfu: 0.0% | epoch: 1 | remaining: 136s    
step 01749 (54.7%) | loss: 4.681877 | lrm: 0.91 | dt: 112ms | tok/sec: 9,148 | mfu: 0.0% | epoch: 1 | remaining: 136s    
step 01750 (54.8%) | loss: 4.684402 | lrm: 0.90 | dt: 105ms | tok/sec: 9,760 | mfu: 0.0% | epoch: 1 | remaining: 136s    
step 01751 (54.8%) | loss: 4.682082 | lrm: 0.90 | dt: 106ms | tok/sec: 9,670 | mfu: 0.0% | epoch: 1 | remaining: 135s    
step 01752 (54.8%) | loss: 4.697208 | lrm: 0.90 | dt: 106ms | tok/sec: 9,699 | mfu: 0.0% | epoch: 1 | remaining: 135s    
step 01753 (54.9%) | loss: 4.711802 | lrm: 0.90 | dt: 103ms | tok/sec: 9,979 | mfu: 0.0% | epoch: 1 | remaining: 135s    
step 01754 (54.9%) | loss: 4.753563 | lrm: 0.90 | dt: 108ms | tok/sec: 9,524 | mfu: 0.0% | epoch: 1 | remaining: 135s    
step 01755 (54.9%) | loss: 4.785789 | lrm: 0.90 | dt: 107ms | tok/sec: 9,578 | mfu: 0.0% | epoch: 1 | remaining: 135s    
step 01756 (55.0%) | loss: 4.806585 | lrm: 0.90 | dt: 105ms | tok/sec: 9,781 | mfu: 0.0% | epoch: 1 | remaining: 135s    
step 01757 (55.0%) | loss: 4.816827 | lrm: 0.90 | dt: 107ms | tok/sec: 9,530 | mfu: 0.0% | epoch: 1 | remaining: 135s    
step 01758 (55.1%) | loss: 4.847820 | lrm: 0.90 | dt: 102ms | tok/sec: 10,013 | mfu: 0.0% | epoch: 1 | remaining: 135s    
step 01759 (55.1%) | loss: 4.856144 | lrm: 0.90 | dt: 113ms | tok/sec: 9,047 | mfu: 0.0% | epoch: 1 | remaining: 135s    
step 01760 (55.1%) | loss: 4.860064 | lrm: 0.90 | dt: 103ms | tok/sec: 9,899 | mfu: 0.0% | epoch: 1 | remaining: 135s    
step 01761 (55.2%) | loss: 4.867512 | lrm: 0.90 | dt: 101ms | tok/sec: 10,112 | mfu: 0.0% | epoch: 1 | remaining: 134s    
step 01762 (55.2%) | loss: 4.880944 | lrm: 0.90 | dt: 109ms | tok/sec: 9,405 | mfu: 0.0% | epoch: 1 | remaining: 134s    
step 01763 (55.2%) | loss: 4.895549 | lrm: 0.90 | dt: 114ms | tok/sec: 8,974 | mfu: 0.0% | epoch: 1 | remaining: 134s    
step 01764 (55.3%) | loss: 4.888972 | lrm: 0.89 | dt: 100ms | tok/sec: 10,210 | mfu: 0.0% | epoch: 1 | remaining: 134s    
step 01765 (55.3%) | loss: 4.876533 | lrm: 0.89 | dt: 99ms | tok/sec: 10,368 | mfu: 0.0% | epoch: 1 | remaining: 134s    
step 01766 (55.3%) | loss: 4.858013 | lrm: 0.89 | dt: 111ms | tok/sec: 9,209 | mfu: 0.0% | epoch: 1 | remaining: 134s    
step 01767 (55.4%) | loss: 4.851135 | lrm: 0.89 | dt: 108ms | tok/sec: 9,519 | mfu: 0.0% | epoch: 1 | remaining: 134s    
step 01768 (55.4%) | loss: 4.860922 | lrm: 0.89 | dt: 104ms | tok/sec: 9,820 | mfu: 0.0% | epoch: 1 | remaining: 134s    
step 01769 (55.4%) | loss: 4.820033 | lrm: 0.89 | dt: 100ms | tok/sec: 10,278 | mfu: 0.0% | epoch: 1 | remaining: 134s    
step 01770 (55.5%) | loss: 4.793568 | lrm: 0.89 | dt: 98ms | tok/sec: 10,420 | mfu: 0.0% | epoch: 1 | remaining: 133s    
step 01771 (55.5%) | loss: 4.784536 | lrm: 0.89 | dt: 102ms | tok/sec: 10,059 | mfu: 0.0% | epoch: 1 | remaining: 133s    
step 01772 (55.5%) | loss: 4.767524 | lrm: 0.89 | dt: 101ms | tok/sec: 10,147 | mfu: 0.0% | epoch: 1 | remaining: 133s    
step 01773 (55.6%) | loss: 4.755868 | lrm: 0.89 | dt: 99ms | tok/sec: 10,311 | mfu: 0.0% | epoch: 1 | remaining: 133s    
step 01774 (55.6%) | loss: 4.752574 | lrm: 0.89 | dt: 99ms | tok/sec: 10,386 | mfu: 0.0% | epoch: 1 | remaining: 133s    
step 01775 (55.6%) | loss: 4.728359 | lrm: 0.89 | dt: 98ms | tok/sec: 10,491 | mfu: 0.0% | epoch: 1 | remaining: 133s    
step 01776 (55.7%) | loss: 4.717009 | lrm: 0.89 | dt: 103ms | tok/sec: 9,930 | mfu: 0.0% | epoch: 1 | remaining: 133s    
step 01777 (55.7%) | loss: 4.705178 | lrm: 0.89 | dt: 144ms | tok/sec: 7,107 | mfu: 0.0% | epoch: 1 | remaining: 133s    
step 01778 (55.8%) | loss: 4.709002 | lrm: 0.88 | dt: 114ms | tok/sec: 9,003 | mfu: 0.0% | epoch: 1 | remaining: 133s    
step 01779 (55.8%) | loss: 4.689249 | lrm: 0.88 | dt: 101ms | tok/sec: 10,171 | mfu: 0.0% | epoch: 1 | remaining: 133s    
step 01780 (55.8%) | loss: 4.721389 | lrm: 0.88 | dt: 98ms | tok/sec: 10,426 | mfu: 0.0% | epoch: 1 | remaining: 132s    
step 01781 (55.9%) | loss: 4.745668 | lrm: 0.88 | dt: 100ms | tok/sec: 10,291 | mfu: 0.0% | epoch: 1 | remaining: 132s    
step 01782 (55.9%) | loss: 4.773611 | lrm: 0.88 | dt: 97ms | tok/sec: 10,518 | mfu: 0.0% | epoch: 1 | remaining: 132s    
step 01783 (55.9%) | loss: 4.795808 | lrm: 0.88 | dt: 98ms | tok/sec: 10,435 | mfu: 0.0% | epoch: 1 | remaining: 132s    
step 01784 (56.0%) | loss: 4.811566 | lrm: 0.88 | dt: 98ms | tok/sec: 10,406 | mfu: 0.0% | epoch: 1 | remaining: 132s    
step 01785 (56.0%) | loss: 4.799204 | lrm: 0.88 | dt: 104ms | tok/sec: 9,801 | mfu: 0.0% | epoch: 1 | remaining: 132s    
step 01786 (56.0%) | loss: 4.811940 | lrm: 0.88 | dt: 100ms | tok/sec: 10,211 | mfu: 0.0% | epoch: 1 | remaining: 132s    
step 01787 (56.1%) | loss: 4.811800 | lrm: 0.88 | dt: 102ms | tok/sec: 10,055 | mfu: 0.0% | epoch: 1 | remaining: 132s    
step 01788 (56.1%) | loss: 4.815360 | lrm: 0.88 | dt: 102ms | tok/sec: 10,080 | mfu: 0.0% | epoch: 1 | remaining: 132s    
step 01789 (56.1%) | loss: 4.813057 | lrm: 0.88 | dt: 106ms | tok/sec: 9,667 | mfu: 0.0% | epoch: 1 | remaining: 132s    
step 01790 (56.2%) | loss: 4.813705 | lrm: 0.88 | dt: 102ms | tok/sec: 9,996 | mfu: 0.0% | epoch: 1 | remaining: 131s    
step 01791 (56.2%) | loss: 4.802602 | lrm: 0.88 | dt: 103ms | tok/sec: 9,931 | mfu: 0.0% | epoch: 1 | remaining: 131s    
step 01792 (56.2%) | loss: 4.800319 | lrm: 0.88 | dt: 99ms | tok/sec: 10,305 | mfu: 0.0% | epoch: 1 | remaining: 131s    
step 01793 (56.3%) | loss: 4.784953 | lrm: 0.87 | dt: 97ms | tok/sec: 10,519 | mfu: 0.0% | epoch: 1 | remaining: 131s    
step 01794 (56.3%) | loss: 4.764745 | lrm: 0.87 | dt: 101ms | tok/sec: 10,158 | mfu: 0.0% | epoch: 1 | remaining: 131s    
step 01795 (56.3%) | loss: 4.738036 | lrm: 0.87 | dt: 104ms | tok/sec: 9,852 | mfu: 0.0% | epoch: 1 | remaining: 131s    
step 01796 (56.4%) | loss: 4.703331 | lrm: 0.87 | dt: 110ms | tok/sec: 9,329 | mfu: 0.0% | epoch: 1 | remaining: 131s    
step 01797 (56.4%) | loss: 4.647448 | lrm: 0.87 | dt: 98ms | tok/sec: 10,491 | mfu: 0.0% | epoch: 1 | remaining: 131s    
step 01798 (56.4%) | loss: 4.602356 | lrm: 0.87 | dt: 100ms | tok/sec: 10,261 | mfu: 0.0% | epoch: 1 | remaining: 131s    
step 01799 (56.5%) | loss: 4.615897 | lrm: 0.87 | dt: 100ms | tok/sec: 10,222 | mfu: 0.0% | epoch: 1 | remaining: 130s    
step 01800 (56.5%) | loss: 4.603639 | lrm: 0.87 | dt: 99ms | tok/sec: 10,323 | mfu: 0.0% | epoch: 1 | remaining: 130s    
step 01801 (56.5%) | loss: 4.601418 | lrm: 0.87 | dt: 99ms | tok/sec: 10,310 | mfu: 0.0% | epoch: 1 | remaining: 130s    
step 01802 (56.6%) | loss: 4.597459 | lrm: 0.87 | dt: 97ms | tok/sec: 10,553 | mfu: 0.0% | epoch: 1 | remaining: 130s    
step 01803 (56.6%) | loss: 4.589688 | lrm: 0.87 | dt: 99ms | tok/sec: 10,360 | mfu: 0.0% | epoch: 1 | remaining: 130s    
step 01804 (56.6%) | loss: 4.589372 | lrm: 0.87 | dt: 102ms | tok/sec: 10,054 | mfu: 0.0% | epoch: 1 | remaining: 130s    
step 01805 (56.7%) | loss: 4.621969 | lrm: 0.87 | dt: 104ms | tok/sec: 9,863 | mfu: 0.0% | epoch: 1 | remaining: 130s    
step 01806 (56.7%) | loss: 4.625788 | lrm: 0.87 | dt: 100ms | tok/sec: 10,219 | mfu: 0.0% | epoch: 1 | remaining: 130s    
step 01807 (56.7%) | loss: 4.648292 | lrm: 0.87 | dt: 104ms | tok/sec: 9,881 | mfu: 0.0% | epoch: 1 | remaining: 130s    
step 01808 (56.8%) | loss: 4.632242 | lrm: 0.86 | dt: 101ms | tok/sec: 10,172 | mfu: 0.0% | epoch: 1 | remaining: 130s    
step 01809 (56.8%) | loss: 4.625057 | lrm: 0.86 | dt: 102ms | tok/sec: 10,088 | mfu: 0.0% | epoch: 1 | remaining: 129s    
step 01810 (56.8%) | loss: 4.608779 | lrm: 0.86 | dt: 104ms | tok/sec: 9,871 | mfu: 0.0% | epoch: 1 | remaining: 129s    
step 01811 (56.9%) | loss: 4.646408 | lrm: 0.86 | dt: 102ms | tok/sec: 10,049 | mfu: 0.0% | epoch: 1 | remaining: 129s    
step 01812 (56.9%) | loss: 4.683704 | lrm: 0.86 | dt: 99ms | tok/sec: 10,306 | mfu: 0.0% | epoch: 1 | remaining: 129s    
step 01813 (56.9%) | loss: 4.698421 | lrm: 0.86 | dt: 99ms | tok/sec: 10,344 | mfu: 0.0% | epoch: 1 | remaining: 129s    
step 01814 (57.0%) | loss: 4.705491 | lrm: 0.86 | dt: 100ms | tok/sec: 10,212 | mfu: 0.0% | epoch: 1 | remaining: 129s    
step 01815 (57.0%) | loss: 4.725475 | lrm: 0.86 | dt: 106ms | tok/sec: 9,664 | mfu: 0.0% | epoch: 1 | remaining: 129s    
step 01816 (57.0%) | loss: 4.728237 | lrm: 0.86 | dt: 101ms | tok/sec: 10,157 | mfu: 0.0% | epoch: 1 | remaining: 129s    
step 01817 (57.1%) | loss: 4.755294 | lrm: 0.86 | dt: 102ms | tok/sec: 10,047 | mfu: 0.0% | epoch: 1 | remaining: 129s    
step 01818 (57.1%) | loss: 4.765691 | lrm: 0.86 | dt: 100ms | tok/sec: 10,239 | mfu: 0.0% | epoch: 1 | remaining: 129s    
step 01819 (57.1%) | loss: 4.752388 | lrm: 0.86 | dt: 100ms | tok/sec: 10,275 | mfu: 0.0% | epoch: 1 | remaining: 128s    
step 01820 (57.2%) | loss: 4.741333 | lrm: 0.86 | dt: 98ms | tok/sec: 10,499 | mfu: 0.0% | epoch: 1 | remaining: 128s    
step 01821 (57.2%) | loss: 4.718782 | lrm: 0.86 | dt: 104ms | tok/sec: 9,836 | mfu: 0.0% | epoch: 1 | remaining: 128s    
step 01822 (57.2%) | loss: 4.714421 | lrm: 0.86 | dt: 97ms | tok/sec: 10,517 | mfu: 0.0% | epoch: 1 | remaining: 128s    
step 01823 (57.3%) | loss: 4.693426 | lrm: 0.85 | dt: 97ms | tok/sec: 10,510 | mfu: 0.0% | epoch: 1 | remaining: 128s    
step 01824 (57.3%) | loss: 4.690811 | lrm: 0.85 | dt: 99ms | tok/sec: 10,393 | mfu: 0.0% | epoch: 1 | remaining: 128s    
step 01825 (57.3%) | loss: 4.674372 | lrm: 0.85 | dt: 107ms | tok/sec: 9,549 | mfu: 0.0% | epoch: 1 | remaining: 128s    
step 01826 (57.4%) | loss: 4.650468 | lrm: 0.85 | dt: 98ms | tok/sec: 10,440 | mfu: 0.0% | epoch: 1 | remaining: 128s    
step 01827 (57.4%) | loss: 4.641653 | lrm: 0.85 | dt: 106ms | tok/sec: 9,685 | mfu: 0.0% | epoch: 1 | remaining: 128s    
step 01828 (57.4%) | loss: 4.620260 | lrm: 0.85 | dt: 99ms | tok/sec: 10,317 | mfu: 0.0% | epoch: 1 | remaining: 128s    
step 01829 (57.5%) | loss: 4.625655 | lrm: 0.85 | dt: 100ms | tok/sec: 10,286 | mfu: 0.0% | epoch: 1 | remaining: 127s    
step 01830 (57.5%) | loss: 4.634444 | lrm: 0.85 | dt: 100ms | tok/sec: 10,274 | mfu: 0.0% | epoch: 1 | remaining: 127s    
step 01831 (57.5%) | loss: 4.670483 | lrm: 0.85 | dt: 99ms | tok/sec: 10,393 | mfu: 0.0% | epoch: 1 | remaining: 127s    
step 01832 (57.6%) | loss: 4.668840 | lrm: 0.85 | dt: 98ms | tok/sec: 10,483 | mfu: 0.0% | epoch: 1 | remaining: 127s    
step 01833 (57.6%) | loss: 4.677354 | lrm: 0.85 | dt: 99ms | tok/sec: 10,371 | mfu: 0.0% | epoch: 1 | remaining: 127s    
step 01834 (57.6%) | loss: 4.684401 | lrm: 0.85 | dt: 98ms | tok/sec: 10,420 | mfu: 0.0% | epoch: 1 | remaining: 127s    
step 01835 (57.7%) | loss: 4.672060 | lrm: 0.85 | dt: 102ms | tok/sec: 10,062 | mfu: 0.0% | epoch: 1 | remaining: 127s    
step 01836 (57.7%) | loss: 4.656815 | lrm: 0.85 | dt: 103ms | tok/sec: 9,977 | mfu: 0.0% | epoch: 1 | remaining: 127s    
step 01837 (57.7%) | loss: 4.688388 | lrm: 0.85 | dt: 104ms | tok/sec: 9,829 | mfu: 0.0% | epoch: 1 | remaining: 127s    
step 01838 (57.8%) | loss: 4.695286 | lrm: 0.84 | dt: 102ms | tok/sec: 10,076 | mfu: 0.0% | epoch: 1 | remaining: 127s    
step 01839 (57.8%) | loss: 4.696887 | lrm: 0.84 | dt: 97ms | tok/sec: 10,523 | mfu: 0.0% | epoch: 1 | remaining: 126s    
step 01840 (57.8%) | loss: 4.674156 | lrm: 0.84 | dt: 106ms | tok/sec: 9,704 | mfu: 0.0% | epoch: 1 | remaining: 126s    
step 01841 (57.9%) | loss: 4.664667 | lrm: 0.84 | dt: 103ms | tok/sec: 9,905 | mfu: 0.0% | epoch: 1 | remaining: 126s    
step 01842 (57.9%) | loss: 4.662008 | lrm: 0.84 | dt: 105ms | tok/sec: 9,771 | mfu: 0.0% | epoch: 1 | remaining: 126s    
step 01843 (57.9%) | loss: 4.683270 | lrm: 0.84 | dt: 100ms | tok/sec: 10,253 | mfu: 0.0% | epoch: 1 | remaining: 126s    
step 01844 (58.0%) | loss: 4.676848 | lrm: 0.84 | dt: 100ms | tok/sec: 10,233 | mfu: 0.0% | epoch: 1 | remaining: 126s    
step 01845 (58.0%) | loss: 4.687060 | lrm: 0.84 | dt: 102ms | tok/sec: 10,042 | mfu: 0.0% | epoch: 1 | remaining: 126s    
step 01846 (58.0%) | loss: 4.680220 | lrm: 0.84 | dt: 193ms | tok/sec: 5,294 | mfu: 0.0% | epoch: 1 | remaining: 126s    
step 01847 (58.1%) | loss: 4.658080 | lrm: 0.84 | dt: 108ms | tok/sec: 9,495 | mfu: 0.0% | epoch: 1 | remaining: 126s    
step 01848 (58.2%) | loss: 4.626208 | lrm: 0.84 | dt: 102ms | tok/sec: 9,991 | mfu: 0.0% | epoch: 1 | remaining: 125s    
step 01849 (58.2%) | loss: 4.615486 | lrm: 0.84 | dt: 100ms | tok/sec: 10,224 | mfu: 0.0% | epoch: 1 | remaining: 125s    
step 01850 (58.2%) | loss: 4.606437 | lrm: 0.84 | dt: 98ms | tok/sec: 10,401 | mfu: 0.0% | epoch: 1 | remaining: 125s    
step 01851 (58.3%) | loss: 4.618846 | lrm: 0.83 | dt: 97ms | tok/sec: 10,515 | mfu: 0.0% | epoch: 1 | remaining: 125s    
step 01852 (58.3%) | loss: 4.604830 | lrm: 0.83 | dt: 100ms | tok/sec: 10,256 | mfu: 0.0% | epoch: 1 | remaining: 125s    
step 01853 (58.3%) | loss: 4.643445 | lrm: 0.83 | dt: 99ms | tok/sec: 10,378 | mfu: 0.0% | epoch: 1 | remaining: 125s    
step 01854 (58.3%) | loss: 4.645708 | lrm: 0.83 | dt: 103ms | tok/sec: 9,980 | mfu: 0.0% | epoch: 1 | remaining: 125s    
step 01855 (58.4%) | loss: 4.644387 | lrm: 0.83 | dt: 105ms | tok/sec: 9,718 | mfu: 0.0% | epoch: 1 | remaining: 125s    
step 01856 (58.4%) | loss: 4.648701 | lrm: 0.83 | dt: 100ms | tok/sec: 10,233 | mfu: 0.0% | epoch: 1 | remaining: 125s    
step 01857 (58.5%) | loss: 4.639455 | lrm: 0.83 | dt: 99ms | tok/sec: 10,334 | mfu: 0.0% | epoch: 1 | remaining: 125s    
step 01858 (58.5%) | loss: 4.595070 | lrm: 0.83 | dt: 100ms | tok/sec: 10,287 | mfu: 0.0% | epoch: 1 | remaining: 124s    
step 01859 (58.5%) | loss: 4.596623 | lrm: 0.83 | dt: 98ms | tok/sec: 10,483 | mfu: 0.0% | epoch: 1 | remaining: 124s    
step 01860 (58.6%) | loss: 4.623677 | lrm: 0.83 | dt: 96ms | tok/sec: 10,630 | mfu: 0.0% | epoch: 1 | remaining: 124s    
step 01861 (58.6%) | loss: 4.671263 | lrm: 0.83 | dt: 101ms | tok/sec: 10,091 | mfu: 0.0% | epoch: 1 | remaining: 124s    
step 01862 (58.6%) | loss: 4.672019 | lrm: 0.83 | dt: 101ms | tok/sec: 10,136 | mfu: 0.0% | epoch: 1 | remaining: 124s    
step 01863 (58.7%) | loss: 4.683954 | lrm: 0.83 | dt: 103ms | tok/sec: 9,894 | mfu: 0.0% | epoch: 1 | remaining: 124s    
step 01864 (58.7%) | loss: 4.707998 | lrm: 0.83 | dt: 100ms | tok/sec: 10,232 | mfu: 0.0% | epoch: 1 | remaining: 124s    
step 01865 (58.7%) | loss: 4.723911 | lrm: 0.83 | dt: 104ms | tok/sec: 9,816 | mfu: 0.0% | epoch: 1 | remaining: 124s    
step 01866 (58.8%) | loss: 4.710125 | lrm: 0.82 | dt: 100ms | tok/sec: 10,275 | mfu: 0.0% | epoch: 1 | remaining: 124s    
step 01867 (58.8%) | loss: 4.714995 | lrm: 0.82 | dt: 97ms | tok/sec: 10,513 | mfu: 0.0% | epoch: 1 | remaining: 124s    
step 01868 (58.8%) | loss: 4.710480 | lrm: 0.82 | dt: 97ms | tok/sec: 10,505 | mfu: 0.0% | epoch: 1 | remaining: 123s    
step 01869 (58.9%) | loss: 4.723692 | lrm: 0.82 | dt: 100ms | tok/sec: 10,282 | mfu: 0.0% | epoch: 1 | remaining: 123s    
step 01870 (58.9%) | loss: 4.694598 | lrm: 0.82 | dt: 101ms | tok/sec: 10,177 | mfu: 0.0% | epoch: 1 | remaining: 123s    
step 01871 (58.9%) | loss: 4.665222 | lrm: 0.82 | dt: 98ms | tok/sec: 10,457 | mfu: 0.0% | epoch: 1 | remaining: 123s    
step 01872 (59.0%) | loss: 4.633520 | lrm: 0.82 | dt: 99ms | tok/sec: 10,343 | mfu: 0.0% | epoch: 1 | remaining: 123s    
step 01873 (59.0%) | loss: 4.633765 | lrm: 0.82 | dt: 96ms | tok/sec: 10,662 | mfu: 0.0% | epoch: 1 | remaining: 123s    
step 01874 (59.0%) | loss: 4.655701 | lrm: 0.82 | dt: 101ms | tok/sec: 10,112 | mfu: 0.0% | epoch: 1 | remaining: 123s    
step 01875 (59.0%) | loss: 4.661426 | lrm: 0.82 | dt: 109ms | tok/sec: 9,422 | mfu: 0.0% | epoch: 1 | remaining: 123s    
step 01876 (59.1%) | loss: 4.649959 | lrm: 0.82 | dt: 98ms | tok/sec: 10,433 | mfu: 0.0% | epoch: 1 | remaining: 123s    
step 01877 (59.1%) | loss: 4.651056 | lrm: 0.82 | dt: 101ms | tok/sec: 10,127 | mfu: 0.0% | epoch: 1 | remaining: 123s    
step 01878 (59.2%) | loss: 4.638510 | lrm: 0.82 | dt: 111ms | tok/sec: 9,246 | mfu: 0.0% | epoch: 1 | remaining: 122s    
step 01879 (59.2%) | loss: 4.643526 | lrm: 0.82 | dt: 99ms | tok/sec: 10,384 | mfu: 0.0% | epoch: 1 | remaining: 122s    
step 01880 (59.2%) | loss: 4.650063 | lrm: 0.82 | dt: 97ms | tok/sec: 10,550 | mfu: 0.0% | epoch: 1 | remaining: 122s    
step 01881 (59.3%) | loss: 4.672516 | lrm: 0.81 | dt: 99ms | tok/sec: 10,377 | mfu: 0.0% | epoch: 1 | remaining: 122s    
step 01882 (59.3%) | loss: 4.708204 | lrm: 0.81 | dt: 97ms | tok/sec: 10,504 | mfu: 0.0% | epoch: 1 | remaining: 122s    
step 01883 (59.3%) | loss: 4.739156 | lrm: 0.81 | dt: 97ms | tok/sec: 10,597 | mfu: 0.0% | epoch: 1 | remaining: 122s    
step 01884 (59.4%) | loss: 4.743800 | lrm: 0.81 | dt: 101ms | tok/sec: 10,104 | mfu: 0.0% | epoch: 1 | remaining: 122s    
step 01885 (59.4%) | loss: 4.763200 | lrm: 0.81 | dt: 100ms | tok/sec: 10,243 | mfu: 0.0% | epoch: 1 | remaining: 122s    
step 01886 (59.4%) | loss: 4.759383 | lrm: 0.81 | dt: 98ms | tok/sec: 10,458 | mfu: 0.0% | epoch: 1 | remaining: 122s    
step 01887 (59.5%) | loss: 4.753885 | lrm: 0.81 | dt: 97ms | tok/sec: 10,592 | mfu: 0.0% | epoch: 1 | remaining: 122s    
step 01888 (59.5%) | loss: 4.736055 | lrm: 0.81 | dt: 101ms | tok/sec: 10,154 | mfu: 0.0% | epoch: 1 | remaining: 121s    
step 01889 (59.5%) | loss: 4.728330 | lrm: 0.81 | dt: 97ms | tok/sec: 10,509 | mfu: 0.0% | epoch: 1 | remaining: 121s    
step 01890 (59.5%) | loss: 4.710649 | lrm: 0.81 | dt: 98ms | tok/sec: 10,414 | mfu: 0.0% | epoch: 1 | remaining: 121s    
step 01891 (59.6%) | loss: 4.716474 | lrm: 0.81 | dt: 99ms | tok/sec: 10,347 | mfu: 0.0% | epoch: 1 | remaining: 121s    
step 01892 (59.6%) | loss: 4.733057 | lrm: 0.81 | dt: 100ms | tok/sec: 10,241 | mfu: 0.0% | epoch: 1 | remaining: 121s    
step 01893 (59.6%) | loss: 4.728576 | lrm: 0.81 | dt: 113ms | tok/sec: 9,097 | mfu: 0.0% | epoch: 1 | remaining: 121s    
step 01894 (59.7%) | loss: 4.718378 | lrm: 0.81 | dt: 102ms | tok/sec: 10,064 | mfu: 0.0% | epoch: 1 | remaining: 121s    
step 01895 (59.7%) | loss: 4.723896 | lrm: 0.81 | dt: 102ms | tok/sec: 10,037 | mfu: 0.0% | epoch: 1 | remaining: 121s    
step 01896 (59.8%) | loss: 4.687718 | lrm: 0.80 | dt: 94ms | tok/sec: 10,878 | mfu: 0.0% | epoch: 1 | remaining: 121s    
step 01897 (59.8%) | loss: 4.641431 | lrm: 0.80 | dt: 92ms | tok/sec: 11,107 | mfu: 0.0% | epoch: 1 | remaining: 121s    
step 01898 (59.8%) | loss: 4.628723 | lrm: 0.80 | dt: 92ms | tok/sec: 11,142 | mfu: 0.0% | epoch: 1 | remaining: 120s    
step 01899 (59.8%) | loss: 4.615475 | lrm: 0.80 | dt: 92ms | tok/sec: 11,173 | mfu: 0.0% | epoch: 1 | remaining: 120s    
step 01900 (59.9%) | loss: 4.587517 | lrm: 0.80 | dt: 88ms | tok/sec: 11,678 | mfu: 0.0% | epoch: 1 | remaining: 120s    
step 01901 (59.9%) | loss: 4.562489 | lrm: 0.80 | dt: 79ms | tok/sec: 12,921 | mfu: 0.0% | epoch: 1 | remaining: 120s    
step 01902 (59.9%) | loss: 4.527845 | lrm: 0.80 | dt: 95ms | tok/sec: 10,740 | mfu: 0.0% | epoch: 1 | remaining: 120s    
step 01903 (60.0%) | loss: 4.546757 | lrm: 0.80 | dt: 98ms | tok/sec: 10,483 | mfu: 0.0% | epoch: 1 | remaining: 120s    
step 01904 (60.0%) | loss: 4.510451 | lrm: 0.80 | dt: 92ms | tok/sec: 11,077 | mfu: 0.0% | epoch: 1 | remaining: 120s    
step 01905 (60.0%) | loss: 4.497326 | lrm: 0.80 | dt: 93ms | tok/sec: 11,006 | mfu: 0.0% | epoch: 1 | remaining: 120s    
step 01906 (60.1%) | loss: 4.478324 | lrm: 0.80 | dt: 76ms | tok/sec: 13,560 | mfu: 0.0% | epoch: 1 | remaining: 120s    
step 01907 (60.1%) | loss: 4.476390 | lrm: 0.80 | dt: 94ms | tok/sec: 10,858 | mfu: 0.0% | epoch: 1 | remaining: 120s    
step 01908 (60.1%) | loss: 4.484355 | lrm: 0.80 | dt: 96ms | tok/sec: 10,705 | mfu: 0.0% | epoch: 1 | remaining: 120s    
step 01909 (60.1%) | loss: 4.484422 | lrm: 0.80 | dt: 95ms | tok/sec: 10,751 | mfu: 0.0% | epoch: 1 | remaining: 119s    
step 01910 (60.2%) | loss: 4.482402 | lrm: 0.80 | dt: 79ms | tok/sec: 13,012 | mfu: 0.0% | epoch: 1 | remaining: 119s    
step 01911 (60.2%) | loss: 4.473158 | lrm: 0.80 | dt: 103ms | tok/sec: 9,916 | mfu: 0.0% | epoch: 1 | remaining: 119s    
step 01912 (60.2%) | loss: 4.480951 | lrm: 0.80 | dt: 89ms | tok/sec: 11,489 | mfu: 0.0% | epoch: 1 | remaining: 119s    
step 01913 (60.3%) | loss: 4.473329 | lrm: 0.79 | dt: 95ms | tok/sec: 10,805 | mfu: 0.0% | epoch: 1 | remaining: 119s    
step 01914 (60.3%) | loss: 4.478150 | lrm: 0.79 | dt: 90ms | tok/sec: 11,342 | mfu: 0.0% | epoch: 1 | remaining: 119s    
step 01915 (60.3%) | loss: 4.485954 | lrm: 0.79 | dt: 92ms | tok/sec: 11,171 | mfu: 0.0% | epoch: 1 | remaining: 119s    
step 01916 (60.4%) | loss: 4.469034 | lrm: 0.79 | dt: 93ms | tok/sec: 10,960 | mfu: 0.0% | epoch: 1 | remaining: 119s    
step 01917 (60.4%) | loss: 4.462122 | lrm: 0.79 | dt: 91ms | tok/sec: 11,205 | mfu: 0.0% | epoch: 1 | remaining: 119s    
step 01918 (60.4%) | loss: 4.452426 | lrm: 0.79 | dt: 79ms | tok/sec: 12,971 | mfu: 0.0% | epoch: 1 | remaining: 119s    
step 01919 (60.5%) | loss: 4.453688 | lrm: 0.79 | dt: 95ms | tok/sec: 10,790 | mfu: 0.0% | epoch: 1 | remaining: 119s    
step 01920 (60.5%) | loss: 4.447023 | lrm: 0.79 | dt: 96ms | tok/sec: 10,719 | mfu: 0.0% | epoch: 1 | remaining: 118s    
step 01921 (60.5%) | loss: 4.446633 | lrm: 0.79 | dt: 95ms | tok/sec: 10,791 | mfu: 0.0% | epoch: 1 | remaining: 118s    
step 01922 (60.5%) | loss: 4.431764 | lrm: 0.79 | dt: 98ms | tok/sec: 10,404 | mfu: 0.0% | epoch: 1 | remaining: 118s    
step 01923 (60.6%) | loss: 4.426423 | lrm: 0.79 | dt: 79ms | tok/sec: 12,983 | mfu: 0.0% | epoch: 1 | remaining: 118s    
step 01924 (60.6%) | loss: 4.411147 | lrm: 0.79 | dt: 105ms | tok/sec: 9,786 | mfu: 0.0% | epoch: 1 | remaining: 118s    
step 01925 (60.6%) | loss: 4.396476 | lrm: 0.79 | dt: 90ms | tok/sec: 11,339 | mfu: 0.0% | epoch: 1 | remaining: 118s    
step 01926 (60.7%) | loss: 4.388311 | lrm: 0.79 | dt: 97ms | tok/sec: 10,513 | mfu: 0.0% | epoch: 1 | remaining: 118s    
step 01927 (60.7%) | loss: 4.392497 | lrm: 0.79 | dt: 91ms | tok/sec: 11,298 | mfu: 0.0% | epoch: 1 | remaining: 118s    
step 01928 (60.7%) | loss: 4.369835 | lrm: 0.79 | dt: 87ms | tok/sec: 11,806 | mfu: 0.0% | epoch: 1 | remaining: 118s    
step 01929 (60.8%) | loss: 4.362232 | lrm: 0.78 | dt: 94ms | tok/sec: 10,837 | mfu: 0.0% | epoch: 1 | remaining: 118s    
step 01930 (60.8%) | loss: 4.371175 | lrm: 0.78 | dt: 102ms | tok/sec: 10,075 | mfu: 0.0% | epoch: 1 | remaining: 118s    
step 01931 (60.8%) | loss: 4.380249 | lrm: 0.78 | dt: 88ms | tok/sec: 11,597 | mfu: 0.0% | epoch: 1 | remaining: 117s    
step 01932 (60.9%) | loss: 4.408430 | lrm: 0.78 | dt: 108ms | tok/sec: 9,494 | mfu: 0.0% | epoch: 1 | remaining: 117s    
step 01933 (60.9%) | loss: 4.432616 | lrm: 0.78 | dt: 78ms | tok/sec: 13,211 | mfu: 0.0% | epoch: 1 | remaining: 117s    
step 01934 (60.9%) | loss: 4.433315 | lrm: 0.78 | dt: 92ms | tok/sec: 11,094 | mfu: 0.0% | epoch: 1 | remaining: 117s    
step 01935 (60.9%) | loss: 4.439340 | lrm: 0.78 | dt: 93ms | tok/sec: 10,970 | mfu: 0.0% | epoch: 1 | remaining: 117s    
step 01936 (61.0%) | loss: 4.467084 | lrm: 0.78 | dt: 93ms | tok/sec: 11,057 | mfu: 0.0% | epoch: 1 | remaining: 117s    
step 01937 (61.0%) | loss: 4.482766 | lrm: 0.78 | dt: 103ms | tok/sec: 9,898 | mfu: 0.0% | epoch: 1 | remaining: 117s    
step 01938 (61.0%) | loss: 4.522172 | lrm: 0.78 | dt: 105ms | tok/sec: 9,725 | mfu: 0.0% | epoch: 1 | remaining: 117s    
step 01939 (61.1%) | loss: 4.517284 | lrm: 0.78 | dt: 87ms | tok/sec: 11,751 | mfu: 0.0% | epoch: 1 | remaining: 117s    
step 01940 (61.1%) | loss: 4.538812 | lrm: 0.78 | dt: 99ms | tok/sec: 10,347 | mfu: 0.0% | epoch: 1 | remaining: 117s    
step 01941 (61.1%) | loss: 4.540060 | lrm: 0.78 | dt: 85ms | tok/sec: 12,034 | mfu: 0.0% | epoch: 1 | remaining: 116s    
step 01942 (61.2%) | loss: 4.554520 | lrm: 0.78 | dt: 117ms | tok/sec: 8,783 | mfu: 0.0% | epoch: 1 | remaining: 116s    
step 01943 (61.2%) | loss: 4.550562 | lrm: 0.78 | dt: 119ms | tok/sec: 8,638 | mfu: 0.0% | epoch: 1 | remaining: 116s    
step 01944 (61.2%) | loss: 4.536121 | lrm: 0.78 | dt: 87ms | tok/sec: 11,712 | mfu: 0.0% | epoch: 1 | remaining: 116s    
step 01945 (61.3%) | loss: 4.523224 | lrm: 0.77 | dt: 100ms | tok/sec: 10,278 | mfu: 0.0% | epoch: 1 | remaining: 116s    
step 01946 (61.3%) | loss: 4.520472 | lrm: 0.77 | dt: 87ms | tok/sec: 11,783 | mfu: 0.0% | epoch: 1 | remaining: 116s    
step 01947 (61.3%) | loss: 4.543074 | lrm: 0.77 | dt: 106ms | tok/sec: 9,635 | mfu: 0.0% | epoch: 1 | remaining: 116s    
step 01948 (61.4%) | loss: 4.538418 | lrm: 0.77 | dt: 88ms | tok/sec: 11,583 | mfu: 0.0% | epoch: 1 | remaining: 116s    
step 01949 (61.4%) | loss: 4.517754 | lrm: 0.77 | dt: 105ms | tok/sec: 9,723 | mfu: 0.0% | epoch: 1 | remaining: 116s    
step 01950 (61.4%) | loss: 4.535622 | lrm: 0.77 | dt: 161ms | tok/sec: 6,370 | mfu: 0.0% | epoch: 1 | remaining: 116s    
step 01951 (61.5%) | loss: 4.543778 | lrm: 0.77 | dt: 86ms | tok/sec: 11,902 | mfu: 0.0% | epoch: 1 | remaining: 115s    
step 01952 (61.5%) | loss: 4.553228 | lrm: 0.77 | dt: 99ms | tok/sec: 10,377 | mfu: 0.0% | epoch: 1 | remaining: 115s    
step 01953 (61.6%) | loss: 4.552531 | lrm: 0.77 | dt: 94ms | tok/sec: 10,843 | mfu: 0.0% | epoch: 1 | remaining: 115s    
step 01954 (61.6%) | loss: 4.544696 | lrm: 0.77 | dt: 95ms | tok/sec: 10,798 | mfu: 0.0% | epoch: 1 | remaining: 115s    
step 01955 (61.6%) | loss: 4.578109 | lrm: 0.77 | dt: 96ms | tok/sec: 10,659 | mfu: 0.0% | epoch: 1 | remaining: 115s    
step 01956 (61.7%) | loss: 4.590054 | lrm: 0.77 | dt: 88ms | tok/sec: 11,693 | mfu: 0.0% | epoch: 1 | remaining: 115s    
step 01957 (61.7%) | loss: 4.642969 | lrm: 0.77 | dt: 99ms | tok/sec: 10,346 | mfu: 0.0% | epoch: 1 | remaining: 115s    
step 01958 (61.7%) | loss: 4.670998 | lrm: 0.77 | dt: 93ms | tok/sec: 10,995 | mfu: 0.0% | epoch: 1 | remaining: 115s    
step 01959 (61.7%) | loss: 4.715887 | lrm: 0.77 | dt: 92ms | tok/sec: 11,165 | mfu: 0.0% | epoch: 1 | remaining: 115s    
step 01960 (61.8%) | loss: 4.689740 | lrm: 0.76 | dt: 94ms | tok/sec: 10,839 | mfu: 0.0% | epoch: 1 | remaining: 115s    
step 01961 (61.8%) | loss: 4.677229 | lrm: 0.76 | dt: 91ms | tok/sec: 11,285 | mfu: 0.0% | epoch: 1 | remaining: 114s    
step 01962 (61.8%) | loss: 4.636527 | lrm: 0.76 | dt: 95ms | tok/sec: 10,832 | mfu: 0.0% | epoch: 1 | remaining: 114s    
step 01963 (61.9%) | loss: 4.608254 | lrm: 0.76 | dt: 97ms | tok/sec: 10,547 | mfu: 0.0% | epoch: 1 | remaining: 114s    
step 01964 (61.9%) | loss: 4.562988 | lrm: 0.76 | dt: 95ms | tok/sec: 10,795 | mfu: 0.0% | epoch: 1 | remaining: 114s    
step 01965 (61.9%) | loss: 4.524430 | lrm: 0.76 | dt: 92ms | tok/sec: 11,108 | mfu: 0.0% | epoch: 1 | remaining: 114s    
step 01966 (62.0%) | loss: 4.519125 | lrm: 0.76 | dt: 94ms | tok/sec: 10,874 | mfu: 0.0% | epoch: 1 | remaining: 114s    
step 01967 (62.0%) | loss: 4.511782 | lrm: 0.76 | dt: 93ms | tok/sec: 11,028 | mfu: 0.0% | epoch: 1 | remaining: 114s    
step 01968 (62.0%) | loss: 4.517530 | lrm: 0.76 | dt: 94ms | tok/sec: 10,893 | mfu: 0.0% | epoch: 1 | remaining: 114s    
step 01969 (62.1%) | loss: 4.504036 | lrm: 0.76 | dt: 95ms | tok/sec: 10,785 | mfu: 0.0% | epoch: 1 | remaining: 114s    
step 01970 (62.1%) | loss: 4.472239 | lrm: 0.76 | dt: 95ms | tok/sec: 10,749 | mfu: 0.0% | epoch: 1 | remaining: 114s    
step 01971 (62.1%) | loss: 4.447570 | lrm: 0.76 | dt: 95ms | tok/sec: 10,741 | mfu: 0.0% | epoch: 1 | remaining: 114s    
step 01972 (62.2%) | loss: 4.417082 | lrm: 0.76 | dt: 95ms | tok/sec: 10,734 | mfu: 0.0% | epoch: 1 | remaining: 113s    
step 01973 (62.2%) | loss: 4.409795 | lrm: 0.76 | dt: 95ms | tok/sec: 10,796 | mfu: 0.0% | epoch: 1 | remaining: 113s    
step 01974 (62.2%) | loss: 4.413163 | lrm: 0.76 | dt: 94ms | tok/sec: 10,856 | mfu: 0.0% | epoch: 1 | remaining: 113s    
step 01975 (62.2%) | loss: 4.410447 | lrm: 0.76 | dt: 81ms | tok/sec: 12,692 | mfu: 0.0% | epoch: 1 | remaining: 113s    
step 01976 (62.3%) | loss: 4.394406 | lrm: 0.75 | dt: 94ms | tok/sec: 10,838 | mfu: 0.0% | epoch: 1 | remaining: 113s    
step 01977 (62.3%) | loss: 4.388122 | lrm: 0.75 | dt: 96ms | tok/sec: 10,708 | mfu: 0.0% | epoch: 1 | remaining: 113s    
step 01978 (62.3%) | loss: 4.369307 | lrm: 0.75 | dt: 109ms | tok/sec: 9,413 | mfu: 0.0% | epoch: 1 | remaining: 113s    
step 01979 (62.4%) | loss: 4.387812 | lrm: 0.75 | dt: 95ms | tok/sec: 10,803 | mfu: 0.0% | epoch: 1 | remaining: 113s    
step 01980 (62.4%) | loss: 4.372138 | lrm: 0.75 | dt: 91ms | tok/sec: 11,217 | mfu: 0.0% | epoch: 1 | remaining: 113s    
step 01981 (62.4%) | loss: 4.423934 | lrm: 0.75 | dt: 95ms | tok/sec: 10,808 | mfu: 0.0% | epoch: 1 | remaining: 113s    
step 01982 (62.5%) | loss: 4.466375 | lrm: 0.75 | dt: 85ms | tok/sec: 12,099 | mfu: 0.0% | epoch: 1 | remaining: 113s    
step 01983 (62.5%) | loss: 4.460804 | lrm: 0.75 | dt: 111ms | tok/sec: 9,236 | mfu: 0.0% | epoch: 1 | remaining: 112s    
step 01984 (62.5%) | loss: 4.448155 | lrm: 0.75 | dt: 95ms | tok/sec: 10,756 | mfu: 0.0% | epoch: 1 | remaining: 112s    
step 01985 (62.6%) | loss: 4.440603 | lrm: 0.75 | dt: 93ms | tok/sec: 10,997 | mfu: 0.0% | epoch: 1 | remaining: 112s    
step 01986 (62.6%) | loss: 4.423728 | lrm: 0.75 | dt: 92ms | tok/sec: 11,171 | mfu: 0.0% | epoch: 1 | remaining: 112s    
step 01987 (62.6%) | loss: 4.416666 | lrm: 0.75 | dt: 96ms | tok/sec: 10,707 | mfu: 0.0% | epoch: 1 | remaining: 112s    
step 01988 (62.7%) | loss: 4.409069 | lrm: 0.75 | dt: 95ms | tok/sec: 10,811 | mfu: 0.0% | epoch: 1 | remaining: 112s    
step 01989 (62.7%) | loss: 4.403332 | lrm: 0.75 | dt: 104ms | tok/sec: 9,865 | mfu: 0.0% | epoch: 1 | remaining: 112s    
step 01990 (62.7%) | loss: 4.407903 | lrm: 0.75 | dt: 94ms | tok/sec: 10,864 | mfu: 0.0% | epoch: 1 | remaining: 112s    
step 01991 (62.8%) | loss: 4.406488 | lrm: 0.74 | dt: 80ms | tok/sec: 12,838 | mfu: 0.0% | epoch: 1 | remaining: 112s    
step 01992 (62.8%) | loss: 4.399679 | lrm: 0.74 | dt: 96ms | tok/sec: 10,671 | mfu: 0.0% | epoch: 1 | remaining: 112s    
step 01993 (62.8%) | loss: 4.413396 | lrm: 0.74 | dt: 97ms | tok/sec: 10,545 | mfu: 0.0% | epoch: 1 | remaining: 111s    
step 01994 (62.8%) | loss: 4.408617 | lrm: 0.74 | dt: 94ms | tok/sec: 10,950 | mfu: 0.0% | epoch: 1 | remaining: 111s    
step 01995 (62.9%) | loss: 4.416148 | lrm: 0.74 | dt: 101ms | tok/sec: 10,097 | mfu: 0.0% | epoch: 1 | remaining: 111s    
step 01996 (62.9%) | loss: 4.412284 | lrm: 0.74 | dt: 79ms | tok/sec: 12,908 | mfu: 0.0% | epoch: 1 | remaining: 111s    
step 01997 (62.9%) | loss: 4.425761 | lrm: 0.74 | dt: 101ms | tok/sec: 10,187 | mfu: 0.0% | epoch: 1 | remaining: 111s    
step 01998 (63.0%) | loss: 4.449234 | lrm: 0.74 | dt: 106ms | tok/sec: 9,665 | mfu: 0.0% | epoch: 1 | remaining: 111s    
step 01999 (63.0%) | loss: 4.462844 | lrm: 0.74 | dt: 94ms | tok/sec: 10,860 | mfu: 0.0% | epoch: 1 | remaining: 111s    
step 02000 (63.0%) | loss: 4.455377 | lrm: 0.74 | dt: 96ms | tok/sec: 10,641 | mfu: 0.0% | epoch: 1 | remaining: 111s    
step 02001 (63.1%) | loss: 4.477061 | lrm: 0.74 | dt: 94ms | tok/sec: 10,905 | mfu: 0.0% | epoch: 1 | remaining: 111s    
step 02002 (63.1%) | loss: 4.459315 | lrm: 0.74 | dt: 100ms | tok/sec: 10,235 | mfu: 0.0% | epoch: 1 | remaining: 111s    
step 02003 (63.1%) | loss: 4.463897 | lrm: 0.74 | dt: 93ms | tok/sec: 11,038 | mfu: 0.0% | epoch: 1 | remaining: 111s    
step 02004 (63.2%) | loss: 4.444755 | lrm: 0.74 | dt: 95ms | tok/sec: 10,805 | mfu: 0.0% | epoch: 1 | remaining: 110s    
step 02005 (63.2%) | loss: 4.459856 | lrm: 0.74 | dt: 102ms | tok/sec: 9,999 | mfu: 0.0% | epoch: 1 | remaining: 110s    
step 02006 (63.2%) | loss: 4.457406 | lrm: 0.74 | dt: 98ms | tok/sec: 10,488 | mfu: 0.0% | epoch: 1 | remaining: 110s    
step 02007 (63.3%) | loss: 4.451800 | lrm: 0.73 | dt: 103ms | tok/sec: 9,902 | mfu: 0.0% | epoch: 1 | remaining: 110s    
step 02008 (63.3%) | loss: 4.444367 | lrm: 0.73 | dt: 94ms | tok/sec: 10,838 | mfu: 0.0% | epoch: 1 | remaining: 110s    
step 02009 (63.3%) | loss: 4.449353 | lrm: 0.73 | dt: 108ms | tok/sec: 9,458 | mfu: 0.0% | epoch: 1 | remaining: 110s    
step 02010 (63.4%) | loss: 4.481083 | lrm: 0.73 | dt: 96ms | tok/sec: 10,666 | mfu: 0.0% | epoch: 1 | remaining: 110s    
step 02011 (63.4%) | loss: 4.501535 | lrm: 0.73 | dt: 96ms | tok/sec: 10,686 | mfu: 0.0% | epoch: 1 | remaining: 110s    
step 02012 (63.4%) | loss: 4.524405 | lrm: 0.73 | dt: 95ms | tok/sec: 10,754 | mfu: 0.0% | epoch: 1 | remaining: 110s    
step 02013 (63.5%) | loss: 4.527905 | lrm: 0.73 | dt: 83ms | tok/sec: 12,285 | mfu: 0.0% | epoch: 1 | remaining: 110s    
step 02014 (63.5%) | loss: 4.546302 | lrm: 0.73 | dt: 95ms | tok/sec: 10,835 | mfu: 0.0% | epoch: 1 | remaining: 109s    
step 02015 (63.5%) | loss: 4.573494 | lrm: 0.73 | dt: 108ms | tok/sec: 9,521 | mfu: 0.0% | epoch: 1 | remaining: 109s    
step 02016 (63.6%) | loss: 4.569646 | lrm: 0.73 | dt: 102ms | tok/sec: 10,020 | mfu: 0.0% | epoch: 1 | remaining: 109s    
step 02017 (63.6%) | loss: 4.577094 | lrm: 0.73 | dt: 94ms | tok/sec: 10,854 | mfu: 0.0% | epoch: 1 | remaining: 109s    
step 02018 (63.6%) | loss: 4.603376 | lrm: 0.73 | dt: 108ms | tok/sec: 9,500 | mfu: 0.0% | epoch: 1 | remaining: 109s    
step 02019 (63.7%) | loss: 4.612958 | lrm: 0.73 | dt: 99ms | tok/sec: 10,350 | mfu: 0.0% | epoch: 1 | remaining: 109s    
step 02020 (63.7%) | loss: 4.622777 | lrm: 0.73 | dt: 103ms | tok/sec: 9,931 | mfu: 0.0% | epoch: 1 | remaining: 109s    
step 02021 (63.7%) | loss: 4.626848 | lrm: 0.73 | dt: 94ms | tok/sec: 10,884 | mfu: 0.0% | epoch: 1 | remaining: 109s    
step 02022 (63.8%) | loss: 4.614224 | lrm: 0.72 | dt: 111ms | tok/sec: 9,215 | mfu: 0.0% | epoch: 1 | remaining: 109s    
step 02023 (63.8%) | loss: 4.598744 | lrm: 0.72 | dt: 93ms | tok/sec: 11,012 | mfu: 0.0% | epoch: 1 | remaining: 109s    
step 02024 (63.8%) | loss: 4.593364 | lrm: 0.72 | dt: 107ms | tok/sec: 9,585 | mfu: 0.0% | epoch: 1 | remaining: 108s    
step 02025 (63.9%) | loss: 4.588451 | lrm: 0.72 | dt: 105ms | tok/sec: 9,786 | mfu: 0.0% | epoch: 1 | remaining: 108s    
step 02026 (63.9%) | loss: 4.593668 | lrm: 0.72 | dt: 95ms | tok/sec: 10,780 | mfu: 0.0% | epoch: 1 | remaining: 108s    
step 02027 (63.9%) | loss: 4.629874 | lrm: 0.72 | dt: 97ms | tok/sec: 10,536 | mfu: 0.0% | epoch: 1 | remaining: 108s    
step 02028 (64.0%) | loss: 4.669861 | lrm: 0.72 | dt: 94ms | tok/sec: 10,850 | mfu: 0.0% | epoch: 1 | remaining: 108s    
step 02029 (64.0%) | loss: 4.695686 | lrm: 0.72 | dt: 91ms | tok/sec: 11,305 | mfu: 0.0% | epoch: 1 | remaining: 108s    
step 02030 (64.0%) | loss: 4.718281 | lrm: 0.72 | dt: 98ms | tok/sec: 10,444 | mfu: 0.0% | epoch: 1 | remaining: 108s    
step 02031 (64.1%) | loss: 4.712633 | lrm: 0.72 | dt: 95ms | tok/sec: 10,770 | mfu: 0.0% | epoch: 1 | remaining: 108s    
step 02032 (64.1%) | loss: 4.725477 | lrm: 0.72 | dt: 94ms | tok/sec: 10,844 | mfu: 0.0% | epoch: 1 | remaining: 108s    
step 02033 (64.1%) | loss: 4.732149 | lrm: 0.72 | dt: 102ms | tok/sec: 10,015 | mfu: 0.0% | epoch: 1 | remaining: 108s    
step 02034 (64.1%) | loss: 4.749660 | lrm: 0.72 | dt: 83ms | tok/sec: 12,357 | mfu: 0.0% | epoch: 1 | remaining: 107s    
step 02035 (64.2%) | loss: 4.756420 | lrm: 0.72 | dt: 95ms | tok/sec: 10,760 | mfu: 0.0% | epoch: 1 | remaining: 107s    
step 02036 (64.2%) | loss: 4.749518 | lrm: 0.72 | dt: 104ms | tok/sec: 9,850 | mfu: 0.0% | epoch: 1 | remaining: 107s    
step 02037 (64.2%) | loss: 4.763850 | lrm: 0.72 | dt: 101ms | tok/sec: 10,155 | mfu: 0.0% | epoch: 1 | remaining: 107s    
step 02038 (64.3%) | loss: 4.770005 | lrm: 0.71 | dt: 92ms | tok/sec: 11,124 | mfu: 0.0% | epoch: 1 | remaining: 107s    
step 02039 (64.3%) | loss: 4.765569 | lrm: 0.71 | dt: 102ms | tok/sec: 10,026 | mfu: 0.0% | epoch: 1 | remaining: 107s    
step 02040 (64.3%) | loss: 4.784670 | lrm: 0.71 | dt: 104ms | tok/sec: 9,881 | mfu: 0.0% | epoch: 1 | remaining: 107s    
step 02041 (64.4%) | loss: 4.797528 | lrm: 0.71 | dt: 84ms | tok/sec: 12,205 | mfu: 0.0% | epoch: 1 | remaining: 107s    
step 02042 (64.4%) | loss: 4.806610 | lrm: 0.71 | dt: 99ms | tok/sec: 10,337 | mfu: 0.0% | epoch: 1 | remaining: 107s    
step 02043 (64.4%) | loss: 4.793836 | lrm: 0.71 | dt: 101ms | tok/sec: 10,169 | mfu: 0.0% | epoch: 1 | remaining: 107s    
step 02044 (64.5%) | loss: 4.772270 | lrm: 0.71 | dt: 80ms | tok/sec: 12,724 | mfu: 0.0% | epoch: 1 | remaining: 107s    
step 02045 (64.5%) | loss: 4.805360 | lrm: 0.71 | dt: 113ms | tok/sec: 9,098 | mfu: 0.0% | epoch: 1 | remaining: 106s    
step 02046 (64.5%) | loss: 4.772678 | lrm: 0.71 | dt: 82ms | tok/sec: 12,551 | mfu: 0.0% | epoch: 1 | remaining: 106s    
step 02047 (64.6%) | loss: 4.759155 | lrm: 0.71 | dt: 105ms | tok/sec: 9,789 | mfu: 0.0% | epoch: 1 | remaining: 106s    
step 02048 (64.6%) | loss: 4.743123 | lrm: 0.71 | dt: 94ms | tok/sec: 10,837 | mfu: 0.0% | epoch: 1 | remaining: 106s    
step 02049 (64.6%) | loss: 4.746268 | lrm: 0.71 | dt: 84ms | tok/sec: 12,143 | mfu: 0.0% | epoch: 1 | remaining: 106s    
step 02050 (64.7%) | loss: 4.711184 | lrm: 0.71 | dt: 111ms | tok/sec: 9,252 | mfu: 0.0% | epoch: 1 | remaining: 106s    
step 02051 (64.7%) | loss: 4.675957 | lrm: 0.71 | dt: 104ms | tok/sec: 9,838 | mfu: 0.0% | epoch: 1 | remaining: 106s    
step 02052 (64.7%) | loss: 4.670303 | lrm: 0.71 | dt: 102ms | tok/sec: 10,079 | mfu: 0.0% | epoch: 1 | remaining: 106s    
step 02053 (64.8%) | loss: 4.680029 | lrm: 0.70 | dt: 100ms | tok/sec: 10,247 | mfu: 0.0% | epoch: 1 | remaining: 106s    
step 02054 (64.8%) | loss: 4.699814 | lrm: 0.70 | dt: 84ms | tok/sec: 12,170 | mfu: 0.0% | epoch: 1 | remaining: 106s    
step 02055 (64.8%) | loss: 4.734786 | lrm: 0.70 | dt: 98ms | tok/sec: 10,487 | mfu: 0.0% | epoch: 1 | remaining: 105s    
step 02056 (64.9%) | loss: 4.740278 | lrm: 0.70 | dt: 101ms | tok/sec: 10,127 | mfu: 0.0% | epoch: 1 | remaining: 105s    
step 02057 (64.9%) | loss: 4.741837 | lrm: 0.70 | dt: 96ms | tok/sec: 10,631 | mfu: 0.0% | epoch: 1 | remaining: 105s    
step 02058 (64.9%) | loss: 4.725170 | lrm: 0.70 | dt: 95ms | tok/sec: 10,763 | mfu: 0.0% | epoch: 1 | remaining: 105s    
step 02059 (65.0%) | loss: 4.733970 | lrm: 0.70 | dt: 95ms | tok/sec: 10,765 | mfu: 0.0% | epoch: 1 | remaining: 105s    
step 02060 (65.0%) | loss: 4.703519 | lrm: 0.70 | dt: 94ms | tok/sec: 10,929 | mfu: 0.0% | epoch: 1 | remaining: 105s    
step 02061 (65.0%) | loss: 4.749648 | lrm: 0.70 | dt: 104ms | tok/sec: 9,828 | mfu: 0.0% | epoch: 1 | remaining: 105s    
step 02062 (65.1%) | loss: 4.808832 | lrm: 0.70 | dt: 80ms | tok/sec: 12,830 | mfu: 0.0% | epoch: 1 | remaining: 105s    
step 02063 (65.1%) | loss: 4.853020 | lrm: 0.70 | dt: 96ms | tok/sec: 10,718 | mfu: 0.0% | epoch: 1 | remaining: 105s    
step 02064 (65.1%) | loss: 4.870092 | lrm: 0.70 | dt: 95ms | tok/sec: 10,760 | mfu: 0.0% | epoch: 1 | remaining: 105s    
step 02065 (65.1%) | loss: 4.897364 | lrm: 0.70 | dt: 99ms | tok/sec: 10,388 | mfu: 0.0% | epoch: 1 | remaining: 104s    
step 02066 (65.2%) | loss: 4.918232 | lrm: 0.70 | dt: 86ms | tok/sec: 11,968 | mfu: 0.0% | epoch: 1 | remaining: 104s    
step 02067 (65.2%) | loss: 4.926346 | lrm: 0.70 | dt: 101ms | tok/sec: 10,177 | mfu: 0.0% | epoch: 1 | remaining: 104s    
step 02068 (65.2%) | loss: 4.908104 | lrm: 0.70 | dt: 83ms | tok/sec: 12,276 | mfu: 0.0% | epoch: 1 | remaining: 104s    
step 02069 (65.3%) | loss: 4.890039 | lrm: 0.69 | dt: 100ms | tok/sec: 10,196 | mfu: 0.0% | epoch: 1 | remaining: 104s    
step 02070 (65.3%) | loss: 4.879068 | lrm: 0.69 | dt: 94ms | tok/sec: 10,854 | mfu: 0.0% | epoch: 1 | remaining: 104s    
step 02071 (65.3%) | loss: 4.863493 | lrm: 0.69 | dt: 95ms | tok/sec: 10,801 | mfu: 0.0% | epoch: 1 | remaining: 104s    
step 02072 (65.4%) | loss: 4.836656 | lrm: 0.69 | dt: 88ms | tok/sec: 11,640 | mfu: 0.0% | epoch: 1 | remaining: 104s    
step 02073 (65.4%) | loss: 4.824169 | lrm: 0.69 | dt: 80ms | tok/sec: 12,879 | mfu: 0.0% | epoch: 1 | remaining: 104s    
step 02074 (65.4%) | loss: 4.784648 | lrm: 0.69 | dt: 96ms | tok/sec: 10,645 | mfu: 0.0% | epoch: 1 | remaining: 104s    
step 02075 (65.4%) | loss: 4.739531 | lrm: 0.69 | dt: 95ms | tok/sec: 10,810 | mfu: 0.0% | epoch: 1 | remaining: 104s    
step 02076 (65.5%) | loss: 4.711283 | lrm: 0.69 | dt: 96ms | tok/sec: 10,670 | mfu: 0.0% | epoch: 1 | remaining: 103s    
step 02077 (65.5%) | loss: 4.692022 | lrm: 0.69 | dt: 90ms | tok/sec: 11,337 | mfu: 0.0% | epoch: 1 | remaining: 103s    
step 02078 (65.5%) | loss: 4.658897 | lrm: 0.69 | dt: 92ms | tok/sec: 11,092 | mfu: 0.0% | epoch: 1 | remaining: 103s    
step 02079 (65.6%) | loss: 4.650216 | lrm: 0.69 | dt: 79ms | tok/sec: 12,882 | mfu: 0.0% | epoch: 1 | remaining: 103s    
step 02080 (65.6%) | loss: 4.631925 | lrm: 0.69 | dt: 96ms | tok/sec: 10,691 | mfu: 0.0% | epoch: 1 | remaining: 103s    
step 02081 (65.6%) | loss: 4.641563 | lrm: 0.69 | dt: 95ms | tok/sec: 10,728 | mfu: 0.0% | epoch: 1 | remaining: 103s    
step 02082 (65.7%) | loss: 4.638367 | lrm: 0.69 | dt: 99ms | tok/sec: 10,346 | mfu: 0.0% | epoch: 1 | remaining: 103s    
step 02083 (65.7%) | loss: 4.624634 | lrm: 0.69 | dt: 89ms | tok/sec: 11,496 | mfu: 0.0% | epoch: 1 | remaining: 103s    
step 02084 (65.7%) | loss: 4.611123 | lrm: 0.69 | dt: 78ms | tok/sec: 13,075 | mfu: 0.0% | epoch: 1 | remaining: 103s    
step 02085 (65.8%) | loss: 4.574516 | lrm: 0.68 | dt: 95ms | tok/sec: 10,828 | mfu: 0.0% | epoch: 1 | remaining: 103s    
step 02086 (65.8%) | loss: 4.552268 | lrm: 0.68 | dt: 99ms | tok/sec: 10,296 | mfu: 0.0% | epoch: 1 | remaining: 103s    
step 02087 (65.8%) | loss: 4.564867 | lrm: 0.68 | dt: 91ms | tok/sec: 11,243 | mfu: 0.0% | epoch: 1 | remaining: 102s    
step 02088 (65.8%) | loss: 4.538430 | lrm: 0.68 | dt: 79ms | tok/sec: 12,926 | mfu: 0.0% | epoch: 1 | remaining: 102s    
step 02089 (65.9%) | loss: 4.525721 | lrm: 0.68 | dt: 97ms | tok/sec: 10,579 | mfu: 0.0% | epoch: 1 | remaining: 102s    
step 02090 (65.9%) | loss: 4.507295 | lrm: 0.68 | dt: 95ms | tok/sec: 10,755 | mfu: 0.0% | epoch: 1 | remaining: 102s    
step 02091 (65.9%) | loss: 4.497013 | lrm: 0.68 | dt: 94ms | tok/sec: 10,843 | mfu: 0.0% | epoch: 1 | remaining: 102s    
step 02092 (66.0%) | loss: 4.479498 | lrm: 0.68 | dt: 83ms | tok/sec: 12,399 | mfu: 0.0% | epoch: 1 | remaining: 102s    
step 02093 (66.0%) | loss: 4.448583 | lrm: 0.68 | dt: 100ms | tok/sec: 10,248 | mfu: 0.0% | epoch: 1 | remaining: 102s    
step 02094 (66.0%) | loss: 4.427592 | lrm: 0.68 | dt: 80ms | tok/sec: 12,862 | mfu: 0.0% | epoch: 1 | remaining: 102s    
step 02095 (66.1%) | loss: 4.422156 | lrm: 0.68 | dt: 105ms | tok/sec: 9,769 | mfu: 0.0% | epoch: 1 | remaining: 102s    
step 02096 (66.1%) | loss: 4.439011 | lrm: 0.68 | dt: 79ms | tok/sec: 13,010 | mfu: 0.0% | epoch: 1 | remaining: 102s    
step 02097 (66.1%) | loss: 4.459979 | lrm: 0.68 | dt: 95ms | tok/sec: 10,746 | mfu: 0.0% | epoch: 1 | remaining: 102s    
step 02098 (66.1%) | loss: 4.431261 | lrm: 0.68 | dt: 95ms | tok/sec: 10,791 | mfu: 0.0% | epoch: 1 | remaining: 101s    
step 02099 (66.2%) | loss: 4.429768 | lrm: 0.68 | dt: 97ms | tok/sec: 10,600 | mfu: 0.0% | epoch: 1 | remaining: 101s    
step 02100 (66.2%) | loss: 4.411188 | lrm: 0.68 | dt: 93ms | tok/sec: 11,036 | mfu: 0.0% | epoch: 1 | remaining: 101s    
step 02101 (66.2%) | loss: 4.403224 | lrm: 0.68 | dt: 90ms | tok/sec: 11,399 | mfu: 0.0% | epoch: 1 | remaining: 101s    
step 02102 (66.3%) | loss: 4.391581 | lrm: 0.67 | dt: 96ms | tok/sec: 10,643 | mfu: 0.0% | epoch: 1 | remaining: 101s    
step 02103 (66.3%) | loss: 4.393040 | lrm: 0.67 | dt: 84ms | tok/sec: 12,131 | mfu: 0.0% | epoch: 1 | remaining: 101s    
step 02104 (66.3%) | loss: 4.361879 | lrm: 0.67 | dt: 95ms | tok/sec: 10,747 | mfu: 0.0% | epoch: 1 | remaining: 101s    
step 02105 (66.4%) | loss: 4.352912 | lrm: 0.67 | dt: 102ms | tok/sec: 10,063 | mfu: 0.0% | epoch: 1 | remaining: 101s    
step 02106 (66.4%) | loss: 4.339136 | lrm: 0.67 | dt: 108ms | tok/sec: 9,499 | mfu: 0.0% | epoch: 1 | remaining: 101s    
step 02107 (66.4%) | loss: 4.329132 | lrm: 0.67 | dt: 83ms | tok/sec: 12,404 | mfu: 0.0% | epoch: 1 | remaining: 101s    
step 02108 (66.5%) | loss: 4.346993 | lrm: 0.67 | dt: 100ms | tok/sec: 10,252 | mfu: 0.0% | epoch: 1 | remaining: 101s    
step 02109 (66.5%) | loss: 4.356622 | lrm: 0.67 | dt: 91ms | tok/sec: 11,265 | mfu: 0.0% | epoch: 1 | remaining: 100s    
step 02110 (66.5%) | loss: 4.377562 | lrm: 0.67 | dt: 88ms | tok/sec: 11,607 | mfu: 0.0% | epoch: 1 | remaining: 100s    
step 02111 (66.6%) | loss: 4.397769 | lrm: 0.67 | dt: 94ms | tok/sec: 10,917 | mfu: 0.0% | epoch: 1 | remaining: 100s    
step 02112 (66.6%) | loss: 4.386030 | lrm: 0.67 | dt: 94ms | tok/sec: 10,890 | mfu: 0.0% | epoch: 1 | remaining: 100s    
step 02113 (66.6%) | loss: 4.382437 | lrm: 0.67 | dt: 84ms | tok/sec: 12,195 | mfu: 0.0% | epoch: 1 | remaining: 100s    
step 02114 (66.6%) | loss: 4.354340 | lrm: 0.67 | dt: 91ms | tok/sec: 11,220 | mfu: 0.0% | epoch: 1 | remaining: 100s    
step 02115 (66.7%) | loss: 4.355363 | lrm: 0.67 | dt: 98ms | tok/sec: 10,429 | mfu: 0.0% | epoch: 1 | remaining: 100s    
step 02116 (66.7%) | loss: 4.337139 | lrm: 0.67 | dt: 81ms | tok/sec: 12,711 | mfu: 0.0% | epoch: 1 | remaining: 100s    
step 02117 (66.7%) | loss: 4.325384 | lrm: 0.67 | dt: 96ms | tok/sec: 10,651 | mfu: 0.0% | epoch: 1 | remaining: 100s    
step 02118 (66.8%) | loss: 4.313235 | lrm: 0.66 | dt: 88ms | tok/sec: 11,595 | mfu: 0.0% | epoch: 1 | remaining: 100s    
step 02119 (66.8%) | loss: 4.302605 | lrm: 0.66 | dt: 85ms | tok/sec: 12,017 | mfu: 0.0% | epoch: 1 | remaining: 100s    
step 02120 (66.8%) | loss: 4.284745 | lrm: 0.66 | dt: 90ms | tok/sec: 11,422 | mfu: 0.0% | epoch: 1 | remaining: 99s    
step 02121 (66.9%) | loss: 4.308487 | lrm: 0.66 | dt: 89ms | tok/sec: 11,449 | mfu: 0.0% | epoch: 1 | remaining: 99s    
step 02122 (66.9%) | loss: 4.282675 | lrm: 0.66 | dt: 92ms | tok/sec: 11,082 | mfu: 0.0% | epoch: 1 | remaining: 99s    
step 02123 (66.9%) | loss: 4.285136 | lrm: 0.66 | dt: 101ms | tok/sec: 10,163 | mfu: 0.0% | epoch: 1 | remaining: 99s    
step 02124 (67.0%) | loss: 4.278528 | lrm: 0.66 | dt: 84ms | tok/sec: 12,262 | mfu: 0.0% | epoch: 1 | remaining: 99s    
step 02125 (67.0%) | loss: 4.285737 | lrm: 0.66 | dt: 99ms | tok/sec: 10,349 | mfu: 0.0% | epoch: 1 | remaining: 99s    
step 02126 (67.0%) | loss: 4.297083 | lrm: 0.66 | dt: 91ms | tok/sec: 11,235 | mfu: 0.0% | epoch: 1 | remaining: 99s    
step 02127 (67.0%) | loss: 4.300009 | lrm: 0.66 | dt: 86ms | tok/sec: 11,856 | mfu: 0.0% | epoch: 1 | remaining: 99s    
step 02128 (67.1%) | loss: 4.294605 | lrm: 0.66 | dt: 95ms | tok/sec: 10,750 | mfu: 0.0% | epoch: 1 | remaining: 99s    
step 02129 (67.1%) | loss: 4.275147 | lrm: 0.66 | dt: 89ms | tok/sec: 11,534 | mfu: 0.0% | epoch: 1 | remaining: 99s    
step 02130 (67.1%) | loss: 4.256760 | lrm: 0.66 | dt: 95ms | tok/sec: 10,818 | mfu: 0.0% | epoch: 1 | remaining: 99s    
step 02131 (67.2%) | loss: 4.276588 | lrm: 0.66 | dt: 91ms | tok/sec: 11,267 | mfu: 0.0% | epoch: 1 | remaining: 98s    
step 02132 (67.2%) | loss: 4.279333 | lrm: 0.66 | dt: 98ms | tok/sec: 10,459 | mfu: 0.0% | epoch: 1 | remaining: 98s    
step 02133 (67.2%) | loss: 4.329948 | lrm: 0.66 | dt: 91ms | tok/sec: 11,279 | mfu: 0.0% | epoch: 1 | remaining: 98s    
step 02134 (67.3%) | loss: 4.345506 | lrm: 0.65 | dt: 91ms | tok/sec: 11,273 | mfu: 0.0% | epoch: 1 | remaining: 98s    
step 02135 (67.3%) | loss: 4.361313 | lrm: 0.65 | dt: 90ms | tok/sec: 11,324 | mfu: 0.0% | epoch: 1 | remaining: 98s    
step 02136 (67.3%) | loss: 4.366290 | lrm: 0.65 | dt: 91ms | tok/sec: 11,238 | mfu: 0.0% | epoch: 1 | remaining: 98s    
step 02137 (67.3%) | loss: 4.360878 | lrm: 0.65 | dt: 91ms | tok/sec: 11,275 | mfu: 0.0% | epoch: 1 | remaining: 98s    
step 02138 (67.4%) | loss: 4.347302 | lrm: 0.65 | dt: 87ms | tok/sec: 11,751 | mfu: 0.0% | epoch: 1 | remaining: 98s    
step 02139 (67.4%) | loss: 4.338464 | lrm: 0.65 | dt: 95ms | tok/sec: 10,782 | mfu: 0.0% | epoch: 1 | remaining: 98s    
step 02140 (67.4%) | loss: 4.320177 | lrm: 0.65 | dt: 93ms | tok/sec: 11,015 | mfu: 0.0% | epoch: 1 | remaining: 98s    
step 02141 (67.5%) | loss: 4.313576 | lrm: 0.65 | dt: 92ms | tok/sec: 11,161 | mfu: 0.0% | epoch: 1 | remaining: 97s    
step 02142 (67.5%) | loss: 4.312207 | lrm: 0.65 | dt: 97ms | tok/sec: 10,592 | mfu: 0.0% | epoch: 1 | remaining: 97s    
step 02143 (67.5%) | loss: 4.304648 | lrm: 0.65 | dt: 91ms | tok/sec: 11,246 | mfu: 0.0% | epoch: 1 | remaining: 97s    
step 02144 (67.6%) | loss: 4.300174 | lrm: 0.65 | dt: 100ms | tok/sec: 10,271 | mfu: 0.0% | epoch: 1 | remaining: 97s    
step 02145 (67.6%) | loss: 4.284794 | lrm: 0.65 | dt: 91ms | tok/sec: 11,288 | mfu: 0.0% | epoch: 1 | remaining: 97s    
step 02146 (67.6%) | loss: 4.273815 | lrm: 0.65 | dt: 90ms | tok/sec: 11,326 | mfu: 0.0% | epoch: 1 | remaining: 97s    
step 02147 (67.7%) | loss: 4.258417 | lrm: 0.65 | dt: 98ms | tok/sec: 10,449 | mfu: 0.0% | epoch: 1 | remaining: 97s    
step 02148 (67.7%) | loss: 4.251845 | lrm: 0.65 | dt: 89ms | tok/sec: 11,531 | mfu: 0.0% | epoch: 1 | remaining: 97s    
step 02149 (67.7%) | loss: 4.258056 | lrm: 0.65 | dt: 95ms | tok/sec: 10,744 | mfu: 0.0% | epoch: 1 | remaining: 97s    
step 02150 (67.8%) | loss: 4.277627 | lrm: 0.64 | dt: 80ms | tok/sec: 12,864 | mfu: 0.0% | epoch: 1 | remaining: 97s    
step 02151 (67.8%) | loss: 4.285815 | lrm: 0.64 | dt: 95ms | tok/sec: 10,745 | mfu: 0.0% | epoch: 1 | remaining: 97s    
step 02152 (67.8%) | loss: 4.306667 | lrm: 0.64 | dt: 95ms | tok/sec: 10,726 | mfu: 0.0% | epoch: 1 | remaining: 96s    
step 02153 (67.8%) | loss: 4.310039 | lrm: 0.64 | dt: 79ms | tok/sec: 12,906 | mfu: 0.0% | epoch: 1 | remaining: 96s    
step 02154 (67.9%) | loss: 4.309563 | lrm: 0.64 | dt: 110ms | tok/sec: 9,330 | mfu: 0.0% | epoch: 1 | remaining: 96s    
step 02155 (67.9%) | loss: 4.321833 | lrm: 0.64 | dt: 76ms | tok/sec: 13,497 | mfu: 0.0% | epoch: 1 | remaining: 96s    
step 02156 (67.9%) | loss: 4.337106 | lrm: 0.64 | dt: 106ms | tok/sec: 9,633 | mfu: 0.0% | epoch: 1 | remaining: 96s    
step 02157 (68.0%) | loss: 4.375385 | lrm: 0.64 | dt: 89ms | tok/sec: 11,524 | mfu: 0.0% | epoch: 1 | remaining: 96s    
step 02158 (68.0%) | loss: 4.372381 | lrm: 0.64 | dt: 89ms | tok/sec: 11,517 | mfu: 0.0% | epoch: 1 | remaining: 96s    
step 02159 (68.0%) | loss: 4.395584 | lrm: 0.64 | dt: 94ms | tok/sec: 10,928 | mfu: 0.0% | epoch: 1 | remaining: 96s    
step 02160 (68.1%) | loss: 4.401404 | lrm: 0.64 | dt: 85ms | tok/sec: 12,086 | mfu: 0.0% | epoch: 1 | remaining: 96s    
step 02161 (68.1%) | loss: 4.384819 | lrm: 0.64 | dt: 95ms | tok/sec: 10,796 | mfu: 0.0% | epoch: 1 | remaining: 96s    
step 02162 (68.1%) | loss: 4.362279 | lrm: 0.64 | dt: 95ms | tok/sec: 10,735 | mfu: 0.0% | epoch: 1 | remaining: 96s    
step 02163 (68.1%) | loss: 4.345713 | lrm: 0.64 | dt: 94ms | tok/sec: 10,836 | mfu: 0.0% | epoch: 1 | remaining: 95s    
step 02164 (68.2%) | loss: 4.340389 | lrm: 0.64 | dt: 97ms | tok/sec: 10,610 | mfu: 0.0% | epoch: 1 | remaining: 95s    
step 02165 (68.2%) | loss: 4.330013 | lrm: 0.64 | dt: 80ms | tok/sec: 12,821 | mfu: 0.0% | epoch: 1 | remaining: 95s    
step 02166 (68.2%) | loss: 4.333479 | lrm: 0.64 | dt: 95ms | tok/sec: 10,727 | mfu: 0.0% | epoch: 1 | remaining: 95s    
step 02167 (68.3%) | loss: 4.336077 | lrm: 0.63 | dt: 86ms | tok/sec: 11,869 | mfu: 0.0% | epoch: 1 | remaining: 95s    
step 02168 (68.3%) | loss: 4.326278 | lrm: 0.63 | dt: 95ms | tok/sec: 10,759 | mfu: 0.0% | epoch: 1 | remaining: 95s    
step 02169 (68.3%) | loss: 4.326640 | lrm: 0.63 | dt: 103ms | tok/sec: 9,962 | mfu: 0.0% | epoch: 1 | remaining: 95s    
step 02170 (68.4%) | loss: 4.328552 | lrm: 0.63 | dt: 82ms | tok/sec: 12,492 | mfu: 0.0% | epoch: 1 | remaining: 95s    
step 02171 (68.4%) | loss: 4.312675 | lrm: 0.63 | dt: 94ms | tok/sec: 10,838 | mfu: 0.0% | epoch: 1 | remaining: 95s    
step 02172 (68.4%) | loss: 4.325151 | lrm: 0.63 | dt: 95ms | tok/sec: 10,804 | mfu: 0.0% | epoch: 1 | remaining: 95s    
step 02173 (68.5%) | loss: 4.296341 | lrm: 0.63 | dt: 95ms | tok/sec: 10,731 | mfu: 0.0% | epoch: 1 | remaining: 95s    
step 02174 (68.5%) | loss: 4.280106 | lrm: 0.63 | dt: 79ms | tok/sec: 12,940 | mfu: 0.0% | epoch: 1 | remaining: 94s    
step 02175 (68.5%) | loss: 4.291366 | lrm: 0.63 | dt: 104ms | tok/sec: 9,861 | mfu: 0.0% | epoch: 1 | remaining: 94s    
step 02176 (68.5%) | loss: 4.305745 | lrm: 0.63 | dt: 87ms | tok/sec: 11,713 | mfu: 0.0% | epoch: 1 | remaining: 94s    
step 02177 (68.6%) | loss: 4.313843 | lrm: 0.63 | dt: 95ms | tok/sec: 10,727 | mfu: 0.0% | epoch: 1 | remaining: 94s    
step 02178 (68.6%) | loss: 4.314235 | lrm: 0.63 | dt: 95ms | tok/sec: 10,803 | mfu: 0.0% | epoch: 1 | remaining: 94s    
step 02179 (68.6%) | loss: 4.344712 | lrm: 0.63 | dt: 79ms | tok/sec: 12,880 | mfu: 0.0% | epoch: 1 | remaining: 94s    
step 02180 (68.7%) | loss: 4.371323 | lrm: 0.63 | dt: 107ms | tok/sec: 9,568 | mfu: 0.0% | epoch: 1 | remaining: 94s    
step 02181 (68.7%) | loss: 4.379680 | lrm: 0.63 | dt: 91ms | tok/sec: 11,214 | mfu: 0.0% | epoch: 1 | remaining: 94s    
step 02182 (68.7%) | loss: 4.390079 | lrm: 0.63 | dt: 80ms | tok/sec: 12,866 | mfu: 0.0% | epoch: 1 | remaining: 94s    
step 02183 (68.8%) | loss: 4.398003 | lrm: 0.62 | dt: 96ms | tok/sec: 10,697 | mfu: 0.0% | epoch: 1 | remaining: 94s    
step 02184 (68.8%) | loss: 4.390943 | lrm: 0.62 | dt: 97ms | tok/sec: 10,531 | mfu: 0.0% | epoch: 1 | remaining: 94s    
step 02185 (68.8%) | loss: 4.400617 | lrm: 0.62 | dt: 90ms | tok/sec: 11,346 | mfu: 0.0% | epoch: 1 | remaining: 93s    
step 02186 (68.9%) | loss: 4.400437 | lrm: 0.62 | dt: 89ms | tok/sec: 11,554 | mfu: 0.0% | epoch: 1 | remaining: 93s    
step 02187 (68.9%) | loss: 4.367938 | lrm: 0.62 | dt: 89ms | tok/sec: 11,501 | mfu: 0.0% | epoch: 1 | remaining: 93s    
step 02188 (68.9%) | loss: 4.347180 | lrm: 0.62 | dt: 96ms | tok/sec: 10,689 | mfu: 0.0% | epoch: 1 | remaining: 93s    
step 02189 (68.9%) | loss: 4.366810 | lrm: 0.62 | dt: 87ms | tok/sec: 11,789 | mfu: 0.0% | epoch: 1 | remaining: 93s    
step 02190 (69.0%) | loss: 4.353711 | lrm: 0.62 | dt: 88ms | tok/sec: 11,678 | mfu: 0.0% | epoch: 1 | remaining: 93s    
step 02191 (69.0%) | loss: 4.429754 | lrm: 0.62 | dt: 98ms | tok/sec: 10,467 | mfu: 0.0% | epoch: 1 | remaining: 93s    
step 02192 (69.0%) | loss: 4.508019 | lrm: 0.62 | dt: 87ms | tok/sec: 11,788 | mfu: 0.0% | epoch: 1 | remaining: 93s    
step 02193 (69.1%) | loss: 4.585149 | lrm: 0.62 | dt: 102ms | tok/sec: 10,079 | mfu: 0.0% | epoch: 1 | remaining: 93s    
step 02194 (69.1%) | loss: 4.613667 | lrm: 0.62 | dt: 95ms | tok/sec: 10,805 | mfu: 0.0% | epoch: 1 | remaining: 93s    
step 02195 (69.1%) | loss: 4.669263 | lrm: 0.62 | dt: 80ms | tok/sec: 12,868 | mfu: 0.0% | epoch: 1 | remaining: 93s    
step 02196 (69.2%) | loss: 4.668361 | lrm: 0.62 | dt: 95ms | tok/sec: 10,758 | mfu: 0.0% | epoch: 1 | remaining: 92s    
step 02197 (69.2%) | loss: 4.671533 | lrm: 0.62 | dt: 94ms | tok/sec: 10,937 | mfu: 0.0% | epoch: 1 | remaining: 92s    
step 02198 (69.2%) | loss: 4.691167 | lrm: 0.62 | dt: 100ms | tok/sec: 10,247 | mfu: 0.0% | epoch: 1 | remaining: 92s    
step 02199 (69.3%) | loss: 4.677848 | lrm: 0.61 | dt: 85ms | tok/sec: 12,040 | mfu: 0.0% | epoch: 1 | remaining: 92s    
step 02200 (69.3%) | loss: 4.662897 | lrm: 0.61 | dt: 95ms | tok/sec: 10,756 | mfu: 0.0% | epoch: 1 | remaining: 92s    
step 02201 (69.3%) | loss: 4.637366 | lrm: 0.61 | dt: 79ms | tok/sec: 12,895 | mfu: 0.0% | epoch: 1 | remaining: 92s    
step 02202 (69.3%) | loss: 4.666321 | lrm: 0.61 | dt: 96ms | tok/sec: 10,715 | mfu: 0.0% | epoch: 1 | remaining: 92s    
step 02203 (69.4%) | loss: 4.771253 | lrm: 0.61 | dt: 92ms | tok/sec: 11,089 | mfu: 0.0% | epoch: 1 | remaining: 92s    
step 02204 (69.4%) | loss: 4.771616 | lrm: 0.61 | dt: 92ms | tok/sec: 11,188 | mfu: 0.0% | epoch: 1 | remaining: 92s    
step 02205 (69.4%) | loss: 4.771327 | lrm: 0.61 | dt: 104ms | tok/sec: 9,833 | mfu: 0.0% | epoch: 1 | remaining: 92s    
step 02206 (69.5%) | loss: 4.794157 | lrm: 0.61 | dt: 91ms | tok/sec: 11,304 | mfu: 0.0% | epoch: 1 | remaining: 92s    
step 02207 (69.5%) | loss: 4.782479 | lrm: 0.61 | dt: 90ms | tok/sec: 11,317 | mfu: 0.0% | epoch: 1 | remaining: 91s    
step 02208 (69.5%) | loss: 4.774162 | lrm: 0.61 | dt: 91ms | tok/sec: 11,197 | mfu: 0.0% | epoch: 1 | remaining: 91s    
step 02209 (69.6%) | loss: 4.782568 | lrm: 0.61 | dt: 94ms | tok/sec: 10,900 | mfu: 0.0% | epoch: 1 | remaining: 91s    
step 02210 (69.6%) | loss: 4.790764 | lrm: 0.61 | dt: 95ms | tok/sec: 10,728 | mfu: 0.0% | epoch: 1 | remaining: 91s    
step 02211 (69.6%) | loss: 4.815514 | lrm: 0.61 | dt: 99ms | tok/sec: 10,316 | mfu: 0.0% | epoch: 1 | remaining: 91s    
step 02212 (69.7%) | loss: 4.816696 | lrm: 0.61 | dt: 88ms | tok/sec: 11,621 | mfu: 0.0% | epoch: 1 | remaining: 91s    
step 02213 (69.7%) | loss: 4.820211 | lrm: 0.61 | dt: 100ms | tok/sec: 10,221 | mfu: 0.0% | epoch: 1 | remaining: 91s    
step 02214 (69.7%) | loss: 4.827052 | lrm: 0.61 | dt: 100ms | tok/sec: 10,231 | mfu: 0.0% | epoch: 1 | remaining: 91s    
step 02215 (69.7%) | loss: 4.861366 | lrm: 0.61 | dt: 81ms | tok/sec: 12,628 | mfu: 0.0% | epoch: 1 | remaining: 91s    
step 02216 (69.8%) | loss: 4.912251 | lrm: 0.60 | dt: 95ms | tok/sec: 10,775 | mfu: 0.0% | epoch: 1 | remaining: 91s    
step 02217 (69.8%) | loss: 4.943542 | lrm: 0.60 | dt: 95ms | tok/sec: 10,804 | mfu: 0.0% | epoch: 1 | remaining: 90s    
step 02218 (69.8%) | loss: 4.964378 | lrm: 0.60 | dt: 101ms | tok/sec: 10,185 | mfu: 0.0% | epoch: 1 | remaining: 90s    
step 02219 (69.9%) | loss: 4.963230 | lrm: 0.60 | dt: 83ms | tok/sec: 12,362 | mfu: 0.0% | epoch: 1 | remaining: 90s    
step 02220 (69.9%) | loss: 4.958417 | lrm: 0.60 | dt: 95ms | tok/sec: 10,738 | mfu: 0.0% | epoch: 1 | remaining: 90s    
step 02221 (69.9%) | loss: 4.973233 | lrm: 0.60 | dt: 97ms | tok/sec: 10,604 | mfu: 0.0% | epoch: 1 | remaining: 90s    
step 02222 (70.0%) | loss: 4.963197 | lrm: 0.60 | dt: 94ms | tok/sec: 10,897 | mfu: 0.0% | epoch: 1 | remaining: 90s    
step 02223 (70.0%) | loss: 4.957652 | lrm: 0.60 | dt: 94ms | tok/sec: 10,839 | mfu: 0.0% | epoch: 1 | remaining: 90s    
step 02224 (70.0%) | loss: 4.953544 | lrm: 0.60 | dt: 90ms | tok/sec: 11,402 | mfu: 0.0% | epoch: 1 | remaining: 90s    
step 02225 (70.1%) | loss: 4.960710 | lrm: 0.60 | dt: 92ms | tok/sec: 11,165 | mfu: 0.0% | epoch: 1 | remaining: 90s    
step 02226 (70.1%) | loss: 4.970001 | lrm: 0.60 | dt: 95ms | tok/sec: 10,776 | mfu: 0.0% | epoch: 1 | remaining: 90s    
step 02227 (70.1%) | loss: 4.975537 | lrm: 0.60 | dt: 91ms | tok/sec: 11,246 | mfu: 0.0% | epoch: 1 | remaining: 90s    
step 02228 (70.2%) | loss: 4.965997 | lrm: 0.60 | dt: 97ms | tok/sec: 10,609 | mfu: 0.0% | epoch: 1 | remaining: 89s    
step 02229 (70.2%) | loss: 4.940322 | lrm: 0.60 | dt: 99ms | tok/sec: 10,333 | mfu: 0.0% | epoch: 1 | remaining: 89s    
step 02230 (70.2%) | loss: 4.929890 | lrm: 0.60 | dt: 95ms | tok/sec: 10,791 | mfu: 0.0% | epoch: 1 | remaining: 89s    
step 02231 (70.2%) | loss: 4.918840 | lrm: 0.60 | dt: 79ms | tok/sec: 12,969 | mfu: 0.0% | epoch: 1 | remaining: 89s    
step 02232 (70.3%) | loss: 4.914463 | lrm: 0.59 | dt: 104ms | tok/sec: 9,863 | mfu: 0.0% | epoch: 1 | remaining: 89s    
step 02233 (70.3%) | loss: 4.893380 | lrm: 0.59 | dt: 85ms | tok/sec: 12,034 | mfu: 0.0% | epoch: 1 | remaining: 89s    
step 02234 (70.3%) | loss: 4.910657 | lrm: 0.59 | dt: 95ms | tok/sec: 10,758 | mfu: 0.0% | epoch: 1 | remaining: 89s    
step 02235 (70.4%) | loss: 4.923841 | lrm: 0.59 | dt: 105ms | tok/sec: 9,749 | mfu: 0.0% | epoch: 1 | remaining: 89s    
step 02236 (70.4%) | loss: 4.923355 | lrm: 0.59 | dt: 92ms | tok/sec: 11,107 | mfu: 0.0% | epoch: 1 | remaining: 89s    
step 02237 (70.4%) | loss: 4.901402 | lrm: 0.59 | dt: 81ms | tok/sec: 12,703 | mfu: 0.0% | epoch: 1 | remaining: 89s    
step 02238 (70.5%) | loss: 4.874601 | lrm: 0.59 | dt: 95ms | tok/sec: 10,808 | mfu: 0.0% | epoch: 1 | remaining: 89s    
step 02239 (70.5%) | loss: 4.865646 | lrm: 0.59 | dt: 95ms | tok/sec: 10,786 | mfu: 0.0% | epoch: 1 | remaining: 88s    
step 02240 (70.5%) | loss: 4.865475 | lrm: 0.59 | dt: 82ms | tok/sec: 12,503 | mfu: 0.0% | epoch: 1 | remaining: 88s    
step 02241 (70.6%) | loss: 4.838271 | lrm: 0.59 | dt: 96ms | tok/sec: 10,716 | mfu: 0.0% | epoch: 1 | remaining: 88s    
step 02242 (70.6%) | loss: 4.821182 | lrm: 0.59 | dt: 95ms | tok/sec: 10,786 | mfu: 0.0% | epoch: 1 | remaining: 88s    
step 02243 (70.6%) | loss: 4.801101 | lrm: 0.59 | dt: 95ms | tok/sec: 10,776 | mfu: 0.0% | epoch: 1 | remaining: 88s    
step 02244 (70.6%) | loss: 4.825424 | lrm: 0.59 | dt: 107ms | tok/sec: 9,590 | mfu: 0.0% | epoch: 1 | remaining: 88s    
step 02245 (70.7%) | loss: 4.849672 | lrm: 0.59 | dt: 93ms | tok/sec: 11,063 | mfu: 0.0% | epoch: 1 | remaining: 88s    
step 02246 (70.7%) | loss: 4.834795 | lrm: 0.59 | dt: 102ms | tok/sec: 10,037 | mfu: 0.0% | epoch: 1 | remaining: 88s    
step 02247 (70.7%) | loss: 4.884312 | lrm: 0.59 | dt: 97ms | tok/sec: 10,590 | mfu: 0.0% | epoch: 1 | remaining: 88s    
step 02248 (70.8%) | loss: 4.917858 | lrm: 0.58 | dt: 96ms | tok/sec: 10,655 | mfu: 0.0% | epoch: 1 | remaining: 88s    
step 02249 (70.8%) | loss: 4.925597 | lrm: 0.58 | dt: 95ms | tok/sec: 10,725 | mfu: 0.0% | epoch: 1 | remaining: 87s    
step 02250 (70.8%) | loss: 4.902973 | lrm: 0.58 | dt: 98ms | tok/sec: 10,420 | mfu: 0.0% | epoch: 1 | remaining: 87s    
step 02251 (70.9%) | loss: 4.898854 | lrm: 0.58 | dt: 93ms | tok/sec: 11,017 | mfu: 0.0% | epoch: 1 | remaining: 87s    
step 02252 (70.9%) | loss: 4.902631 | lrm: 0.58 | dt: 98ms | tok/sec: 10,409 | mfu: 0.0% | epoch: 1 | remaining: 87s    
step 02253 (70.9%) | loss: 4.882173 | lrm: 0.58 | dt: 92ms | tok/sec: 11,166 | mfu: 0.0% | epoch: 1 | remaining: 87s    
step 02254 (71.0%) | loss: 4.867619 | lrm: 0.58 | dt: 95ms | tok/sec: 10,821 | mfu: 0.0% | epoch: 1 | remaining: 87s    
step 02255 (71.0%) | loss: 4.850761 | lrm: 0.58 | dt: 103ms | tok/sec: 9,917 | mfu: 0.0% | epoch: 1 | remaining: 87s    
step 02256 (71.0%) | loss: 4.839358 | lrm: 0.58 | dt: 99ms | tok/sec: 10,388 | mfu: 0.0% | epoch: 1 | remaining: 87s    
step 02257 (71.1%) | loss: 4.820292 | lrm: 0.58 | dt: 92ms | tok/sec: 11,190 | mfu: 0.0% | epoch: 1 | remaining: 87s    
step 02258 (71.1%) | loss: 4.788641 | lrm: 0.58 | dt: 93ms | tok/sec: 11,046 | mfu: 0.0% | epoch: 1 | remaining: 87s    
step 02259 (71.1%) | loss: 4.771324 | lrm: 0.58 | dt: 86ms | tok/sec: 11,881 | mfu: 0.0% | epoch: 1 | remaining: 87s    
step 02260 (71.2%) | loss: 4.732184 | lrm: 0.58 | dt: 115ms | tok/sec: 8,935 | mfu: 0.0% | epoch: 1 | remaining: 86s    
step 02261 (71.2%) | loss: 4.724210 | lrm: 0.58 | dt: 86ms | tok/sec: 11,893 | mfu: 0.0% | epoch: 1 | remaining: 86s    
step 02262 (71.2%) | loss: 4.748122 | lrm: 0.58 | dt: 94ms | tok/sec: 10,862 | mfu: 0.0% | epoch: 1 | remaining: 86s    
step 02263 (71.3%) | loss: 4.750659 | lrm: 0.57 | dt: 106ms | tok/sec: 9,661 | mfu: 0.0% | epoch: 1 | remaining: 86s    
step 02264 (71.3%) | loss: 4.772217 | lrm: 0.57 | dt: 90ms | tok/sec: 11,413 | mfu: 0.0% | epoch: 1 | remaining: 86s    
step 02265 (71.3%) | loss: 4.815721 | lrm: 0.57 | dt: 95ms | tok/sec: 10,824 | mfu: 0.0% | epoch: 1 | remaining: 86s    
step 02266 (71.4%) | loss: 4.847089 | lrm: 0.57 | dt: 97ms | tok/sec: 10,537 | mfu: 0.0% | epoch: 1 | remaining: 86s    
step 02267 (71.4%) | loss: 4.886369 | lrm: 0.57 | dt: 81ms | tok/sec: 12,613 | mfu: 0.0% | epoch: 1 | remaining: 86s    
step 02268 (71.4%) | loss: 4.872557 | lrm: 0.57 | dt: 96ms | tok/sec: 10,672 | mfu: 0.0% | epoch: 1 | remaining: 86s    
step 02269 (71.4%) | loss: 4.791194 | lrm: 0.57 | dt: 96ms | tok/sec: 10,715 | mfu: 0.0% | epoch: 1 | remaining: 86s    
step 02270 (71.5%) | loss: 4.715790 | lrm: 0.57 | dt: 95ms | tok/sec: 10,760 | mfu: 0.0% | epoch: 1 | remaining: 85s    
step 02271 (71.5%) | loss: 4.636815 | lrm: 0.57 | dt: 98ms | tok/sec: 10,436 | mfu: 0.0% | epoch: 1 | remaining: 85s    
step 02272 (71.5%) | loss: 4.556849 | lrm: 0.57 | dt: 85ms | tok/sec: 12,022 | mfu: 0.0% | epoch: 1 | remaining: 85s    
step 02273 (71.6%) | loss: 4.507660 | lrm: 0.57 | dt: 102ms | tok/sec: 10,060 | mfu: 0.0% | epoch: 1 | remaining: 85s    
step 02274 (71.6%) | loss: 4.486217 | lrm: 0.57 | dt: 93ms | tok/sec: 11,058 | mfu: 0.0% | epoch: 1 | remaining: 85s    
step 02275 (71.6%) | loss: 4.490994 | lrm: 0.57 | dt: 94ms | tok/sec: 10,870 | mfu: 0.0% | epoch: 1 | remaining: 85s    
step 02276 (71.7%) | loss: 4.534608 | lrm: 0.57 | dt: 93ms | tok/sec: 10,952 | mfu: 0.0% | epoch: 1 | remaining: 85s    
step 02277 (71.7%) | loss: 4.511242 | lrm: 0.57 | dt: 96ms | tok/sec: 10,637 | mfu: 0.0% | epoch: 1 | remaining: 85s    
step 02278 (71.7%) | loss: 4.480477 | lrm: 0.57 | dt: 85ms | tok/sec: 12,040 | mfu: 0.0% | epoch: 1 | remaining: 85s    
step 02279 (71.8%) | loss: 4.434673 | lrm: 0.56 | dt: 105ms | tok/sec: 9,780 | mfu: 0.0% | epoch: 1 | remaining: 85s    
step 02280 (71.8%) | loss: 4.401912 | lrm: 0.56 | dt: 95ms | tok/sec: 10,766 | mfu: 0.0% | epoch: 1 | remaining: 85s    
step 02281 (71.8%) | loss: 4.357417 | lrm: 0.56 | dt: 85ms | tok/sec: 12,078 | mfu: 0.0% | epoch: 1 | remaining: 84s    
step 02282 (71.9%) | loss: 4.349461 | lrm: 0.56 | dt: 103ms | tok/sec: 9,897 | mfu: 0.0% | epoch: 1 | remaining: 84s    
step 02283 (71.9%) | loss: 4.406332 | lrm: 0.56 | dt: 87ms | tok/sec: 11,833 | mfu: 0.0% | epoch: 1 | remaining: 84s    
step 02284 (71.9%) | loss: 4.451456 | lrm: 0.56 | dt: 98ms | tok/sec: 10,420 | mfu: 0.0% | epoch: 1 | remaining: 84s    
step 02285 (71.9%) | loss: 4.411046 | lrm: 0.56 | dt: 94ms | tok/sec: 10,890 | mfu: 0.0% | epoch: 1 | remaining: 84s    
step 02286 (72.0%) | loss: 4.376250 | lrm: 0.56 | dt: 93ms | tok/sec: 11,008 | mfu: 0.0% | epoch: 1 | remaining: 84s    
step 02287 (72.0%) | loss: 4.334049 | lrm: 0.56 | dt: 100ms | tok/sec: 10,278 | mfu: 0.0% | epoch: 1 | remaining: 84s    
step 02288 (72.0%) | loss: 4.319172 | lrm: 0.56 | dt: 93ms | tok/sec: 11,043 | mfu: 0.0% | epoch: 1 | remaining: 84s    
step 02289 (72.1%) | loss: 4.278733 | lrm: 0.56 | dt: 95ms | tok/sec: 10,830 | mfu: 0.0% | epoch: 1 | remaining: 84s    
step 02290 (72.1%) | loss: 4.270081 | lrm: 0.56 | dt: 95ms | tok/sec: 10,811 | mfu: 0.0% | epoch: 1 | remaining: 84s    
step 02291 (72.1%) | loss: 4.316318 | lrm: 0.56 | dt: 93ms | tok/sec: 11,001 | mfu: 0.0% | epoch: 1 | remaining: 83s    
step 02292 (72.2%) | loss: 4.364555 | lrm: 0.56 | dt: 91ms | tok/sec: 11,216 | mfu: 0.0% | epoch: 1 | remaining: 83s    
step 02293 (72.2%) | loss: 4.449389 | lrm: 0.56 | dt: 94ms | tok/sec: 10,877 | mfu: 0.0% | epoch: 1 | remaining: 83s    
step 02294 (72.2%) | loss: 4.475143 | lrm: 0.56 | dt: 90ms | tok/sec: 11,402 | mfu: 0.0% | epoch: 1 | remaining: 83s    
step 02295 (72.3%) | loss: 4.501518 | lrm: 0.55 | dt: 96ms | tok/sec: 10,687 | mfu: 0.0% | epoch: 1 | remaining: 83s    
step 02296 (72.3%) | loss: 4.515844 | lrm: 0.55 | dt: 94ms | tok/sec: 10,865 | mfu: 0.0% | epoch: 1 | remaining: 83s    
step 02297 (72.3%) | loss: 4.507649 | lrm: 0.55 | dt: 95ms | tok/sec: 10,796 | mfu: 0.0% | epoch: 1 | remaining: 83s    
step 02298 (72.4%) | loss: 4.431472 | lrm: 0.55 | dt: 92ms | tok/sec: 11,098 | mfu: 0.0% | epoch: 1 | remaining: 83s    
step 02299 (72.4%) | loss: 4.413170 | lrm: 0.55 | dt: 94ms | tok/sec: 10,852 | mfu: 0.0% | epoch: 1 | remaining: 83s    
step 02300 (72.4%) | loss: 4.436636 | lrm: 0.55 | dt: 98ms | tok/sec: 10,412 | mfu: 0.0% | epoch: 1 | remaining: 83s    
step 02301 (72.5%) | loss: 4.429497 | lrm: 0.55 | dt: 94ms | tok/sec: 10,936 | mfu: 0.0% | epoch: 1 | remaining: 83s    
step 02302 (72.5%) | loss: 4.478360 | lrm: 0.55 | dt: 93ms | tok/sec: 10,978 | mfu: 0.0% | epoch: 1 | remaining: 82s    
step 02303 (72.5%) | loss: 4.514173 | lrm: 0.55 | dt: 96ms | tok/sec: 10,700 | mfu: 0.0% | epoch: 1 | remaining: 82s    
step 02304 (72.5%) | loss: 4.564308 | lrm: 0.55 | dt: 94ms | tok/sec: 10,900 | mfu: 0.0% | epoch: 1 | remaining: 82s    
step 02305 (72.6%) | loss: 4.558770 | lrm: 0.55 | dt: 80ms | tok/sec: 12,800 | mfu: 0.0% | epoch: 1 | remaining: 82s    
step 02306 (72.6%) | loss: 4.588408 | lrm: 0.55 | dt: 108ms | tok/sec: 9,521 | mfu: 0.0% | epoch: 1 | remaining: 82s    
step 02307 (72.6%) | loss: 4.620230 | lrm: 0.55 | dt: 88ms | tok/sec: 11,581 | mfu: 0.0% | epoch: 1 | remaining: 82s    
step 02308 (72.7%) | loss: 4.654175 | lrm: 0.55 | dt: 98ms | tok/sec: 10,460 | mfu: 0.0% | epoch: 1 | remaining: 82s    
step 02309 (72.7%) | loss: 4.649835 | lrm: 0.55 | dt: 93ms | tok/sec: 10,958 | mfu: 0.0% | epoch: 1 | remaining: 82s    
step 02310 (72.7%) | loss: 4.665687 | lrm: 0.55 | dt: 82ms | tok/sec: 12,550 | mfu: 0.0% | epoch: 1 | remaining: 82s    
step 02311 (72.8%) | loss: 4.683001 | lrm: 0.54 | dt: 99ms | tok/sec: 10,321 | mfu: 0.0% | epoch: 1 | remaining: 82s    
step 02312 (72.8%) | loss: 4.702689 | lrm: 0.54 | dt: 96ms | tok/sec: 10,707 | mfu: 0.0% | epoch: 1 | remaining: 82s    
step 02313 (72.8%) | loss: 4.751560 | lrm: 0.54 | dt: 92ms | tok/sec: 11,143 | mfu: 0.0% | epoch: 1 | remaining: 81s    
step 02314 (72.9%) | loss: 4.795253 | lrm: 0.54 | dt: 93ms | tok/sec: 10,975 | mfu: 0.0% | epoch: 1 | remaining: 81s    
step 02315 (72.9%) | loss: 4.862568 | lrm: 0.54 | dt: 98ms | tok/sec: 10,491 | mfu: 0.0% | epoch: 1 | remaining: 81s    
step 02316 (72.9%) | loss: 4.924248 | lrm: 0.54 | dt: 89ms | tok/sec: 11,442 | mfu: 0.0% | epoch: 1 | remaining: 81s    
step 02317 (72.9%) | loss: 4.974938 | lrm: 0.54 | dt: 99ms | tok/sec: 10,357 | mfu: 0.0% | epoch: 1 | remaining: 81s    
step 02318 (73.0%) | loss: 5.010868 | lrm: 0.54 | dt: 87ms | tok/sec: 11,746 | mfu: 0.0% | epoch: 1 | remaining: 81s    
step 02319 (73.0%) | loss: 5.062328 | lrm: 0.54 | dt: 111ms | tok/sec: 9,256 | mfu: 0.0% | epoch: 1 | remaining: 81s    
step 02320 (73.0%) | loss: 5.103965 | lrm: 0.54 | dt: 95ms | tok/sec: 10,734 | mfu: 0.0% | epoch: 1 | remaining: 81s    
step 02321 (73.1%) | loss: 5.125439 | lrm: 0.54 | dt: 94ms | tok/sec: 10,869 | mfu: 0.0% | epoch: 1 | remaining: 81s    
step 02322 (73.1%) | loss: 5.156628 | lrm: 0.54 | dt: 92ms | tok/sec: 11,119 | mfu: 0.0% | epoch: 1 | remaining: 81s    
step 02323 (73.1%) | loss: 5.193648 | lrm: 0.54 | dt: 87ms | tok/sec: 11,739 | mfu: 0.0% | epoch: 1 | remaining: 80s    
step 02324 (73.2%) | loss: 5.172999 | lrm: 0.54 | dt: 84ms | tok/sec: 12,143 | mfu: 0.0% | epoch: 1 | remaining: 80s    
step 02325 (73.2%) | loss: 5.163890 | lrm: 0.54 | dt: 100ms | tok/sec: 10,233 | mfu: 0.0% | epoch: 1 | remaining: 80s    
step 02326 (73.2%) | loss: 5.139309 | lrm: 0.54 | dt: 90ms | tok/sec: 11,416 | mfu: 0.0% | epoch: 1 | remaining: 80s    
step 02327 (73.3%) | loss: 5.143407 | lrm: 0.53 | dt: 96ms | tok/sec: 10,688 | mfu: 0.0% | epoch: 1 | remaining: 80s    
step 02328 (73.3%) | loss: 5.141787 | lrm: 0.53 | dt: 99ms | tok/sec: 10,394 | mfu: 0.0% | epoch: 1 | remaining: 80s    
step 02329 (73.3%) | loss: 5.134013 | lrm: 0.53 | dt: 105ms | tok/sec: 9,742 | mfu: 0.0% | epoch: 1 | remaining: 80s    
step 02330 (73.4%) | loss: 5.087179 | lrm: 0.53 | dt: 94ms | tok/sec: 10,930 | mfu: 0.0% | epoch: 1 | remaining: 80s    
step 02331 (73.4%) | loss: 5.062644 | lrm: 0.53 | dt: 91ms | tok/sec: 11,234 | mfu: 0.0% | epoch: 1 | remaining: 80s    
step 02332 (73.4%) | loss: 5.036601 | lrm: 0.53 | dt: 95ms | tok/sec: 10,808 | mfu: 0.0% | epoch: 1 | remaining: 80s    
step 02333 (73.5%) | loss: 5.027263 | lrm: 0.53 | dt: 113ms | tok/sec: 9,073 | mfu: 0.0% | epoch: 1 | remaining: 80s    
step 02334 (73.5%) | loss: 4.995968 | lrm: 0.53 | dt: 101ms | tok/sec: 10,128 | mfu: 0.0% | epoch: 1 | remaining: 79s    
step 02335 (73.5%) | loss: 5.015798 | lrm: 0.53 | dt: 80ms | tok/sec: 12,738 | mfu: 0.0% | epoch: 1 | remaining: 79s    
step 02336 (73.6%) | loss: 5.012877 | lrm: 0.53 | dt: 110ms | tok/sec: 9,298 | mfu: 0.0% | epoch: 1 | remaining: 79s    
step 02337 (73.6%) | loss: 5.031650 | lrm: 0.53 | dt: 95ms | tok/sec: 10,736 | mfu: 0.0% | epoch: 1 | remaining: 79s    
step 02338 (73.6%) | loss: 5.030320 | lrm: 0.53 | dt: 96ms | tok/sec: 10,695 | mfu: 0.0% | epoch: 1 | remaining: 79s    
step 02339 (73.7%) | loss: 5.026946 | lrm: 0.53 | dt: 96ms | tok/sec: 10,716 | mfu: 0.0% | epoch: 1 | remaining: 79s    
step 02340 (73.7%) | loss: 5.019049 | lrm: 0.53 | dt: 103ms | tok/sec: 9,900 | mfu: 0.0% | epoch: 1 | remaining: 79s    
step 02341 (73.7%) | loss: 5.017445 | lrm: 0.53 | dt: 95ms | tok/sec: 10,788 | mfu: 0.0% | epoch: 1 | remaining: 79s    
step 02342 (73.8%) | loss: 4.996378 | lrm: 0.52 | dt: 95ms | tok/sec: 10,740 | mfu: 0.0% | epoch: 1 | remaining: 79s    
step 02343 (73.8%) | loss: 4.974702 | lrm: 0.52 | dt: 95ms | tok/sec: 10,760 | mfu: 0.0% | epoch: 1 | remaining: 79s    
step 02344 (73.8%) | loss: 4.981764 | lrm: 0.52 | dt: 91ms | tok/sec: 11,264 | mfu: 0.0% | epoch: 1 | remaining: 78s    
step 02345 (73.8%) | loss: 4.982288 | lrm: 0.52 | dt: 105ms | tok/sec: 9,707 | mfu: 0.0% | epoch: 1 | remaining: 78s    
step 02346 (73.9%) | loss: 4.945523 | lrm: 0.52 | dt: 89ms | tok/sec: 11,513 | mfu: 0.0% | epoch: 1 | remaining: 78s    
step 02347 (73.9%) | loss: 4.912529 | lrm: 0.52 | dt: 96ms | tok/sec: 10,702 | mfu: 0.0% | epoch: 1 | remaining: 78s    
step 02348 (73.9%) | loss: 4.915599 | lrm: 0.52 | dt: 95ms | tok/sec: 10,739 | mfu: 0.0% | epoch: 1 | remaining: 78s    
step 02349 (74.0%) | loss: 4.915526 | lrm: 0.52 | dt: 100ms | tok/sec: 10,282 | mfu: 0.0% | epoch: 1 | remaining: 78s    
step 02350 (74.0%) | loss: 4.940336 | lrm: 0.52 | dt: 85ms | tok/sec: 12,090 | mfu: 0.0% | epoch: 1 | remaining: 78s    
step 02351 (74.0%) | loss: 4.954445 | lrm: 0.52 | dt: 101ms | tok/sec: 10,118 | mfu: 0.0% | epoch: 1 | remaining: 78s    
step 02352 (74.1%) | loss: 4.959937 | lrm: 0.52 | dt: 100ms | tok/sec: 10,270 | mfu: 0.0% | epoch: 1 | remaining: 78s    
step 02353 (74.1%) | loss: 4.950521 | lrm: 0.52 | dt: 94ms | tok/sec: 10,874 | mfu: 0.0% | epoch: 1 | remaining: 78s    
step 02354 (74.1%) | loss: 4.953663 | lrm: 0.52 | dt: 95ms | tok/sec: 10,808 | mfu: 0.0% | epoch: 1 | remaining: 78s    
step 02355 (74.2%) | loss: 4.969288 | lrm: 0.52 | dt: 88ms | tok/sec: 11,628 | mfu: 0.0% | epoch: 1 | remaining: 77s    
step 02356 (74.2%) | loss: 4.946501 | lrm: 0.52 | dt: 98ms | tok/sec: 10,482 | mfu: 0.0% | epoch: 1 | remaining: 77s    
step 02357 (74.2%) | loss: 4.905998 | lrm: 0.52 | dt: 104ms | tok/sec: 9,868 | mfu: 0.0% | epoch: 1 | remaining: 77s    
step 02358 (74.3%) | loss: 4.965251 | lrm: 0.51 | dt: 95ms | tok/sec: 10,761 | mfu: 0.0% | epoch: 1 | remaining: 77s    
step 02359 (74.3%) | loss: 4.981213 | lrm: 0.51 | dt: 95ms | tok/sec: 10,761 | mfu: 0.0% | epoch: 1 | remaining: 77s    
step 02360 (74.3%) | loss: 4.978957 | lrm: 0.51 | dt: 95ms | tok/sec: 10,767 | mfu: 0.0% | epoch: 1 | remaining: 77s    
step 02361 (74.4%) | loss: 4.988825 | lrm: 0.51 | dt: 96ms | tok/sec: 10,611 | mfu: 0.0% | epoch: 1 | remaining: 77s    
step 02362 (74.4%) | loss: 4.967835 | lrm: 0.51 | dt: 97ms | tok/sec: 10,589 | mfu: 0.0% | epoch: 1 | remaining: 77s    
step 02363 (74.4%) | loss: 4.927459 | lrm: 0.51 | dt: 97ms | tok/sec: 10,510 | mfu: 0.0% | epoch: 1 | remaining: 77s    
step 02364 (74.5%) | loss: 4.908784 | lrm: 0.51 | dt: 94ms | tok/sec: 10,877 | mfu: 0.0% | epoch: 1 | remaining: 77s    
step 02365 (74.5%) | loss: 4.872793 | lrm: 0.51 | dt: 91ms | tok/sec: 11,265 | mfu: 0.0% | epoch: 1 | remaining: 76s    
step 02366 (74.5%) | loss: 4.903898 | lrm: 0.51 | dt: 104ms | tok/sec: 9,854 | mfu: 0.0% | epoch: 1 | remaining: 76s    
step 02367 (74.5%) | loss: 4.951847 | lrm: 0.51 | dt: 95ms | tok/sec: 10,810 | mfu: 0.0% | epoch: 1 | remaining: 76s    
step 02368 (74.6%) | loss: 4.916067 | lrm: 0.51 | dt: 108ms | tok/sec: 9,477 | mfu: 0.0% | epoch: 1 | remaining: 76s    
step 02369 (74.6%) | loss: 4.894672 | lrm: 0.51 | dt: 90ms | tok/sec: 11,435 | mfu: 0.0% | epoch: 1 | remaining: 76s    
step 02370 (74.6%) | loss: 4.889011 | lrm: 0.51 | dt: 92ms | tok/sec: 11,103 | mfu: 0.0% | epoch: 1 | remaining: 76s    
step 02371 (74.7%) | loss: 4.884992 | lrm: 0.51 | dt: 99ms | tok/sec: 10,294 | mfu: 0.0% | epoch: 1 | remaining: 76s    
step 02372 (74.7%) | loss: 4.858590 | lrm: 0.51 | dt: 100ms | tok/sec: 10,200 | mfu: 0.0% | epoch: 1 | remaining: 76s    
step 02373 (74.7%) | loss: 4.850447 | lrm: 0.51 | dt: 83ms | tok/sec: 12,350 | mfu: 0.0% | epoch: 1 | remaining: 76s    
step 02374 (74.8%) | loss: 4.846637 | lrm: 0.50 | dt: 95ms | tok/sec: 10,778 | mfu: 0.0% | epoch: 1 | remaining: 76s    
step 02375 (74.8%) | loss: 4.846987 | lrm: 0.50 | dt: 95ms | tok/sec: 10,746 | mfu: 0.0% | epoch: 1 | remaining: 75s    
step 02376 (74.8%) | loss: 4.838573 | lrm: 0.50 | dt: 98ms | tok/sec: 10,417 | mfu: 0.0% | epoch: 1 | remaining: 75s    
step 02377 (74.9%) | loss: 4.821552 | lrm: 0.50 | dt: 96ms | tok/sec: 10,652 | mfu: 0.0% | epoch: 1 | remaining: 75s    
step 02378 (74.9%) | loss: 4.793826 | lrm: 0.50 | dt: 93ms | tok/sec: 11,014 | mfu: 0.0% | epoch: 1 | remaining: 75s    
step 02379 (74.9%) | loss: 4.790710 | lrm: 0.50 | dt: 95ms | tok/sec: 10,750 | mfu: 0.0% | epoch: 1 | remaining: 75s    
step 02380 (75.0%) | loss: 4.794184 | lrm: 0.50 | dt: 92ms | tok/sec: 11,071 | mfu: 0.0% | epoch: 1 | remaining: 75s    
step 02381 (75.0%) | loss: 4.778634 | lrm: 0.50 | dt: 82ms | tok/sec: 12,547 | mfu: 0.0% | epoch: 1 | remaining: 75s    
step 02382 (75.0%) | loss: 4.798875 | lrm: 0.50 | dt: 105ms | tok/sec: 9,746 | mfu: 0.0% | epoch: 1 | remaining: 75s    
step 02383 (75.1%) | loss: 4.842798 | lrm: 0.50 | dt: 107ms | tok/sec: 9,567 | mfu: 0.0% | epoch: 1 | remaining: 75s    
step 02384 (75.1%) | loss: 4.844761 | lrm: 0.50 | dt: 91ms | tok/sec: 11,260 | mfu: 0.0% | epoch: 1 | remaining: 75s    
step 02385 (75.1%) | loss: 4.827279 | lrm: 0.50 | dt: 95ms | tok/sec: 10,756 | mfu: 0.0% | epoch: 1 | remaining: 75s    
step 02386 (75.2%) | loss: 4.824461 | lrm: 0.50 | dt: 92ms | tok/sec: 11,074 | mfu: 0.0% | epoch: 1 | remaining: 74s    
step 02387 (75.2%) | loss: 4.826813 | lrm: 0.50 | dt: 88ms | tok/sec: 11,677 | mfu: 0.0% | epoch: 1 | remaining: 74s    
step 02388 (75.2%) | loss: 4.817980 | lrm: 0.50 | dt: 96ms | tok/sec: 10,706 | mfu: 0.0% | epoch: 1 | remaining: 74s    
step 02389 (75.2%) | loss: 4.815100 | lrm: 0.50 | dt: 92ms | tok/sec: 11,093 | mfu: 0.0% | epoch: 1 | remaining: 74s    
step 02390 (75.3%) | loss: 4.808986 | lrm: 0.49 | dt: 95ms | tok/sec: 10,762 | mfu: 0.0% | epoch: 1 | remaining: 74s    
step 02391 (75.3%) | loss: 4.788781 | lrm: 0.49 | dt: 79ms | tok/sec: 12,986 | mfu: 0.0% | epoch: 1 | remaining: 74s    
step 02392 (75.3%) | loss: 4.790810 | lrm: 0.49 | dt: 99ms | tok/sec: 10,340 | mfu: 0.0% | epoch: 1 | remaining: 74s    
step 02393 (75.4%) | loss: 4.804888 | lrm: 0.49 | dt: 94ms | tok/sec: 10,859 | mfu: 0.0% | epoch: 1 | remaining: 74s    
step 02394 (75.4%) | loss: 4.788115 | lrm: 0.49 | dt: 77ms | tok/sec: 13,330 | mfu: 0.0% | epoch: 1 | remaining: 74s    
step 02395 (75.4%) | loss: 4.781403 | lrm: 0.49 | dt: 94ms | tok/sec: 10,852 | mfu: 0.0% | epoch: 1 | remaining: 74s    
step 02396 (75.5%) | loss: 4.803931 | lrm: 0.49 | dt: 95ms | tok/sec: 10,773 | mfu: 0.0% | epoch: 1 | remaining: 74s    
step 02397 (75.5%) | loss: 4.822539 | lrm: 0.49 | dt: 96ms | tok/sec: 10,618 | mfu: 0.0% | epoch: 1 | remaining: 73s    
step 02398 (75.5%) | loss: 4.832977 | lrm: 0.49 | dt: 82ms | tok/sec: 12,530 | mfu: 0.0% | epoch: 1 | remaining: 73s    
step 02399 (75.5%) | loss: 4.805863 | lrm: 0.49 | dt: 96ms | tok/sec: 10,623 | mfu: 0.0% | epoch: 1 | remaining: 73s    
step 02400 (75.6%) | loss: 4.792962 | lrm: 0.49 | dt: 95ms | tok/sec: 10,753 | mfu: 0.0% | epoch: 1 | remaining: 73s    
step 02401 (75.6%) | loss: 4.798078 | lrm: 0.49 | dt: 77ms | tok/sec: 13,324 | mfu: 0.0% | epoch: 1 | remaining: 73s    
step 02402 (75.6%) | loss: 4.808358 | lrm: 0.49 | dt: 95ms | tok/sec: 10,757 | mfu: 0.0% | epoch: 1 | remaining: 73s    
step 02403 (75.7%) | loss: 4.828023 | lrm: 0.49 | dt: 98ms | tok/sec: 10,438 | mfu: 0.0% | epoch: 1 | remaining: 73s    
step 02404 (75.7%) | loss: 4.806905 | lrm: 0.49 | dt: 85ms | tok/sec: 12,103 | mfu: 0.0% | epoch: 1 | remaining: 73s    
step 02405 (75.7%) | loss: 4.789586 | lrm: 0.49 | dt: 94ms | tok/sec: 10,851 | mfu: 0.0% | epoch: 1 | remaining: 73s    
step 02406 (75.8%) | loss: 4.825198 | lrm: 0.48 | dt: 90ms | tok/sec: 11,377 | mfu: 0.0% | epoch: 1 | remaining: 73s    
step 02407 (75.8%) | loss: 4.828974 | lrm: 0.48 | dt: 101ms | tok/sec: 10,132 | mfu: 0.0% | epoch: 1 | remaining: 73s    
step 02408 (75.8%) | loss: 4.794010 | lrm: 0.48 | dt: 91ms | tok/sec: 11,251 | mfu: 0.0% | epoch: 1 | remaining: 72s    
step 02409 (75.9%) | loss: 4.764451 | lrm: 0.48 | dt: 83ms | tok/sec: 12,265 | mfu: 0.0% | epoch: 1 | remaining: 72s    
step 02410 (75.9%) | loss: 4.751537 | lrm: 0.48 | dt: 97ms | tok/sec: 10,565 | mfu: 0.0% | epoch: 1 | remaining: 72s    
step 02411 (75.9%) | loss: 4.740339 | lrm: 0.48 | dt: 94ms | tok/sec: 10,940 | mfu: 0.0% | epoch: 1 | remaining: 72s    
step 02412 (75.9%) | loss: 4.716186 | lrm: 0.48 | dt: 90ms | tok/sec: 11,392 | mfu: 0.0% | epoch: 1 | remaining: 72s    
step 02413 (76.0%) | loss: 4.726669 | lrm: 0.48 | dt: 80ms | tok/sec: 12,865 | mfu: 0.0% | epoch: 1 | remaining: 72s    
step 02414 (76.0%) | loss: 4.702277 | lrm: 0.48 | dt: 96ms | tok/sec: 10,667 | mfu: 0.0% | epoch: 1 | remaining: 72s    
step 02415 (76.0%) | loss: 4.669073 | lrm: 0.48 | dt: 100ms | tok/sec: 10,219 | mfu: 0.0% | epoch: 1 | remaining: 72s    
step 02416 (76.1%) | loss: 4.645061 | lrm: 0.48 | dt: 90ms | tok/sec: 11,329 | mfu: 0.0% | epoch: 1 | remaining: 72s    
step 02417 (76.1%) | loss: 4.631619 | lrm: 0.48 | dt: 91ms | tok/sec: 11,260 | mfu: 0.0% | epoch: 1 | remaining: 72s    
step 02418 (76.1%) | loss: 4.667031 | lrm: 0.48 | dt: 84ms | tok/sec: 12,198 | mfu: 0.0% | epoch: 1 | remaining: 72s    
step 02419 (76.2%) | loss: 4.688302 | lrm: 0.48 | dt: 95ms | tok/sec: 10,785 | mfu: 0.0% | epoch: 1 | remaining: 71s    
step 02420 (76.2%) | loss: 4.661727 | lrm: 0.48 | dt: 99ms | tok/sec: 10,326 | mfu: 0.0% | epoch: 1 | remaining: 71s    
step 02421 (76.2%) | loss: 4.653486 | lrm: 0.48 | dt: 91ms | tok/sec: 11,237 | mfu: 0.0% | epoch: 1 | remaining: 71s    
step 02422 (76.3%) | loss: 4.648895 | lrm: 0.47 | dt: 83ms | tok/sec: 12,349 | mfu: 0.0% | epoch: 1 | remaining: 71s    
step 02423 (76.3%) | loss: 4.664809 | lrm: 0.47 | dt: 94ms | tok/sec: 10,878 | mfu: 0.0% | epoch: 1 | remaining: 71s    
step 02424 (76.3%) | loss: 4.687225 | lrm: 0.47 | dt: 98ms | tok/sec: 10,486 | mfu: 0.0% | epoch: 1 | remaining: 71s    
step 02425 (76.3%) | loss: 4.703756 | lrm: 0.47 | dt: 102ms | tok/sec: 10,006 | mfu: 0.0% | epoch: 1 | remaining: 71s    
step 02426 (76.4%) | loss: 4.692059 | lrm: 0.47 | dt: 92ms | tok/sec: 11,138 | mfu: 0.0% | epoch: 1 | remaining: 71s    
step 02427 (76.4%) | loss: 4.689695 | lrm: 0.47 | dt: 98ms | tok/sec: 10,447 | mfu: 0.0% | epoch: 1 | remaining: 71s    
step 02428 (76.4%) | loss: 4.730848 | lrm: 0.47 | dt: 84ms | tok/sec: 12,168 | mfu: 0.0% | epoch: 1 | remaining: 71s    
step 02429 (76.5%) | loss: 4.750791 | lrm: 0.47 | dt: 91ms | tok/sec: 11,305 | mfu: 0.0% | epoch: 1 | remaining: 71s    
step 02430 (76.5%) | loss: 4.752339 | lrm: 0.47 | dt: 95ms | tok/sec: 10,785 | mfu: 0.0% | epoch: 1 | remaining: 70s    
step 02431 (76.5%) | loss: 4.765720 | lrm: 0.47 | dt: 88ms | tok/sec: 11,646 | mfu: 0.0% | epoch: 1 | remaining: 70s    
step 02432 (76.6%) | loss: 4.756797 | lrm: 0.47 | dt: 95ms | tok/sec: 10,810 | mfu: 0.0% | epoch: 1 | remaining: 70s    
step 02433 (76.6%) | loss: 4.768411 | lrm: 0.47 | dt: 95ms | tok/sec: 10,801 | mfu: 0.0% | epoch: 1 | remaining: 70s    
step 02434 (76.6%) | loss: 4.738303 | lrm: 0.47 | dt: 96ms | tok/sec: 10,709 | mfu: 0.0% | epoch: 1 | remaining: 70s    
step 02435 (76.7%) | loss: 4.688430 | lrm: 0.47 | dt: 84ms | tok/sec: 12,238 | mfu: 0.0% | epoch: 1 | remaining: 70s    
step 02436 (76.7%) | loss: 4.670728 | lrm: 0.47 | dt: 100ms | tok/sec: 10,245 | mfu: 0.0% | epoch: 1 | remaining: 70s    
step 02437 (76.7%) | loss: 4.664064 | lrm: 0.47 | dt: 80ms | tok/sec: 12,862 | mfu: 0.0% | epoch: 1 | remaining: 70s    
step 02438 (76.7%) | loss: 4.667865 | lrm: 0.47 | dt: 96ms | tok/sec: 10,719 | mfu: 0.0% | epoch: 1 | remaining: 70s    
step 02439 (76.8%) | loss: 4.674167 | lrm: 0.46 | dt: 86ms | tok/sec: 11,941 | mfu: 0.0% | epoch: 1 | remaining: 70s    
step 02440 (76.8%) | loss: 4.663980 | lrm: 0.46 | dt: 106ms | tok/sec: 9,694 | mfu: 0.0% | epoch: 1 | remaining: 69s    
step 02441 (76.8%) | loss: 4.661585 | lrm: 0.46 | dt: 91ms | tok/sec: 11,193 | mfu: 0.0% | epoch: 1 | remaining: 69s    
step 02442 (76.9%) | loss: 4.638607 | lrm: 0.46 | dt: 90ms | tok/sec: 11,428 | mfu: 0.0% | epoch: 1 | remaining: 69s    
step 02443 (76.9%) | loss: 4.612998 | lrm: 0.46 | dt: 78ms | tok/sec: 13,058 | mfu: 0.0% | epoch: 1 | remaining: 69s    
step 02444 (76.9%) | loss: 4.590187 | lrm: 0.46 | dt: 97ms | tok/sec: 10,562 | mfu: 0.0% | epoch: 1 | remaining: 69s    
step 02445 (77.0%) | loss: 4.573303 | lrm: 0.46 | dt: 94ms | tok/sec: 10,949 | mfu: 0.0% | epoch: 1 | remaining: 69s    
step 02446 (77.0%) | loss: 4.566548 | lrm: 0.46 | dt: 111ms | tok/sec: 9,199 | mfu: 0.0% | epoch: 1 | remaining: 69s    
step 02447 (77.0%) | loss: 4.567032 | lrm: 0.46 | dt: 79ms | tok/sec: 13,004 | mfu: 0.0% | epoch: 1 | remaining: 69s    
step 02448 (77.1%) | loss: 4.565488 | lrm: 0.46 | dt: 95ms | tok/sec: 10,731 | mfu: 0.0% | epoch: 1 | remaining: 69s    
step 02449 (77.1%) | loss: 4.572180 | lrm: 0.46 | dt: 95ms | tok/sec: 10,833 | mfu: 0.0% | epoch: 1 | remaining: 69s    
step 02450 (77.1%) | loss: 4.559984 | lrm: 0.46 | dt: 98ms | tok/sec: 10,496 | mfu: 0.0% | epoch: 1 | remaining: 69s    
step 02451 (77.1%) | loss: 4.547138 | lrm: 0.46 | dt: 92ms | tok/sec: 11,143 | mfu: 0.0% | epoch: 1 | remaining: 68s    
step 02452 (77.2%) | loss: 4.516852 | lrm: 0.46 | dt: 99ms | tok/sec: 10,332 | mfu: 0.0% | epoch: 1 | remaining: 68s    
step 02453 (77.2%) | loss: 4.518735 | lrm: 0.46 | dt: 93ms | tok/sec: 11,068 | mfu: 0.0% | epoch: 1 | remaining: 68s    
step 02454 (77.2%) | loss: 4.523336 | lrm: 0.46 | dt: 93ms | tok/sec: 10,964 | mfu: 0.0% | epoch: 1 | remaining: 68s    
step 02455 (77.3%) | loss: 4.528673 | lrm: 0.45 | dt: 89ms | tok/sec: 11,476 | mfu: 0.0% | epoch: 1 | remaining: 68s    
step 02456 (77.3%) | loss: 4.534277 | lrm: 0.45 | dt: 91ms | tok/sec: 11,288 | mfu: 0.0% | epoch: 1 | remaining: 68s    
step 02457 (77.3%) | loss: 4.548065 | lrm: 0.45 | dt: 83ms | tok/sec: 12,378 | mfu: 0.0% | epoch: 1 | remaining: 68s    
step 02458 (77.4%) | loss: 4.515189 | lrm: 0.45 | dt: 103ms | tok/sec: 9,958 | mfu: 0.0% | epoch: 1 | remaining: 68s    
step 02459 (77.4%) | loss: 4.507111 | lrm: 0.45 | dt: 91ms | tok/sec: 11,246 | mfu: 0.0% | epoch: 1 | remaining: 68s    
step 02460 (77.4%) | loss: 4.497515 | lrm: 0.45 | dt: 90ms | tok/sec: 11,340 | mfu: 0.0% | epoch: 1 | remaining: 68s    
step 02461 (77.5%) | loss: 4.502928 | lrm: 0.45 | dt: 97ms | tok/sec: 10,549 | mfu: 0.0% | epoch: 1 | remaining: 68s    
step 02462 (77.5%) | loss: 4.486203 | lrm: 0.45 | dt: 91ms | tok/sec: 11,259 | mfu: 0.0% | epoch: 1 | remaining: 67s    
step 02463 (77.5%) | loss: 4.476261 | lrm: 0.45 | dt: 97ms | tok/sec: 10,606 | mfu: 0.0% | epoch: 1 | remaining: 67s    
step 02464 (77.6%) | loss: 4.468473 | lrm: 0.45 | dt: 83ms | tok/sec: 12,340 | mfu: 0.0% | epoch: 1 | remaining: 67s    
step 02465 (77.6%) | loss: 4.459369 | lrm: 0.45 | dt: 99ms | tok/sec: 10,319 | mfu: 0.0% | epoch: 1 | remaining: 67s    
step 02466 (77.6%) | loss: 4.474212 | lrm: 0.45 | dt: 90ms | tok/sec: 11,353 | mfu: 0.0% | epoch: 1 | remaining: 67s    
step 02467 (77.6%) | loss: 4.498513 | lrm: 0.45 | dt: 84ms | tok/sec: 12,172 | mfu: 0.0% | epoch: 1 | remaining: 67s    
step 02468 (77.7%) | loss: 4.500358 | lrm: 0.45 | dt: 91ms | tok/sec: 11,300 | mfu: 0.0% | epoch: 1 | remaining: 67s    
step 02469 (77.7%) | loss: 4.502544 | lrm: 0.45 | dt: 94ms | tok/sec: 10,921 | mfu: 0.0% | epoch: 1 | remaining: 67s    
step 02470 (77.7%) | loss: 4.462149 | lrm: 0.45 | dt: 90ms | tok/sec: 11,385 | mfu: 0.0% | epoch: 1 | remaining: 67s    
step 02471 (77.8%) | loss: 4.437904 | lrm: 0.44 | dt: 95ms | tok/sec: 10,792 | mfu: 0.0% | epoch: 1 | remaining: 67s    
step 02472 (77.8%) | loss: 4.421851 | lrm: 0.44 | dt: 99ms | tok/sec: 10,328 | mfu: 0.0% | epoch: 1 | remaining: 67s    
step 02473 (77.8%) | loss: 4.410031 | lrm: 0.44 | dt: 90ms | tok/sec: 11,339 | mfu: 0.0% | epoch: 1 | remaining: 66s    
step 02474 (77.9%) | loss: 4.454819 | lrm: 0.44 | dt: 87ms | tok/sec: 11,812 | mfu: 0.0% | epoch: 1 | remaining: 66s    
step 02475 (77.9%) | loss: 4.472597 | lrm: 0.44 | dt: 90ms | tok/sec: 11,350 | mfu: 0.0% | epoch: 1 | remaining: 66s    
step 02476 (77.9%) | loss: 4.480545 | lrm: 0.44 | dt: 96ms | tok/sec: 10,670 | mfu: 0.0% | epoch: 1 | remaining: 66s    
step 02477 (77.9%) | loss: 4.477405 | lrm: 0.44 | dt: 95ms | tok/sec: 10,789 | mfu: 0.0% | epoch: 1 | remaining: 66s    
step 02478 (78.0%) | loss: 4.477767 | lrm: 0.44 | dt: 79ms | tok/sec: 12,901 | mfu: 0.0% | epoch: 1 | remaining: 66s    
step 02479 (78.0%) | loss: 4.482358 | lrm: 0.44 | dt: 105ms | tok/sec: 9,724 | mfu: 0.0% | epoch: 1 | remaining: 66s    
step 02480 (78.0%) | loss: 4.482360 | lrm: 0.44 | dt: 90ms | tok/sec: 11,341 | mfu: 0.0% | epoch: 1 | remaining: 66s    
step 02481 (78.1%) | loss: 4.464871 | lrm: 0.44 | dt: 93ms | tok/sec: 11,023 | mfu: 0.0% | epoch: 1 | remaining: 66s    
step 02482 (78.1%) | loss: 4.453943 | lrm: 0.44 | dt: 85ms | tok/sec: 12,089 | mfu: 0.0% | epoch: 1 | remaining: 66s    
step 02483 (78.1%) | loss: 4.450788 | lrm: 0.44 | dt: 95ms | tok/sec: 10,756 | mfu: 0.0% | epoch: 1 | remaining: 66s    
step 02484 (78.2%) | loss: 4.441255 | lrm: 0.44 | dt: 79ms | tok/sec: 12,903 | mfu: 0.0% | epoch: 1 | remaining: 65s    
step 02485 (78.2%) | loss: 4.402897 | lrm: 0.44 | dt: 92ms | tok/sec: 11,081 | mfu: 0.0% | epoch: 1 | remaining: 65s    
step 02486 (78.2%) | loss: 4.396690 | lrm: 0.44 | dt: 108ms | tok/sec: 9,479 | mfu: 0.0% | epoch: 1 | remaining: 65s    
step 02487 (78.3%) | loss: 4.384005 | lrm: 0.43 | dt: 93ms | tok/sec: 10,996 | mfu: 0.0% | epoch: 1 | remaining: 65s    
step 02488 (78.3%) | loss: 4.375153 | lrm: 0.43 | dt: 90ms | tok/sec: 11,382 | mfu: 0.0% | epoch: 1 | remaining: 65s    
step 02489 (78.3%) | loss: 4.366273 | lrm: 0.43 | dt: 90ms | tok/sec: 11,343 | mfu: 0.0% | epoch: 1 | remaining: 65s    
step 02490 (78.3%) | loss: 4.355919 | lrm: 0.43 | dt: 94ms | tok/sec: 10,950 | mfu: 0.0% | epoch: 1 | remaining: 65s    
step 02491 (78.4%) | loss: 4.349632 | lrm: 0.43 | dt: 93ms | tok/sec: 11,015 | mfu: 0.0% | epoch: 1 | remaining: 65s    
step 02492 (78.4%) | loss: 4.346561 | lrm: 0.43 | dt: 90ms | tok/sec: 11,351 | mfu: 0.0% | epoch: 1 | remaining: 65s    
step 02493 (78.4%) | loss: 4.346622 | lrm: 0.43 | dt: 90ms | tok/sec: 11,386 | mfu: 0.0% | epoch: 1 | remaining: 65s    
step 02494 (78.5%) | loss: 4.354771 | lrm: 0.43 | dt: 91ms | tok/sec: 11,272 | mfu: 0.0% | epoch: 1 | remaining: 65s    
step 02495 (78.5%) | loss: 4.324949 | lrm: 0.43 | dt: 79ms | tok/sec: 13,015 | mfu: 0.0% | epoch: 1 | remaining: 64s    
step 02496 (78.5%) | loss: 4.316283 | lrm: 0.43 | dt: 108ms | tok/sec: 9,482 | mfu: 0.0% | epoch: 1 | remaining: 64s    
step 02497 (78.6%) | loss: 4.325267 | lrm: 0.43 | dt: 90ms | tok/sec: 11,327 | mfu: 0.0% | epoch: 1 | remaining: 64s    
step 02498 (78.6%) | loss: 4.342639 | lrm: 0.43 | dt: 83ms | tok/sec: 12,391 | mfu: 0.0% | epoch: 1 | remaining: 64s    
step 02499 (78.6%) | loss: 4.352968 | lrm: 0.43 | dt: 95ms | tok/sec: 10,766 | mfu: 0.0% | epoch: 1 | remaining: 64s    
step 02500 (78.6%) | loss: 4.445906 | lrm: 0.43 | dt: 95ms | tok/sec: 10,768 | mfu: 0.0% | epoch: 1 | remaining: 64s    
step 02501 (78.7%) | loss: 4.627692 | lrm: 0.43 | dt: 96ms | tok/sec: 10,621 | mfu: 0.0% | epoch: 1 | remaining: 64s    
step 02502 (78.7%) | loss: 4.750930 | lrm: 0.43 | dt: 93ms | tok/sec: 10,992 | mfu: 0.0% | epoch: 1 | remaining: 64s    
step 02503 (78.7%) | loss: 4.883584 | lrm: 0.43 | dt: 89ms | tok/sec: 11,521 | mfu: 0.0% | epoch: 1 | remaining: 64s    
step 02504 (78.8%) | loss: 4.958715 | lrm: 0.42 | dt: 89ms | tok/sec: 11,449 | mfu: 0.0% | epoch: 1 | remaining: 64s    
step 02505 (78.8%) | loss: 5.039020 | lrm: 0.42 | dt: 93ms | tok/sec: 10,978 | mfu: 0.0% | epoch: 1 | remaining: 63s    
step 02506 (78.8%) | loss: 5.123972 | lrm: 0.42 | dt: 88ms | tok/sec: 11,692 | mfu: 0.0% | epoch: 1 | remaining: 63s    
step 02507 (78.9%) | loss: 5.181029 | lrm: 0.42 | dt: 96ms | tok/sec: 10,635 | mfu: 0.0% | epoch: 1 | remaining: 63s    
step 02508 (78.9%) | loss: 5.243855 | lrm: 0.42 | dt: 83ms | tok/sec: 12,399 | mfu: 0.0% | epoch: 1 | remaining: 63s    
step 02509 (78.9%) | loss: 5.284786 | lrm: 0.42 | dt: 100ms | tok/sec: 10,269 | mfu: 0.0% | epoch: 1 | remaining: 63s    
step 02510 (79.0%) | loss: 5.337199 | lrm: 0.42 | dt: 86ms | tok/sec: 11,970 | mfu: 0.0% | epoch: 1 | remaining: 63s    
step 02511 (79.0%) | loss: 5.367800 | lrm: 0.42 | dt: 95ms | tok/sec: 10,773 | mfu: 0.0% | epoch: 1 | remaining: 63s    
step 02512 (79.0%) | loss: 5.382082 | lrm: 0.42 | dt: 85ms | tok/sec: 12,045 | mfu: 0.0% | epoch: 1 | remaining: 63s    
step 02513 (79.0%) | loss: 5.405522 | lrm: 0.42 | dt: 95ms | tok/sec: 10,790 | mfu: 0.0% | epoch: 1 | remaining: 63s    
step 02514 (79.1%) | loss: 5.420159 | lrm: 0.42 | dt: 96ms | tok/sec: 10,718 | mfu: 0.0% | epoch: 1 | remaining: 63s    
step 02515 (79.1%) | loss: 5.445517 | lrm: 0.42 | dt: 92ms | tok/sec: 11,143 | mfu: 0.0% | epoch: 1 | remaining: 63s    
step 02516 (79.1%) | loss: 5.458615 | lrm: 0.42 | dt: 95ms | tok/sec: 10,789 | mfu: 0.0% | epoch: 1 | remaining: 62s    
step 02517 (79.2%) | loss: 5.457309 | lrm: 0.42 | dt: 79ms | tok/sec: 12,944 | mfu: 0.0% | epoch: 1 | remaining: 62s    
step 02518 (79.2%) | loss: 5.462094 | lrm: 0.42 | dt: 106ms | tok/sec: 9,702 | mfu: 0.0% | epoch: 1 | remaining: 62s    
step 02519 (79.2%) | loss: 5.454045 | lrm: 0.42 | dt: 84ms | tok/sec: 12,235 | mfu: 0.0% | epoch: 1 | remaining: 62s    
step 02520 (79.3%) | loss: 5.444846 | lrm: 0.41 | dt: 93ms | tok/sec: 11,022 | mfu: 0.0% | epoch: 1 | remaining: 62s    
step 02521 (79.3%) | loss: 5.439877 | lrm: 0.41 | dt: 93ms | tok/sec: 11,016 | mfu: 0.0% | epoch: 1 | remaining: 62s    
step 02522 (79.3%) | loss: 5.445157 | lrm: 0.41 | dt: 95ms | tok/sec: 10,738 | mfu: 0.0% | epoch: 1 | remaining: 62s    
step 02523 (79.4%) | loss: 5.439749 | lrm: 0.41 | dt: 89ms | tok/sec: 11,559 | mfu: 0.0% | epoch: 1 | remaining: 62s    
step 02524 (79.4%) | loss: 5.441605 | lrm: 0.41 | dt: 94ms | tok/sec: 10,847 | mfu: 0.0% | epoch: 1 | remaining: 62s    
step 02525 (79.4%) | loss: 5.418542 | lrm: 0.41 | dt: 79ms | tok/sec: 12,927 | mfu: 0.0% | epoch: 1 | remaining: 62s    
step 02526 (79.4%) | loss: 5.403250 | lrm: 0.41 | dt: 95ms | tok/sec: 10,749 | mfu: 0.0% | epoch: 1 | remaining: 62s    
step 02527 (79.5%) | loss: 5.389829 | lrm: 0.41 | dt: 96ms | tok/sec: 10,646 | mfu: 0.0% | epoch: 1 | remaining: 61s    
step 02528 (79.5%) | loss: 5.370572 | lrm: 0.41 | dt: 80ms | tok/sec: 12,860 | mfu: 0.0% | epoch: 1 | remaining: 61s    
step 02529 (79.5%) | loss: 5.358633 | lrm: 0.41 | dt: 103ms | tok/sec: 9,932 | mfu: 0.0% | epoch: 1 | remaining: 61s    
step 02530 (79.6%) | loss: 5.350416 | lrm: 0.41 | dt: 80ms | tok/sec: 12,816 | mfu: 0.0% | epoch: 1 | remaining: 61s    
step 02531 (79.6%) | loss: 5.331633 | lrm: 0.41 | dt: 95ms | tok/sec: 10,760 | mfu: 0.0% | epoch: 1 | remaining: 61s    
step 02532 (79.6%) | loss: 5.331014 | lrm: 0.41 | dt: 95ms | tok/sec: 10,770 | mfu: 0.0% | epoch: 1 | remaining: 61s    
step 02533 (79.7%) | loss: 5.309089 | lrm: 0.41 | dt: 80ms | tok/sec: 12,797 | mfu: 0.0% | epoch: 1 | remaining: 61s    
step 02534 (79.7%) | loss: 5.285196 | lrm: 0.41 | dt: 102ms | tok/sec: 10,075 | mfu: 0.0% | epoch: 1 | remaining: 61s    
step 02535 (79.7%) | loss: 5.268936 | lrm: 0.41 | dt: 95ms | tok/sec: 10,804 | mfu: 0.0% | epoch: 1 | remaining: 61s    
step 02536 (79.7%) | loss: 5.265040 | lrm: 0.41 | dt: 95ms | tok/sec: 10,806 | mfu: 0.0% | epoch: 1 | remaining: 61s    
step 02537 (79.8%) | loss: 5.270308 | lrm: 0.40 | dt: 80ms | tok/sec: 12,858 | mfu: 0.0% | epoch: 1 | remaining: 61s    
step 02538 (79.8%) | loss: 5.255753 | lrm: 0.40 | dt: 104ms | tok/sec: 9,809 | mfu: 0.0% | epoch: 1 | remaining: 60s    
step 02539 (79.8%) | loss: 5.256939 | lrm: 0.40 | dt: 89ms | tok/sec: 11,541 | mfu: 0.0% | epoch: 1 | remaining: 60s    
step 02540 (79.9%) | loss: 5.236355 | lrm: 0.40 | dt: 87ms | tok/sec: 11,742 | mfu: 0.0% | epoch: 1 | remaining: 60s    
step 02541 (79.9%) | loss: 5.226537 | lrm: 0.40 | dt: 86ms | tok/sec: 11,864 | mfu: 0.0% | epoch: 1 | remaining: 60s    
step 02542 (79.9%) | loss: 5.202159 | lrm: 0.40 | dt: 95ms | tok/sec: 10,768 | mfu: 0.0% | epoch: 1 | remaining: 60s    
step 02543 (80.0%) | loss: 5.190601 | lrm: 0.40 | dt: 95ms | tok/sec: 10,810 | mfu: 0.0% | epoch: 1 | remaining: 60s    
step 02544 (80.0%) | loss: 5.173812 | lrm: 0.40 | dt: 91ms | tok/sec: 11,291 | mfu: 0.0% | epoch: 1 | remaining: 60s    
step 02545 (80.0%) | loss: 5.147289 | lrm: 0.40 | dt: 84ms | tok/sec: 12,254 | mfu: 0.0% | epoch: 1 | remaining: 60s    
step 02546 (80.0%) | loss: 5.148323 | lrm: 0.40 | dt: 94ms | tok/sec: 10,842 | mfu: 0.0% | epoch: 1 | remaining: 60s    
step 02547 (80.1%) | loss: 5.156331 | lrm: 0.40 | dt: 95ms | tok/sec: 10,759 | mfu: 0.0% | epoch: 1 | remaining: 60s    
step 02548 (80.1%) | loss: 5.156720 | lrm: 0.40 | dt: 79ms | tok/sec: 12,906 | mfu: 0.0% | epoch: 1 | remaining: 60s    
step 02549 (80.1%) | loss: 5.150231 | lrm: 0.40 | dt: 94ms | tok/sec: 10,877 | mfu: 0.0% | epoch: 1 | remaining: 59s    
step 02550 (80.2%) | loss: 5.143240 | lrm: 0.40 | dt: 102ms | tok/sec: 10,008 | mfu: 0.0% | epoch: 1 | remaining: 59s    
step 02551 (80.2%) | loss: 5.123731 | lrm: 0.40 | dt: 91ms | tok/sec: 11,268 | mfu: 0.0% | epoch: 1 | remaining: 59s    
step 02552 (80.2%) | loss: 5.119780 | lrm: 0.40 | dt: 79ms | tok/sec: 12,906 | mfu: 0.0% | epoch: 1 | remaining: 59s    
step 02553 (80.3%) | loss: 5.126846 | lrm: 0.39 | dt: 96ms | tok/sec: 10,677 | mfu: 0.0% | epoch: 1 | remaining: 59s    
step 02554 (80.3%) | loss: 5.110317 | lrm: 0.39 | dt: 95ms | tok/sec: 10,756 | mfu: 0.0% | epoch: 1 | remaining: 59s    
step 02555 (80.3%) | loss: 5.101686 | lrm: 0.39 | dt: 95ms | tok/sec: 10,821 | mfu: 0.0% | epoch: 1 | remaining: 59s    
step 02556 (80.4%) | loss: 5.104719 | lrm: 0.39 | dt: 103ms | tok/sec: 9,937 | mfu: 0.0% | epoch: 1 | remaining: 59s    
step 02557 (80.4%) | loss: 5.124738 | lrm: 0.39 | dt: 87ms | tok/sec: 11,722 | mfu: 0.0% | epoch: 1 | remaining: 59s    
step 02558 (80.4%) | loss: 5.125158 | lrm: 0.39 | dt: 95ms | tok/sec: 10,800 | mfu: 0.0% | epoch: 1 | remaining: 59s    
step 02559 (80.5%) | loss: 5.116659 | lrm: 0.39 | dt: 79ms | tok/sec: 12,881 | mfu: 0.0% | epoch: 1 | remaining: 59s    
step 02560 (80.5%) | loss: 5.119677 | lrm: 0.39 | dt: 95ms | tok/sec: 10,753 | mfu: 0.0% | epoch: 1 | remaining: 58s    
step 02561 (80.5%) | loss: 5.107930 | lrm: 0.39 | dt: 103ms | tok/sec: 9,914 | mfu: 0.0% | epoch: 1 | remaining: 58s    
step 02562 (80.5%) | loss: 5.069012 | lrm: 0.39 | dt: 79ms | tok/sec: 12,921 | mfu: 0.0% | epoch: 1 | remaining: 58s    
step 02563 (80.6%) | loss: 5.021304 | lrm: 0.39 | dt: 102ms | tok/sec: 10,022 | mfu: 0.0% | epoch: 1 | remaining: 58s    
step 02564 (80.6%) | loss: 5.018116 | lrm: 0.39 | dt: 87ms | tok/sec: 11,774 | mfu: 0.0% | epoch: 1 | remaining: 58s    
step 02565 (80.6%) | loss: 5.010477 | lrm: 0.39 | dt: 95ms | tok/sec: 10,737 | mfu: 0.0% | epoch: 1 | remaining: 58s    
step 02566 (80.7%) | loss: 4.996220 | lrm: 0.39 | dt: 98ms | tok/sec: 10,421 | mfu: 0.0% | epoch: 1 | remaining: 58s    
step 02567 (80.7%) | loss: 4.975276 | lrm: 0.39 | dt: 98ms | tok/sec: 10,466 | mfu: 0.0% | epoch: 1 | remaining: 58s    
step 02568 (80.7%) | loss: 4.969332 | lrm: 0.39 | dt: 92ms | tok/sec: 11,102 | mfu: 0.0% | epoch: 1 | remaining: 58s    
step 02569 (80.8%) | loss: 4.935696 | lrm: 0.38 | dt: 79ms | tok/sec: 12,885 | mfu: 0.0% | epoch: 1 | remaining: 58s    
step 02570 (80.8%) | loss: 4.930038 | lrm: 0.38 | dt: 100ms | tok/sec: 10,265 | mfu: 0.0% | epoch: 1 | remaining: 58s    
step 02571 (80.8%) | loss: 4.877601 | lrm: 0.38 | dt: 91ms | tok/sec: 11,266 | mfu: 0.0% | epoch: 1 | remaining: 57s    
step 02572 (80.9%) | loss: 4.878562 | lrm: 0.38 | dt: 101ms | tok/sec: 10,168 | mfu: 0.0% | epoch: 1 | remaining: 57s    
step 02573 (80.9%) | loss: 4.865975 | lrm: 0.38 | dt: 90ms | tok/sec: 11,327 | mfu: 0.0% | epoch: 1 | remaining: 57s    
step 02574 (80.9%) | loss: 4.870223 | lrm: 0.38 | dt: 95ms | tok/sec: 10,812 | mfu: 0.0% | epoch: 1 | remaining: 57s    
step 02575 (80.9%) | loss: 4.858118 | lrm: 0.38 | dt: 96ms | tok/sec: 10,616 | mfu: 0.0% | epoch: 1 | remaining: 57s    
step 02576 (81.0%) | loss: 4.869951 | lrm: 0.38 | dt: 101ms | tok/sec: 10,163 | mfu: 0.0% | epoch: 1 | remaining: 57s    
step 02577 (81.0%) | loss: 4.831468 | lrm: 0.38 | dt: 99ms | tok/sec: 10,383 | mfu: 0.0% | epoch: 1 | remaining: 57s    
step 02578 (81.0%) | loss: 4.830796 | lrm: 0.38 | dt: 100ms | tok/sec: 10,224 | mfu: 0.0% | epoch: 1 | remaining: 57s    
step 02579 (81.1%) | loss: 4.837120 | lrm: 0.38 | dt: 91ms | tok/sec: 11,282 | mfu: 0.0% | epoch: 1 | remaining: 57s    
step 02580 (81.1%) | loss: 4.853482 | lrm: 0.38 | dt: 102ms | tok/sec: 10,082 | mfu: 0.0% | epoch: 1 | remaining: 57s    
step 02581 (81.1%) | loss: 4.871196 | lrm: 0.38 | dt: 89ms | tok/sec: 11,558 | mfu: 0.0% | epoch: 1 | remaining: 56s    
step 02582 (81.2%) | loss: 4.862040 | lrm: 0.38 | dt: 98ms | tok/sec: 10,463 | mfu: 0.0% | epoch: 1 | remaining: 56s    
step 02583 (81.2%) | loss: 4.847127 | lrm: 0.38 | dt: 89ms | tok/sec: 11,570 | mfu: 0.0% | epoch: 1 | remaining: 56s    
step 02584 (81.2%) | loss: 4.850564 | lrm: 0.38 | dt: 92ms | tok/sec: 11,073 | mfu: 0.0% | epoch: 1 | remaining: 56s    
step 02585 (81.3%) | loss: 4.831995 | lrm: 0.37 | dt: 94ms | tok/sec: 10,851 | mfu: 0.0% | epoch: 1 | remaining: 56s    
step 02586 (81.3%) | loss: 4.831864 | lrm: 0.37 | dt: 95ms | tok/sec: 10,787 | mfu: 0.0% | epoch: 1 | remaining: 56s    
step 02587 (81.3%) | loss: 4.798970 | lrm: 0.37 | dt: 95ms | tok/sec: 10,785 | mfu: 0.0% | epoch: 1 | remaining: 56s    
step 02588 (81.4%) | loss: 4.795499 | lrm: 0.37 | dt: 98ms | tok/sec: 10,415 | mfu: 0.0% | epoch: 1 | remaining: 56s    
step 02589 (81.4%) | loss: 4.785975 | lrm: 0.37 | dt: 93ms | tok/sec: 10,969 | mfu: 0.0% | epoch: 1 | remaining: 56s    
step 02590 (81.4%) | loss: 4.770719 | lrm: 0.37 | dt: 88ms | tok/sec: 11,609 | mfu: 0.0% | epoch: 1 | remaining: 56s    
step 02591 (81.5%) | loss: 4.737421 | lrm: 0.37 | dt: 95ms | tok/sec: 10,750 | mfu: 0.0% | epoch: 1 | remaining: 56s    
step 02592 (81.5%) | loss: 4.721527 | lrm: 0.37 | dt: 95ms | tok/sec: 10,780 | mfu: 0.0% | epoch: 1 | remaining: 55s    
step 02593 (81.5%) | loss: 4.707084 | lrm: 0.37 | dt: 88ms | tok/sec: 11,572 | mfu: 0.0% | epoch: 1 | remaining: 55s    
step 02594 (81.5%) | loss: 4.692687 | lrm: 0.37 | dt: 95ms | tok/sec: 10,760 | mfu: 0.0% | epoch: 1 | remaining: 55s    
step 02595 (81.6%) | loss: 4.659025 | lrm: 0.37 | dt: 105ms | tok/sec: 9,782 | mfu: 0.0% | epoch: 1 | remaining: 55s    
step 02596 (81.6%) | loss: 4.655373 | lrm: 0.37 | dt: 87ms | tok/sec: 11,718 | mfu: 0.0% | epoch: 1 | remaining: 55s    
step 02597 (81.6%) | loss: 4.633877 | lrm: 0.37 | dt: 87ms | tok/sec: 11,737 | mfu: 0.0% | epoch: 1 | remaining: 55s    
step 02598 (81.7%) | loss: 4.646018 | lrm: 0.37 | dt: 107ms | tok/sec: 9,542 | mfu: 0.0% | epoch: 1 | remaining: 55s    
step 02599 (81.7%) | loss: 4.623751 | lrm: 0.37 | dt: 93ms | tok/sec: 11,038 | mfu: 0.0% | epoch: 1 | remaining: 55s    
step 02600 (81.7%) | loss: 4.604377 | lrm: 0.37 | dt: 108ms | tok/sec: 9,516 | mfu: 0.0% | epoch: 1 | remaining: 55s    
step 02601 (81.8%) | loss: 4.589322 | lrm: 0.36 | dt: 92ms | tok/sec: 11,071 | mfu: 0.0% | epoch: 1 | remaining: 55s    
step 02602 (81.8%) | loss: 4.579687 | lrm: 0.36 | dt: 91ms | tok/sec: 11,219 | mfu: 0.0% | epoch: 1 | remaining: 54s    
step 02603 (81.8%) | loss: 4.569082 | lrm: 0.36 | dt: 95ms | tok/sec: 10,812 | mfu: 0.0% | epoch: 1 | remaining: 54s    
step 02604 (81.9%) | loss: 4.573489 | lrm: 0.36 | dt: 86ms | tok/sec: 11,945 | mfu: 0.0% | epoch: 1 | remaining: 54s    
step 02605 (81.9%) | loss: 4.548696 | lrm: 0.36 | dt: 95ms | tok/sec: 10,806 | mfu: 0.0% | epoch: 1 | remaining: 54s    
step 02606 (81.9%) | loss: 4.529535 | lrm: 0.36 | dt: 95ms | tok/sec: 10,776 | mfu: 0.0% | epoch: 1 | remaining: 54s    
step 02607 (82.0%) | loss: 4.504350 | lrm: 0.36 | dt: 92ms | tok/sec: 11,084 | mfu: 0.0% | epoch: 1 | remaining: 54s    
step 02608 (82.0%) | loss: 4.506511 | lrm: 0.36 | dt: 96ms | tok/sec: 10,704 | mfu: 0.0% | epoch: 1 | remaining: 54s    
step 02609 (82.0%) | loss: 4.528333 | lrm: 0.36 | dt: 92ms | tok/sec: 11,098 | mfu: 0.0% | epoch: 1 | remaining: 54s    
step 02610 (82.1%) | loss: 4.539190 | lrm: 0.36 | dt: 101ms | tok/sec: 10,166 | mfu: 0.0% | epoch: 1 | remaining: 54s    
step 02611 (82.1%) | loss: 4.543081 | lrm: 0.36 | dt: 95ms | tok/sec: 10,723 | mfu: 0.0% | epoch: 1 | remaining: 54s    
step 02612 (82.1%) | loss: 4.527048 | lrm: 0.36 | dt: 97ms | tok/sec: 10,516 | mfu: 0.0% | epoch: 1 | remaining: 54s    
step 02613 (82.2%) | loss: 4.521252 | lrm: 0.36 | dt: 95ms | tok/sec: 10,748 | mfu: 0.0% | epoch: 1 | remaining: 53s    
step 02614 (82.2%) | loss: 4.535186 | lrm: 0.36 | dt: 94ms | tok/sec: 10,906 | mfu: 0.0% | epoch: 1 | remaining: 53s    
step 02615 (82.2%) | loss: 4.516796 | lrm: 0.36 | dt: 98ms | tok/sec: 10,450 | mfu: 0.0% | epoch: 1 | remaining: 53s    
step 02616 (82.2%) | loss: 4.518678 | lrm: 0.36 | dt: 93ms | tok/sec: 10,989 | mfu: 0.0% | epoch: 1 | remaining: 53s    
step 02617 (82.3%) | loss: 4.494540 | lrm: 0.35 | dt: 96ms | tok/sec: 10,693 | mfu: 0.0% | epoch: 1 | remaining: 53s    
step 02618 (82.3%) | loss: 4.489275 | lrm: 0.35 | dt: 93ms | tok/sec: 11,034 | mfu: 0.0% | epoch: 1 | remaining: 53s    
step 02619 (82.3%) | loss: 4.484879 | lrm: 0.35 | dt: 93ms | tok/sec: 11,000 | mfu: 0.0% | epoch: 1 | remaining: 53s    
step 02620 (82.4%) | loss: 4.505319 | lrm: 0.35 | dt: 90ms | tok/sec: 11,360 | mfu: 0.0% | epoch: 1 | remaining: 53s    
step 02621 (82.4%) | loss: 4.520459 | lrm: 0.35 | dt: 104ms | tok/sec: 9,803 | mfu: 0.0% | epoch: 1 | remaining: 53s    
step 02622 (82.4%) | loss: 4.535955 | lrm: 0.35 | dt: 85ms | tok/sec: 12,015 | mfu: 0.0% | epoch: 1 | remaining: 53s    
step 02623 (82.5%) | loss: 4.514215 | lrm: 0.35 | dt: 89ms | tok/sec: 11,519 | mfu: 0.0% | epoch: 1 | remaining: 53s    
step 02624 (82.5%) | loss: 4.492243 | lrm: 0.35 | dt: 113ms | tok/sec: 9,052 | mfu: 0.0% | epoch: 1 | remaining: 52s    
step 02625 (82.5%) | loss: 4.474875 | lrm: 0.35 | dt: 84ms | tok/sec: 12,226 | mfu: 0.0% | epoch: 1 | remaining: 52s    
step 02626 (82.6%) | loss: 4.499289 | lrm: 0.35 | dt: 95ms | tok/sec: 10,773 | mfu: 0.0% | epoch: 1 | remaining: 52s    
step 02627 (82.6%) | loss: 4.525243 | lrm: 0.35 | dt: 95ms | tok/sec: 10,835 | mfu: 0.0% | epoch: 1 | remaining: 52s    
step 02628 (82.6%) | loss: 4.555114 | lrm: 0.35 | dt: 105ms | tok/sec: 9,773 | mfu: 0.0% | epoch: 1 | remaining: 52s    
step 02629 (82.7%) | loss: 4.574372 | lrm: 0.35 | dt: 81ms | tok/sec: 12,663 | mfu: 0.0% | epoch: 1 | remaining: 52s    
step 02630 (82.7%) | loss: 4.602830 | lrm: 0.35 | dt: 103ms | tok/sec: 9,986 | mfu: 0.0% | epoch: 1 | remaining: 52s    
step 02631 (82.7%) | loss: 4.617712 | lrm: 0.35 | dt: 95ms | tok/sec: 10,754 | mfu: 0.0% | epoch: 1 | remaining: 52s    
step 02632 (82.8%) | loss: 4.631199 | lrm: 0.34 | dt: 95ms | tok/sec: 10,775 | mfu: 0.0% | epoch: 1 | remaining: 52s    
step 02633 (82.8%) | loss: 4.599894 | lrm: 0.34 | dt: 96ms | tok/sec: 10,699 | mfu: 0.0% | epoch: 1 | remaining: 52s    
step 02634 (82.8%) | loss: 4.586865 | lrm: 0.34 | dt: 102ms | tok/sec: 10,085 | mfu: 0.0% | epoch: 1 | remaining: 51s    
step 02635 (82.8%) | loss: 4.538156 | lrm: 0.34 | dt: 95ms | tok/sec: 10,804 | mfu: 0.0% | epoch: 1 | remaining: 51s    
step 02636 (82.9%) | loss: 4.521265 | lrm: 0.34 | dt: 80ms | tok/sec: 12,776 | mfu: 0.0% | epoch: 1 | remaining: 51s    
step 02637 (82.9%) | loss: 4.503033 | lrm: 0.34 | dt: 107ms | tok/sec: 9,563 | mfu: 0.0% | epoch: 1 | remaining: 51s    
step 02638 (82.9%) | loss: 4.502124 | lrm: 0.34 | dt: 92ms | tok/sec: 11,096 | mfu: 0.0% | epoch: 1 | remaining: 51s    
step 02639 (83.0%) | loss: 4.514350 | lrm: 0.34 | dt: 93ms | tok/sec: 11,003 | mfu: 0.0% | epoch: 1 | remaining: 51s    
step 02640 (83.0%) | loss: 4.508704 | lrm: 0.34 | dt: 94ms | tok/sec: 10,867 | mfu: 0.0% | epoch: 1 | remaining: 51s    
step 02641 (83.0%) | loss: 4.491900 | lrm: 0.34 | dt: 85ms | tok/sec: 12,080 | mfu: 0.0% | epoch: 1 | remaining: 51s    
step 02642 (83.1%) | loss: 4.465977 | lrm: 0.34 | dt: 110ms | tok/sec: 9,324 | mfu: 0.0% | epoch: 1 | remaining: 51s    
step 02643 (83.1%) | loss: 4.443560 | lrm: 0.34 | dt: 84ms | tok/sec: 12,148 | mfu: 0.0% | epoch: 1 | remaining: 51s    
step 02644 (83.1%) | loss: 4.455905 | lrm: 0.34 | dt: 98ms | tok/sec: 10,423 | mfu: 0.0% | epoch: 1 | remaining: 51s    
step 02645 (83.2%) | loss: 4.466849 | lrm: 0.34 | dt: 97ms | tok/sec: 10,522 | mfu: 0.0% | epoch: 1 | remaining: 50s    
step 02646 (83.2%) | loss: 4.478881 | lrm: 0.34 | dt: 83ms | tok/sec: 12,387 | mfu: 0.0% | epoch: 1 | remaining: 50s    
step 02647 (83.2%) | loss: 4.498352 | lrm: 0.34 | dt: 96ms | tok/sec: 10,720 | mfu: 0.0% | epoch: 1 | remaining: 50s    
step 02648 (83.3%) | loss: 4.526220 | lrm: 0.33 | dt: 101ms | tok/sec: 10,128 | mfu: 0.0% | epoch: 1 | remaining: 50s    
step 02649 (83.3%) | loss: 4.566673 | lrm: 0.33 | dt: 93ms | tok/sec: 11,023 | mfu: 0.0% | epoch: 1 | remaining: 50s    
step 02650 (83.3%) | loss: 4.607495 | lrm: 0.33 | dt: 91ms | tok/sec: 11,283 | mfu: 0.0% | epoch: 1 | remaining: 50s    
step 02651 (83.3%) | loss: 4.662523 | lrm: 0.33 | dt: 88ms | tok/sec: 11,606 | mfu: 0.0% | epoch: 1 | remaining: 50s    
step 02652 (83.4%) | loss: 4.677764 | lrm: 0.33 | dt: 125ms | tok/sec: 8,199 | mfu: 0.0% | epoch: 1 | remaining: 50s    
step 02653 (83.4%) | loss: 4.705254 | lrm: 0.33 | dt: 95ms | tok/sec: 10,771 | mfu: 0.0% | epoch: 1 | remaining: 50s    
step 02654 (83.5%) | loss: 4.719797 | lrm: 0.33 | dt: 99ms | tok/sec: 10,335 | mfu: 0.0% | epoch: 1 | remaining: 50s    
step 02655 (83.5%) | loss: 4.742901 | lrm: 0.33 | dt: 96ms | tok/sec: 10,693 | mfu: 0.0% | epoch: 1 | remaining: 49s    
step 02656 (83.5%) | loss: 4.734436 | lrm: 0.33 | dt: 97ms | tok/sec: 10,530 | mfu: 0.0% | epoch: 1 | remaining: 49s    
step 02657 (83.5%) | loss: 4.729800 | lrm: 0.33 | dt: 103ms | tok/sec: 9,986 | mfu: 0.0% | epoch: 1 | remaining: 49s    
step 02658 (83.6%) | loss: 4.753745 | lrm: 0.33 | dt: 91ms | tok/sec: 11,288 | mfu: 0.0% | epoch: 1 | remaining: 49s    
step 02659 (83.6%) | loss: 4.765065 | lrm: 0.33 | dt: 104ms | tok/sec: 9,816 | mfu: 0.0% | epoch: 1 | remaining: 49s    
step 02660 (83.6%) | loss: 4.736074 | lrm: 0.33 | dt: 85ms | tok/sec: 12,102 | mfu: 0.0% | epoch: 1 | remaining: 49s    
step 02661 (83.7%) | loss: 4.743732 | lrm: 0.33 | dt: 120ms | tok/sec: 8,524 | mfu: 0.0% | epoch: 1 | remaining: 49s    
step 02662 (83.7%) | loss: 4.736844 | lrm: 0.33 | dt: 86ms | tok/sec: 11,971 | mfu: 0.0% | epoch: 1 | remaining: 49s    
step 02663 (83.7%) | loss: 4.733144 | lrm: 0.33 | dt: 105ms | tok/sec: 9,745 | mfu: 0.0% | epoch: 1 | remaining: 49s    
step 02664 (83.8%) | loss: 4.730854 | lrm: 0.32 | dt: 103ms | tok/sec: 9,957 | mfu: 0.0% | epoch: 1 | remaining: 49s    
step 02665 (83.8%) | loss: 4.733526 | lrm: 0.32 | dt: 98ms | tok/sec: 10,409 | mfu: 0.0% | epoch: 1 | remaining: 48s    
step 02666 (83.8%) | loss: 4.749260 | lrm: 0.32 | dt: 101ms | tok/sec: 10,089 | mfu: 0.0% | epoch: 1 | remaining: 48s    
step 02667 (83.9%) | loss: 4.768127 | lrm: 0.32 | dt: 100ms | tok/sec: 10,225 | mfu: 0.0% | epoch: 1 | remaining: 48s    
step 02668 (83.9%) | loss: 4.796586 | lrm: 0.32 | dt: 93ms | tok/sec: 10,964 | mfu: 0.0% | epoch: 1 | remaining: 48s    
step 02669 (83.9%) | loss: 4.784941 | lrm: 0.32 | dt: 89ms | tok/sec: 11,496 | mfu: 0.0% | epoch: 1 | remaining: 48s    
step 02670 (84.0%) | loss: 4.779884 | lrm: 0.32 | dt: 110ms | tok/sec: 9,324 | mfu: 0.0% | epoch: 1 | remaining: 48s    
step 02671 (84.0%) | loss: 4.793154 | lrm: 0.32 | dt: 99ms | tok/sec: 10,343 | mfu: 0.0% | epoch: 1 | remaining: 48s    
step 02672 (84.0%) | loss: 4.817964 | lrm: 0.32 | dt: 97ms | tok/sec: 10,517 | mfu: 0.0% | epoch: 1 | remaining: 48s    
step 02673 (84.1%) | loss: 4.833949 | lrm: 0.32 | dt: 97ms | tok/sec: 10,604 | mfu: 0.0% | epoch: 1 | remaining: 48s    
step 02674 (84.1%) | loss: 4.826327 | lrm: 0.32 | dt: 98ms | tok/sec: 10,462 | mfu: 0.0% | epoch: 1 | remaining: 48s    
step 02675 (84.1%) | loss: 4.856774 | lrm: 0.32 | dt: 100ms | tok/sec: 10,247 | mfu: 0.0% | epoch: 1 | remaining: 47s    
step 02676 (84.2%) | loss: 4.867303 | lrm: 0.32 | dt: 97ms | tok/sec: 10,527 | mfu: 0.0% | epoch: 1 | remaining: 47s    
step 02677 (84.2%) | loss: 4.852511 | lrm: 0.32 | dt: 94ms | tok/sec: 10,867 | mfu: 0.0% | epoch: 1 | remaining: 47s    
step 02678 (84.2%) | loss: 4.856674 | lrm: 0.32 | dt: 91ms | tok/sec: 11,225 | mfu: 0.0% | epoch: 1 | remaining: 47s    
step 02679 (84.3%) | loss: 4.855411 | lrm: 0.31 | dt: 93ms | tok/sec: 11,026 | mfu: 0.0% | epoch: 1 | remaining: 47s    
step 02680 (84.3%) | loss: 4.843750 | lrm: 0.31 | dt: 98ms | tok/sec: 10,437 | mfu: 0.0% | epoch: 1 | remaining: 47s    
step 02681 (84.3%) | loss: 4.806826 | lrm: 0.31 | dt: 96ms | tok/sec: 10,674 | mfu: 0.0% | epoch: 1 | remaining: 47s    
step 02682 (84.4%) | loss: 4.765581 | lrm: 0.31 | dt: 103ms | tok/sec: 9,917 | mfu: 0.0% | epoch: 1 | remaining: 47s    
step 02683 (84.4%) | loss: 4.746135 | lrm: 0.31 | dt: 100ms | tok/sec: 10,200 | mfu: 0.0% | epoch: 1 | remaining: 47s    
step 02684 (84.4%) | loss: 4.748177 | lrm: 0.31 | dt: 101ms | tok/sec: 10,110 | mfu: 0.0% | epoch: 1 | remaining: 47s    
step 02685 (84.5%) | loss: 4.751960 | lrm: 0.31 | dt: 96ms | tok/sec: 10,653 | mfu: 0.0% | epoch: 1 | remaining: 47s    
step 02686 (84.5%) | loss: 4.766704 | lrm: 0.31 | dt: 94ms | tok/sec: 10,868 | mfu: 0.0% | epoch: 1 | remaining: 46s    
step 02687 (84.5%) | loss: 4.764578 | lrm: 0.31 | dt: 96ms | tok/sec: 10,695 | mfu: 0.0% | epoch: 1 | remaining: 46s    
step 02688 (84.6%) | loss: 4.782138 | lrm: 0.31 | dt: 88ms | tok/sec: 11,630 | mfu: 0.0% | epoch: 1 | remaining: 46s    
step 02689 (84.6%) | loss: 4.777066 | lrm: 0.31 | dt: 105ms | tok/sec: 9,739 | mfu: 0.0% | epoch: 1 | remaining: 46s    
step 02690 (84.6%) | loss: 4.776035 | lrm: 0.31 | dt: 99ms | tok/sec: 10,378 | mfu: 0.0% | epoch: 1 | remaining: 46s    
step 02691 (84.7%) | loss: 4.800911 | lrm: 0.31 | dt: 91ms | tok/sec: 11,241 | mfu: 0.0% | epoch: 1 | remaining: 46s    
step 02692 (84.7%) | loss: 4.780872 | lrm: 0.31 | dt: 103ms | tok/sec: 9,916 | mfu: 0.0% | epoch: 1 | remaining: 46s    
step 02693 (84.7%) | loss: 4.796881 | lrm: 0.31 | dt: 95ms | tok/sec: 10,753 | mfu: 0.0% | epoch: 1 | remaining: 46s    
step 02694 (84.8%) | loss: 4.800738 | lrm: 0.30 | dt: 100ms | tok/sec: 10,273 | mfu: 0.0% | epoch: 1 | remaining: 46s    
step 02695 (84.8%) | loss: 4.801790 | lrm: 0.30 | dt: 86ms | tok/sec: 11,969 | mfu: 0.0% | epoch: 1 | remaining: 46s    
step 02696 (84.8%) | loss: 4.797026 | lrm: 0.30 | dt: 95ms | tok/sec: 10,756 | mfu: 0.0% | epoch: 1 | remaining: 45s    
step 02697 (84.8%) | loss: 4.788412 | lrm: 0.30 | dt: 109ms | tok/sec: 9,426 | mfu: 0.0% | epoch: 1 | remaining: 45s    
step 02698 (84.9%) | loss: 4.786711 | lrm: 0.30 | dt: 87ms | tok/sec: 11,739 | mfu: 0.0% | epoch: 1 | remaining: 45s    
step 02699 (84.9%) | loss: 4.794759 | lrm: 0.30 | dt: 94ms | tok/sec: 10,846 | mfu: 0.0% | epoch: 1 | remaining: 45s    
step 02700 (84.9%) | loss: 4.783148 | lrm: 0.30 | dt: 108ms | tok/sec: 9,511 | mfu: 0.0% | epoch: 1 | remaining: 45s    
step 02701 (85.0%) | loss: 4.778534 | lrm: 0.30 | dt: 97ms | tok/sec: 10,594 | mfu: 0.0% | epoch: 1 | remaining: 45s    
step 02702 (85.0%) | loss: 4.780822 | lrm: 0.30 | dt: 102ms | tok/sec: 10,039 | mfu: 0.0% | epoch: 1 | remaining: 45s    
step 02703 (85.0%) | loss: 4.781862 | lrm: 0.30 | dt: 99ms | tok/sec: 10,302 | mfu: 0.0% | epoch: 1 | remaining: 45s    
step 02704 (85.1%) | loss: 4.760402 | lrm: 0.30 | dt: 96ms | tok/sec: 10,626 | mfu: 0.0% | epoch: 1 | remaining: 45s    
step 02705 (85.1%) | loss: 4.757975 | lrm: 0.30 | dt: 99ms | tok/sec: 10,386 | mfu: 0.0% | epoch: 1 | remaining: 45s    
step 02706 (85.1%) | loss: 4.749369 | lrm: 0.30 | dt: 88ms | tok/sec: 11,665 | mfu: 0.0% | epoch: 1 | remaining: 44s    
step 02707 (85.2%) | loss: 4.746346 | lrm: 0.30 | dt: 108ms | tok/sec: 9,495 | mfu: 0.0% | epoch: 1 | remaining: 44s    
step 02708 (85.2%) | loss: 4.716940 | lrm: 0.30 | dt: 92ms | tok/sec: 11,123 | mfu: 0.0% | epoch: 1 | remaining: 44s    
step 02709 (85.2%) | loss: 4.702172 | lrm: 0.30 | dt: 93ms | tok/sec: 11,034 | mfu: 0.0% | epoch: 1 | remaining: 44s    
step 02710 (85.3%) | loss: 4.682062 | lrm: 0.29 | dt: 93ms | tok/sec: 11,065 | mfu: 0.0% | epoch: 1 | remaining: 44s    
step 02711 (85.3%) | loss: 4.693874 | lrm: 0.29 | dt: 91ms | tok/sec: 11,193 | mfu: 0.0% | epoch: 1 | remaining: 44s    
step 02712 (85.3%) | loss: 4.668507 | lrm: 0.29 | dt: 94ms | tok/sec: 10,924 | mfu: 0.0% | epoch: 1 | remaining: 44s    
step 02713 (85.4%) | loss: 4.667549 | lrm: 0.29 | dt: 89ms | tok/sec: 11,476 | mfu: 0.0% | epoch: 1 | remaining: 44s    
step 02714 (85.4%) | loss: 4.666238 | lrm: 0.29 | dt: 95ms | tok/sec: 10,754 | mfu: 0.0% | epoch: 1 | remaining: 44s    
step 02715 (85.4%) | loss: 4.651180 | lrm: 0.29 | dt: 79ms | tok/sec: 12,885 | mfu: 0.0% | epoch: 1 | remaining: 44s    
step 02716 (85.5%) | loss: 4.654136 | lrm: 0.29 | dt: 96ms | tok/sec: 10,703 | mfu: 0.0% | epoch: 1 | remaining: 44s    
step 02717 (85.5%) | loss: 4.649139 | lrm: 0.29 | dt: 95ms | tok/sec: 10,723 | mfu: 0.0% | epoch: 1 | remaining: 43s    
step 02718 (85.5%) | loss: 4.654109 | lrm: 0.29 | dt: 95ms | tok/sec: 10,779 | mfu: 0.0% | epoch: 1 | remaining: 43s    
step 02719 (85.5%) | loss: 4.681450 | lrm: 0.29 | dt: 101ms | tok/sec: 10,109 | mfu: 0.0% | epoch: 1 | remaining: 43s    
step 02720 (85.6%) | loss: 4.694505 | lrm: 0.29 | dt: 95ms | tok/sec: 10,723 | mfu: 0.0% | epoch: 1 | remaining: 43s    
step 02721 (85.6%) | loss: 4.688478 | lrm: 0.29 | dt: 82ms | tok/sec: 12,467 | mfu: 0.0% | epoch: 1 | remaining: 43s    
step 02722 (85.6%) | loss: 4.673636 | lrm: 0.29 | dt: 100ms | tok/sec: 10,226 | mfu: 0.0% | epoch: 1 | remaining: 43s    
step 02723 (85.7%) | loss: 4.650650 | lrm: 0.29 | dt: 97ms | tok/sec: 10,542 | mfu: 0.0% | epoch: 1 | remaining: 43s    
step 02724 (85.7%) | loss: 4.629807 | lrm: 0.29 | dt: 94ms | tok/sec: 10,949 | mfu: 0.0% | epoch: 1 | remaining: 43s    
step 02725 (85.7%) | loss: 4.583227 | lrm: 0.29 | dt: 93ms | tok/sec: 11,050 | mfu: 0.0% | epoch: 1 | remaining: 43s    
step 02726 (85.8%) | loss: 4.563443 | lrm: 0.28 | dt: 91ms | tok/sec: 11,269 | mfu: 0.0% | epoch: 1 | remaining: 43s    
step 02727 (85.8%) | loss: 4.536669 | lrm: 0.28 | dt: 95ms | tok/sec: 10,752 | mfu: 0.0% | epoch: 1 | remaining: 43s    
step 02728 (85.8%) | loss: 4.537792 | lrm: 0.28 | dt: 91ms | tok/sec: 11,274 | mfu: 0.0% | epoch: 1 | remaining: 42s    
step 02729 (85.9%) | loss: 4.540014 | lrm: 0.28 | dt: 105ms | tok/sec: 9,755 | mfu: 0.0% | epoch: 1 | remaining: 42s    
step 02730 (85.9%) | loss: 4.553579 | lrm: 0.28 | dt: 84ms | tok/sec: 12,236 | mfu: 0.0% | epoch: 1 | remaining: 42s    
step 02731 (85.9%) | loss: 4.543270 | lrm: 0.28 | dt: 95ms | tok/sec: 10,737 | mfu: 0.0% | epoch: 1 | remaining: 42s    
step 02732 (86.0%) | loss: 4.521975 | lrm: 0.28 | dt: 95ms | tok/sec: 10,741 | mfu: 0.0% | epoch: 1 | remaining: 42s    
step 02733 (86.0%) | loss: 4.503964 | lrm: 0.28 | dt: 104ms | tok/sec: 9,892 | mfu: 0.0% | epoch: 1 | remaining: 42s    
step 02734 (86.0%) | loss: 4.469776 | lrm: 0.28 | dt: 78ms | tok/sec: 13,120 | mfu: 0.0% | epoch: 1 | remaining: 42s    
step 02735 (86.0%) | loss: 4.438531 | lrm: 0.28 | dt: 105ms | tok/sec: 9,743 | mfu: 0.0% | epoch: 1 | remaining: 42s    
step 02736 (86.1%) | loss: 4.403234 | lrm: 0.28 | dt: 95ms | tok/sec: 10,765 | mfu: 0.0% | epoch: 1 | remaining: 42s    
step 02737 (86.1%) | loss: 4.383977 | lrm: 0.28 | dt: 83ms | tok/sec: 12,307 | mfu: 0.0% | epoch: 1 | remaining: 42s    
step 02738 (86.1%) | loss: 4.386206 | lrm: 0.28 | dt: 105ms | tok/sec: 9,731 | mfu: 0.0% | epoch: 1 | remaining: 41s    
step 02739 (86.2%) | loss: 4.397770 | lrm: 0.28 | dt: 93ms | tok/sec: 10,986 | mfu: 0.0% | epoch: 1 | remaining: 41s    
step 02740 (86.2%) | loss: 4.410668 | lrm: 0.28 | dt: 96ms | tok/sec: 10,677 | mfu: 0.0% | epoch: 1 | remaining: 41s    
step 02741 (86.2%) | loss: 4.422605 | lrm: 0.28 | dt: 87ms | tok/sec: 11,727 | mfu: 0.0% | epoch: 1 | remaining: 41s    
step 02742 (86.3%) | loss: 4.445079 | lrm: 0.27 | dt: 96ms | tok/sec: 10,644 | mfu: 0.0% | epoch: 1 | remaining: 41s    
step 02743 (86.3%) | loss: 4.438807 | lrm: 0.27 | dt: 94ms | tok/sec: 10,865 | mfu: 0.0% | epoch: 1 | remaining: 41s    
step 02744 (86.3%) | loss: 4.436647 | lrm: 0.27 | dt: 77ms | tok/sec: 13,241 | mfu: 0.0% | epoch: 1 | remaining: 41s    
step 02745 (86.4%) | loss: 4.443900 | lrm: 0.27 | dt: 114ms | tok/sec: 8,983 | mfu: 0.0% | epoch: 1 | remaining: 41s    
step 02746 (86.4%) | loss: 4.435809 | lrm: 0.27 | dt: 87ms | tok/sec: 11,779 | mfu: 0.0% | epoch: 1 | remaining: 41s    
step 02747 (86.4%) | loss: 4.394188 | lrm: 0.27 | dt: 97ms | tok/sec: 10,557 | mfu: 0.0% | epoch: 1 | remaining: 41s    
step 02748 (86.5%) | loss: 4.378955 | lrm: 0.27 | dt: 91ms | tok/sec: 11,233 | mfu: 0.0% | epoch: 1 | remaining: 41s    
step 02749 (86.5%) | loss: 4.341142 | lrm: 0.27 | dt: 80ms | tok/sec: 12,880 | mfu: 0.0% | epoch: 1 | remaining: 40s    
step 02750 (86.5%) | loss: 4.326082 | lrm: 0.27 | dt: 105ms | tok/sec: 9,723 | mfu: 0.0% | epoch: 1 | remaining: 40s    
step 02751 (86.5%) | loss: 4.286537 | lrm: 0.27 | dt: 79ms | tok/sec: 12,972 | mfu: 0.0% | epoch: 1 | remaining: 40s    
step 02752 (86.6%) | loss: 4.262131 | lrm: 0.27 | dt: 101ms | tok/sec: 10,159 | mfu: 0.0% | epoch: 1 | remaining: 40s    
step 02753 (86.6%) | loss: 4.218557 | lrm: 0.27 | dt: 96ms | tok/sec: 10,691 | mfu: 0.0% | epoch: 1 | remaining: 40s    
step 02754 (86.6%) | loss: 4.202324 | lrm: 0.27 | dt: 97ms | tok/sec: 10,609 | mfu: 0.0% | epoch: 1 | remaining: 40s    
step 02755 (86.7%) | loss: 4.168746 | lrm: 0.27 | dt: 93ms | tok/sec: 11,005 | mfu: 0.0% | epoch: 1 | remaining: 40s    
step 02756 (86.7%) | loss: 4.176284 | lrm: 0.27 | dt: 81ms | tok/sec: 12,667 | mfu: 0.0% | epoch: 1 | remaining: 40s    
step 02757 (86.7%) | loss: 4.165534 | lrm: 0.27 | dt: 111ms | tok/sec: 9,242 | mfu: 0.0% | epoch: 1 | remaining: 40s    
step 02758 (86.8%) | loss: 4.172369 | lrm: 0.26 | dt: 95ms | tok/sec: 10,795 | mfu: 0.0% | epoch: 1 | remaining: 40s    
step 02759 (86.8%) | loss: 4.179231 | lrm: 0.26 | dt: 91ms | tok/sec: 11,208 | mfu: 0.0% | epoch: 1 | remaining: 40s    
step 02760 (86.8%) | loss: 4.188651 | lrm: 0.26 | dt: 83ms | tok/sec: 12,303 | mfu: 0.0% | epoch: 1 | remaining: 39s    
step 02761 (86.9%) | loss: 4.191432 | lrm: 0.26 | dt: 101ms | tok/sec: 10,187 | mfu: 0.0% | epoch: 1 | remaining: 39s    
step 02762 (86.9%) | loss: 4.219393 | lrm: 0.26 | dt: 92ms | tok/sec: 11,128 | mfu: 0.0% | epoch: 1 | remaining: 39s    
step 02763 (86.9%) | loss: 4.244166 | lrm: 0.26 | dt: 79ms | tok/sec: 12,972 | mfu: 0.0% | epoch: 1 | remaining: 39s    
step 02764 (86.9%) | loss: 4.269608 | lrm: 0.26 | dt: 95ms | tok/sec: 10,807 | mfu: 0.0% | epoch: 1 | remaining: 39s    
step 02765 (87.0%) | loss: 4.224924 | lrm: 0.26 | dt: 94ms | tok/sec: 10,848 | mfu: 0.0% | epoch: 1 | remaining: 39s    
step 02766 (87.0%) | loss: 4.194132 | lrm: 0.26 | dt: 93ms | tok/sec: 11,049 | mfu: 0.0% | epoch: 1 | remaining: 39s    
step 02767 (87.0%) | loss: 4.185393 | lrm: 0.26 | dt: 95ms | tok/sec: 10,774 | mfu: 0.0% | epoch: 1 | remaining: 39s    
step 02768 (87.1%) | loss: 4.199549 | lrm: 0.26 | dt: 97ms | tok/sec: 10,566 | mfu: 0.0% | epoch: 1 | remaining: 39s    
step 02769 (87.1%) | loss: 4.178435 | lrm: 0.26 | dt: 100ms | tok/sec: 10,235 | mfu: 0.0% | epoch: 1 | remaining: 39s    
step 02770 (87.1%) | loss: 4.183054 | lrm: 0.26 | dt: 85ms | tok/sec: 12,075 | mfu: 0.0% | epoch: 1 | remaining: 38s    
step 02771 (87.2%) | loss: 4.245838 | lrm: 0.26 | dt: 98ms | tok/sec: 10,420 | mfu: 0.0% | epoch: 1 | remaining: 38s    
step 02772 (87.2%) | loss: 4.296304 | lrm: 0.26 | dt: 100ms | tok/sec: 10,209 | mfu: 0.0% | epoch: 1 | remaining: 38s    
step 02773 (87.2%) | loss: 4.306816 | lrm: 0.26 | dt: 98ms | tok/sec: 10,463 | mfu: 0.0% | epoch: 1 | remaining: 38s    
step 02774 (87.3%) | loss: 4.312947 | lrm: 0.25 | dt: 94ms | tok/sec: 10,837 | mfu: 0.0% | epoch: 1 | remaining: 38s    
step 02775 (87.3%) | loss: 4.304076 | lrm: 0.25 | dt: 97ms | tok/sec: 10,565 | mfu: 0.0% | epoch: 1 | remaining: 38s    
step 02776 (87.3%) | loss: 4.294609 | lrm: 0.25 | dt: 92ms | tok/sec: 11,094 | mfu: 0.0% | epoch: 1 | remaining: 38s    
step 02777 (87.4%) | loss: 4.308872 | lrm: 0.25 | dt: 94ms | tok/sec: 10,849 | mfu: 0.0% | epoch: 1 | remaining: 38s    
step 02778 (87.4%) | loss: 4.299241 | lrm: 0.25 | dt: 92ms | tok/sec: 11,189 | mfu: 0.0% | epoch: 1 | remaining: 38s    
step 02779 (87.4%) | loss: 4.307386 | lrm: 0.25 | dt: 88ms | tok/sec: 11,602 | mfu: 0.0% | epoch: 1 | remaining: 38s    
step 02780 (87.5%) | loss: 4.305200 | lrm: 0.25 | dt: 95ms | tok/sec: 10,813 | mfu: 0.0% | epoch: 1 | remaining: 38s    
step 02781 (87.5%) | loss: 4.327712 | lrm: 0.25 | dt: 96ms | tok/sec: 10,695 | mfu: 0.0% | epoch: 1 | remaining: 37s    
step 02782 (87.5%) | loss: 4.340880 | lrm: 0.25 | dt: 94ms | tok/sec: 10,875 | mfu: 0.0% | epoch: 1 | remaining: 37s    
step 02783 (87.5%) | loss: 4.365746 | lrm: 0.25 | dt: 95ms | tok/sec: 10,797 | mfu: 0.0% | epoch: 1 | remaining: 37s    
step 02784 (87.6%) | loss: 4.374310 | lrm: 0.25 | dt: 82ms | tok/sec: 12,452 | mfu: 0.0% | epoch: 1 | remaining: 37s    
step 02785 (87.6%) | loss: 4.373616 | lrm: 0.25 | dt: 100ms | tok/sec: 10,257 | mfu: 0.0% | epoch: 1 | remaining: 37s    
step 02786 (87.6%) | loss: 4.374224 | lrm: 0.25 | dt: 79ms | tok/sec: 12,970 | mfu: 0.0% | epoch: 1 | remaining: 37s    
step 02787 (87.7%) | loss: 4.378389 | lrm: 0.25 | dt: 106ms | tok/sec: 9,660 | mfu: 0.0% | epoch: 1 | remaining: 37s    
step 02788 (87.7%) | loss: 4.404184 | lrm: 0.25 | dt: 89ms | tok/sec: 11,500 | mfu: 0.0% | epoch: 1 | remaining: 37s    
step 02789 (87.7%) | loss: 4.432401 | lrm: 0.25 | dt: 95ms | tok/sec: 10,809 | mfu: 0.0% | epoch: 1 | remaining: 37s    
step 02790 (87.8%) | loss: 4.461040 | lrm: 0.24 | dt: 92ms | tok/sec: 11,107 | mfu: 0.0% | epoch: 1 | remaining: 37s    
step 02791 (87.8%) | loss: 4.497750 | lrm: 0.24 | dt: 95ms | tok/sec: 10,835 | mfu: 0.0% | epoch: 1 | remaining: 37s    
step 02792 (87.8%) | loss: 4.517213 | lrm: 0.24 | dt: 80ms | tok/sec: 12,794 | mfu: 0.0% | epoch: 1 | remaining: 36s    
step 02793 (87.9%) | loss: 4.532116 | lrm: 0.24 | dt: 100ms | tok/sec: 10,287 | mfu: 0.0% | epoch: 1 | remaining: 36s    
step 02794 (87.9%) | loss: 4.547101 | lrm: 0.24 | dt: 94ms | tok/sec: 10,913 | mfu: 0.0% | epoch: 1 | remaining: 36s    
step 02795 (87.9%) | loss: 4.569471 | lrm: 0.24 | dt: 95ms | tok/sec: 10,788 | mfu: 0.0% | epoch: 1 | remaining: 36s    
step 02796 (87.9%) | loss: 4.593694 | lrm: 0.24 | dt: 103ms | tok/sec: 9,937 | mfu: 0.0% | epoch: 1 | remaining: 36s    
step 02797 (88.0%) | loss: 4.629700 | lrm: 0.24 | dt: 87ms | tok/sec: 11,740 | mfu: 0.0% | epoch: 1 | remaining: 36s    
step 02798 (88.0%) | loss: 4.651523 | lrm: 0.24 | dt: 99ms | tok/sec: 10,360 | mfu: 0.0% | epoch: 1 | remaining: 36s    
step 02799 (88.0%) | loss: 4.682899 | lrm: 0.24 | dt: 88ms | tok/sec: 11,687 | mfu: 0.0% | epoch: 1 | remaining: 36s    
step 02800 (88.1%) | loss: 4.731337 | lrm: 0.24 | dt: 102ms | tok/sec: 10,007 | mfu: 0.0% | epoch: 1 | remaining: 36s    
step 02801 (88.1%) | loss: 4.763765 | lrm: 0.24 | dt: 78ms | tok/sec: 13,099 | mfu: 0.0% | epoch: 1 | remaining: 36s    
step 02802 (88.1%) | loss: 4.723432 | lrm: 0.24 | dt: 93ms | tok/sec: 10,960 | mfu: 0.0% | epoch: 1 | remaining: 36s    
step 02803 (88.2%) | loss: 4.671424 | lrm: 0.24 | dt: 107ms | tok/sec: 9,602 | mfu: 0.0% | epoch: 1 | remaining: 35s    
step 02804 (88.2%) | loss: 4.662707 | lrm: 0.24 | dt: 91ms | tok/sec: 11,278 | mfu: 0.0% | epoch: 1 | remaining: 35s    
step 02805 (88.2%) | loss: 4.645986 | lrm: 0.24 | dt: 87ms | tok/sec: 11,761 | mfu: 0.0% | epoch: 1 | remaining: 35s    
step 02806 (88.3%) | loss: 4.692556 | lrm: 0.23 | dt: 94ms | tok/sec: 10,946 | mfu: 0.0% | epoch: 1 | remaining: 35s    
step 02807 (88.3%) | loss: 4.720257 | lrm: 0.23 | dt: 99ms | tok/sec: 10,349 | mfu: 0.0% | epoch: 1 | remaining: 35s    
step 02808 (88.3%) | loss: 4.736402 | lrm: 0.23 | dt: 91ms | tok/sec: 11,287 | mfu: 0.0% | epoch: 1 | remaining: 35s    
step 02809 (88.4%) | loss: 4.724201 | lrm: 0.23 | dt: 101ms | tok/sec: 10,155 | mfu: 0.0% | epoch: 1 | remaining: 35s    
step 02810 (88.4%) | loss: 4.726764 | lrm: 0.23 | dt: 95ms | tok/sec: 10,777 | mfu: 0.0% | epoch: 1 | remaining: 35s    
step 02811 (88.4%) | loss: 4.721830 | lrm: 0.23 | dt: 96ms | tok/sec: 10,702 | mfu: 0.0% | epoch: 1 | remaining: 35s    
step 02812 (88.5%) | loss: 4.727436 | lrm: 0.23 | dt: 95ms | tok/sec: 10,767 | mfu: 0.0% | epoch: 1 | remaining: 35s    
step 02813 (88.5%) | loss: 4.695420 | lrm: 0.23 | dt: 89ms | tok/sec: 11,511 | mfu: 0.0% | epoch: 1 | remaining: 34s    
step 02814 (88.5%) | loss: 4.651715 | lrm: 0.23 | dt: 87ms | tok/sec: 11,797 | mfu: 0.0% | epoch: 1 | remaining: 34s    
step 02815 (88.5%) | loss: 4.633691 | lrm: 0.23 | dt: 98ms | tok/sec: 10,471 | mfu: 0.0% | epoch: 1 | remaining: 34s    
step 02816 (88.6%) | loss: 4.610834 | lrm: 0.23 | dt: 99ms | tok/sec: 10,393 | mfu: 0.0% | epoch: 1 | remaining: 34s    
step 02817 (88.6%) | loss: 4.582241 | lrm: 0.23 | dt: 94ms | tok/sec: 10,932 | mfu: 0.0% | epoch: 1 | remaining: 34s    
step 02818 (88.6%) | loss: 4.570700 | lrm: 0.23 | dt: 94ms | tok/sec: 10,880 | mfu: 0.0% | epoch: 1 | remaining: 34s    
step 02819 (88.7%) | loss: 4.578970 | lrm: 0.23 | dt: 77ms | tok/sec: 13,235 | mfu: 0.0% | epoch: 1 | remaining: 34s    
step 02820 (88.7%) | loss: 4.580141 | lrm: 0.23 | dt: 85ms | tok/sec: 12,075 | mfu: 0.0% | epoch: 1 | remaining: 34s    
step 02821 (88.7%) | loss: 4.576492 | lrm: 0.23 | dt: 95ms | tok/sec: 10,799 | mfu: 0.0% | epoch: 1 | remaining: 34s    
step 02822 (88.8%) | loss: 4.558333 | lrm: 0.22 | dt: 87ms | tok/sec: 11,770 | mfu: 0.0% | epoch: 1 | remaining: 34s    
step 02823 (88.8%) | loss: 4.518121 | lrm: 0.22 | dt: 97ms | tok/sec: 10,523 | mfu: 0.0% | epoch: 1 | remaining: 34s    
step 02824 (88.8%) | loss: 4.512038 | lrm: 0.22 | dt: 90ms | tok/sec: 11,335 | mfu: 0.0% | epoch: 1 | remaining: 33s    
step 02825 (88.8%) | loss: 4.476574 | lrm: 0.22 | dt: 101ms | tok/sec: 10,136 | mfu: 0.0% | epoch: 1 | remaining: 33s    
step 02826 (88.9%) | loss: 4.464287 | lrm: 0.22 | dt: 85ms | tok/sec: 12,012 | mfu: 0.0% | epoch: 1 | remaining: 33s    
step 02827 (88.9%) | loss: 4.489511 | lrm: 0.22 | dt: 95ms | tok/sec: 10,806 | mfu: 0.0% | epoch: 1 | remaining: 33s    
step 02828 (88.9%) | loss: 4.478337 | lrm: 0.22 | dt: 95ms | tok/sec: 10,810 | mfu: 0.0% | epoch: 1 | remaining: 33s    
step 02829 (89.0%) | loss: 4.459498 | lrm: 0.22 | dt: 99ms | tok/sec: 10,342 | mfu: 0.0% | epoch: 1 | remaining: 33s    
step 02830 (89.0%) | loss: 4.476042 | lrm: 0.22 | dt: 102ms | tok/sec: 10,003 | mfu: 0.0% | epoch: 1 | remaining: 33s    
step 02831 (89.0%) | loss: 4.474332 | lrm: 0.22 | dt: 86ms | tok/sec: 11,852 | mfu: 0.0% | epoch: 1 | remaining: 33s    
step 02832 (89.1%) | loss: 4.462972 | lrm: 0.22 | dt: 104ms | tok/sec: 9,852 | mfu: 0.0% | epoch: 1 | remaining: 33s    
step 02833 (89.1%) | loss: 4.433660 | lrm: 0.22 | dt: 91ms | tok/sec: 11,301 | mfu: 0.0% | epoch: 1 | remaining: 33s    
step 02834 (89.1%) | loss: 4.435283 | lrm: 0.22 | dt: 106ms | tok/sec: 9,662 | mfu: 0.0% | epoch: 1 | remaining: 32s    
step 02835 (89.2%) | loss: 4.432374 | lrm: 0.22 | dt: 97ms | tok/sec: 10,532 | mfu: 0.0% | epoch: 1 | remaining: 32s    
step 02836 (89.2%) | loss: 4.420630 | lrm: 0.22 | dt: 78ms | tok/sec: 13,125 | mfu: 0.0% | epoch: 1 | remaining: 32s    
step 02837 (89.2%) | loss: 4.437101 | lrm: 0.22 | dt: 106ms | tok/sec: 9,627 | mfu: 0.0% | epoch: 1 | remaining: 32s    
step 02838 (89.3%) | loss: 4.425016 | lrm: 0.21 | dt: 95ms | tok/sec: 10,835 | mfu: 0.0% | epoch: 1 | remaining: 32s    
step 02839 (89.3%) | loss: 4.446198 | lrm: 0.21 | dt: 85ms | tok/sec: 12,115 | mfu: 0.0% | epoch: 1 | remaining: 32s    
step 02840 (89.3%) | loss: 4.457650 | lrm: 0.21 | dt: 95ms | tok/sec: 10,756 | mfu: 0.0% | epoch: 1 | remaining: 32s    
step 02841 (89.4%) | loss: 4.505506 | lrm: 0.21 | dt: 111ms | tok/sec: 9,206 | mfu: 0.0% | epoch: 1 | remaining: 32s    
step 02842 (89.4%) | loss: 4.514573 | lrm: 0.21 | dt: 95ms | tok/sec: 10,823 | mfu: 0.0% | epoch: 1 | remaining: 32s    
step 02843 (89.4%) | loss: 4.492234 | lrm: 0.21 | dt: 94ms | tok/sec: 10,891 | mfu: 0.0% | epoch: 1 | remaining: 32s    
step 02844 (89.5%) | loss: 4.457510 | lrm: 0.21 | dt: 93ms | tok/sec: 11,063 | mfu: 0.0% | epoch: 1 | remaining: 32s    
step 02845 (89.5%) | loss: 4.422104 | lrm: 0.21 | dt: 82ms | tok/sec: 12,521 | mfu: 0.0% | epoch: 1 | remaining: 31s    
step 02846 (89.5%) | loss: 4.393594 | lrm: 0.21 | dt: 98ms | tok/sec: 10,441 | mfu: 0.0% | epoch: 1 | remaining: 31s    
step 02847 (89.5%) | loss: 4.346655 | lrm: 0.21 | dt: 88ms | tok/sec: 11,637 | mfu: 0.0% | epoch: 1 | remaining: 31s    
step 02848 (89.6%) | loss: 4.321588 | lrm: 0.21 | dt: 101ms | tok/sec: 10,152 | mfu: 0.0% | epoch: 1 | remaining: 31s    
step 02849 (89.6%) | loss: 4.335545 | lrm: 0.21 | dt: 108ms | tok/sec: 9,483 | mfu: 0.0% | epoch: 1 | remaining: 31s    
step 02850 (89.6%) | loss: 4.342940 | lrm: 0.21 | dt: 93ms | tok/sec: 11,040 | mfu: 0.0% | epoch: 1 | remaining: 31s    
step 02851 (89.7%) | loss: 4.369360 | lrm: 0.21 | dt: 87ms | tok/sec: 11,744 | mfu: 0.0% | epoch: 1 | remaining: 31s    
step 02852 (89.7%) | loss: 4.370286 | lrm: 0.21 | dt: 104ms | tok/sec: 9,856 | mfu: 0.0% | epoch: 1 | remaining: 31s    
step 02853 (89.7%) | loss: 4.389012 | lrm: 0.21 | dt: 92ms | tok/sec: 11,133 | mfu: 0.0% | epoch: 2 | remaining: 31s    
step 02854 (89.8%) | loss: 4.426599 | lrm: 0.20 | dt: 99ms | tok/sec: 10,370 | mfu: 0.0% | epoch: 2 | remaining: 31s    
step 02855 (89.8%) | loss: 4.469571 | lrm: 0.20 | dt: 87ms | tok/sec: 11,799 | mfu: 0.0% | epoch: 2 | remaining: 31s    
step 02856 (89.8%) | loss: 4.475698 | lrm: 0.20 | dt: 99ms | tok/sec: 10,317 | mfu: 0.0% | epoch: 2 | remaining: 30s    
step 02857 (89.9%) | loss: 4.480328 | lrm: 0.20 | dt: 98ms | tok/sec: 10,502 | mfu: 0.0% | epoch: 2 | remaining: 30s    
step 02858 (89.9%) | loss: 4.514581 | lrm: 0.20 | dt: 91ms | tok/sec: 11,295 | mfu: 0.0% | epoch: 2 | remaining: 30s    
step 02859 (89.9%) | loss: 4.540101 | lrm: 0.20 | dt: 102ms | tok/sec: 10,068 | mfu: 0.0% | epoch: 2 | remaining: 30s    
step 02860 (90.0%) | loss: 4.562628 | lrm: 0.20 | dt: 94ms | tok/sec: 10,911 | mfu: 0.0% | epoch: 2 | remaining: 30s    
step 02861 (90.0%) | loss: 4.568133 | lrm: 0.20 | dt: 89ms | tok/sec: 11,553 | mfu: 0.0% | epoch: 2 | remaining: 30s    
step 02862 (90.0%) | loss: 4.579724 | lrm: 0.20 | dt: 93ms | tok/sec: 11,035 | mfu: 0.0% | epoch: 2 | remaining: 30s    
step 02863 (90.1%) | loss: 4.581941 | lrm: 0.20 | dt: 92ms | tok/sec: 11,187 | mfu: 0.0% | epoch: 2 | remaining: 30s    
step 02864 (90.1%) | loss: 4.589004 | lrm: 0.20 | dt: 95ms | tok/sec: 10,780 | mfu: 0.0% | epoch: 2 | remaining: 30s    
step 02865 (90.1%) | loss: 4.570505 | lrm: 0.20 | dt: 99ms | tok/sec: 10,332 | mfu: 0.0% | epoch: 2 | remaining: 30s    
step 02866 (90.1%) | loss: 4.571102 | lrm: 0.20 | dt: 91ms | tok/sec: 11,237 | mfu: 0.0% | epoch: 2 | remaining: 29s    
step 02867 (90.2%) | loss: 4.571876 | lrm: 0.20 | dt: 91ms | tok/sec: 11,209 | mfu: 0.0% | epoch: 2 | remaining: 29s    
step 02868 (90.2%) | loss: 4.579500 | lrm: 0.20 | dt: 94ms | tok/sec: 10,866 | mfu: 0.0% | epoch: 2 | remaining: 29s    
step 02869 (90.2%) | loss: 4.665959 | lrm: 0.20 | dt: 94ms | tok/sec: 10,928 | mfu: 0.0% | epoch: 2 | remaining: 29s    
step 02870 (90.3%) | loss: 4.716117 | lrm: 0.19 | dt: 96ms | tok/sec: 10,712 | mfu: 0.0% | epoch: 2 | remaining: 29s    
step 02871 (90.3%) | loss: 4.797855 | lrm: 0.19 | dt: 95ms | tok/sec: 10,751 | mfu: 0.0% | epoch: 2 | remaining: 29s    
step 02872 (90.3%) | loss: 4.841771 | lrm: 0.19 | dt: 104ms | tok/sec: 9,831 | mfu: 0.0% | epoch: 2 | remaining: 29s    
step 02873 (90.4%) | loss: 4.883576 | lrm: 0.19 | dt: 87ms | tok/sec: 11,707 | mfu: 0.0% | epoch: 2 | remaining: 29s    
step 02874 (90.4%) | loss: 4.916493 | lrm: 0.19 | dt: 96ms | tok/sec: 10,708 | mfu: 0.0% | epoch: 2 | remaining: 29s    
step 02875 (90.4%) | loss: 4.937115 | lrm: 0.19 | dt: 95ms | tok/sec: 10,811 | mfu: 0.0% | epoch: 2 | remaining: 29s    
step 02876 (90.5%) | loss: 4.951682 | lrm: 0.19 | dt: 95ms | tok/sec: 10,765 | mfu: 0.0% | epoch: 2 | remaining: 29s    
step 02877 (90.5%) | loss: 4.965247 | lrm: 0.19 | dt: 95ms | tok/sec: 10,736 | mfu: 0.0% | epoch: 2 | remaining: 28s    
step 02878 (90.5%) | loss: 4.976143 | lrm: 0.19 | dt: 86ms | tok/sec: 11,885 | mfu: 0.0% | epoch: 2 | remaining: 28s    
step 02879 (90.6%) | loss: 4.970450 | lrm: 0.19 | dt: 99ms | tok/sec: 10,320 | mfu: 0.0% | epoch: 2 | remaining: 28s    
step 02880 (90.6%) | loss: 4.985200 | lrm: 0.19 | dt: 85ms | tok/sec: 11,984 | mfu: 0.0% | epoch: 2 | remaining: 28s    
step 02881 (90.6%) | loss: 4.964521 | lrm: 0.19 | dt: 95ms | tok/sec: 10,742 | mfu: 0.0% | epoch: 2 | remaining: 28s    
step 02882 (90.6%) | loss: 4.959015 | lrm: 0.19 | dt: 95ms | tok/sec: 10,786 | mfu: 0.0% | epoch: 2 | remaining: 28s    
step 02883 (90.7%) | loss: 4.968658 | lrm: 0.19 | dt: 89ms | tok/sec: 11,539 | mfu: 0.0% | epoch: 2 | remaining: 28s    
step 02884 (90.7%) | loss: 4.989847 | lrm: 0.19 | dt: 93ms | tok/sec: 11,061 | mfu: 0.0% | epoch: 2 | remaining: 28s    
step 02885 (90.7%) | loss: 5.006717 | lrm: 0.19 | dt: 101ms | tok/sec: 10,141 | mfu: 0.0% | epoch: 2 | remaining: 28s    
step 02886 (90.8%) | loss: 5.011018 | lrm: 0.18 | dt: 86ms | tok/sec: 11,882 | mfu: 0.0% | epoch: 2 | remaining: 28s    
step 02887 (90.8%) | loss: 5.052367 | lrm: 0.18 | dt: 100ms | tok/sec: 10,230 | mfu: 0.0% | epoch: 2 | remaining: 27s    
step 02888 (90.8%) | loss: 5.057184 | lrm: 0.18 | dt: 99ms | tok/sec: 10,323 | mfu: 0.0% | epoch: 2 | remaining: 27s    
step 02889 (90.9%) | loss: 5.053115 | lrm: 0.18 | dt: 83ms | tok/sec: 12,383 | mfu: 0.0% | epoch: 2 | remaining: 27s    
step 02890 (90.9%) | loss: 5.022658 | lrm: 0.18 | dt: 95ms | tok/sec: 10,733 | mfu: 0.0% | epoch: 2 | remaining: 27s    
step 02891 (90.9%) | loss: 5.006939 | lrm: 0.18 | dt: 104ms | tok/sec: 9,834 | mfu: 0.0% | epoch: 2 | remaining: 27s    
step 02892 (91.0%) | loss: 5.024122 | lrm: 0.18 | dt: 82ms | tok/sec: 12,497 | mfu: 0.0% | epoch: 2 | remaining: 27s    
step 02893 (91.0%) | loss: 5.023194 | lrm: 0.18 | dt: 95ms | tok/sec: 10,767 | mfu: 0.0% | epoch: 2 | remaining: 27s    
step 02894 (91.0%) | loss: 5.041272 | lrm: 0.18 | dt: 106ms | tok/sec: 9,642 | mfu: 0.0% | epoch: 2 | remaining: 27s    
step 02895 (91.1%) | loss: 5.030540 | lrm: 0.18 | dt: 95ms | tok/sec: 10,755 | mfu: 0.0% | epoch: 2 | remaining: 27s    
step 02896 (91.1%) | loss: 5.040372 | lrm: 0.18 | dt: 95ms | tok/sec: 10,762 | mfu: 0.0% | epoch: 2 | remaining: 27s    
step 02897 (91.1%) | loss: 5.022199 | lrm: 0.18 | dt: 100ms | tok/sec: 10,272 | mfu: 0.0% | epoch: 2 | remaining: 27s    
step 02898 (91.2%) | loss: 5.011750 | lrm: 0.18 | dt: 90ms | tok/sec: 11,377 | mfu: 0.0% | epoch: 2 | remaining: 26s    
step 02899 (91.2%) | loss: 4.968666 | lrm: 0.18 | dt: 103ms | tok/sec: 9,913 | mfu: 0.0% | epoch: 2 | remaining: 26s    
step 02900 (91.2%) | loss: 4.966459 | lrm: 0.18 | dt: 94ms | tok/sec: 10,845 | mfu: 0.0% | epoch: 2 | remaining: 26s    
step 02901 (91.2%) | loss: 4.967304 | lrm: 0.18 | dt: 95ms | tok/sec: 10,795 | mfu: 0.0% | epoch: 2 | remaining: 26s    
step 02902 (91.3%) | loss: 4.984140 | lrm: 0.17 | dt: 98ms | tok/sec: 10,428 | mfu: 0.0% | epoch: 2 | remaining: 26s    
step 02903 (91.3%) | loss: 5.058740 | lrm: 0.17 | dt: 94ms | tok/sec: 10,893 | mfu: 0.0% | epoch: 2 | remaining: 26s    
step 02904 (91.3%) | loss: 5.099460 | lrm: 0.17 | dt: 94ms | tok/sec: 10,930 | mfu: 0.0% | epoch: 2 | remaining: 26s    
step 02905 (91.4%) | loss: 5.056065 | lrm: 0.17 | dt: 95ms | tok/sec: 10,779 | mfu: 0.0% | epoch: 2 | remaining: 26s    
step 02906 (91.4%) | loss: 5.016573 | lrm: 0.17 | dt: 112ms | tok/sec: 9,174 | mfu: 0.0% | epoch: 2 | remaining: 26s    
step 02907 (91.4%) | loss: 4.950366 | lrm: 0.17 | dt: 95ms | tok/sec: 10,753 | mfu: 0.0% | epoch: 2 | remaining: 26s    
step 02908 (91.5%) | loss: 4.889180 | lrm: 0.17 | dt: 89ms | tok/sec: 11,551 | mfu: 0.0% | epoch: 2 | remaining: 25s    
step 02909 (91.5%) | loss: 4.839093 | lrm: 0.17 | dt: 102ms | tok/sec: 10,064 | mfu: 0.0% | epoch: 2 | remaining: 25s    
step 02910 (91.5%) | loss: 4.815568 | lrm: 0.17 | dt: 114ms | tok/sec: 8,973 | mfu: 0.0% | epoch: 2 | remaining: 25s    
step 02911 (91.6%) | loss: 4.776954 | lrm: 0.17 | dt: 90ms | tok/sec: 11,409 | mfu: 0.0% | epoch: 2 | remaining: 25s    
step 02912 (91.6%) | loss: 4.721389 | lrm: 0.17 | dt: 110ms | tok/sec: 9,305 | mfu: 0.0% | epoch: 2 | remaining: 25s    
step 02913 (91.6%) | loss: 4.696475 | lrm: 0.17 | dt: 95ms | tok/sec: 10,820 | mfu: 0.0% | epoch: 2 | remaining: 25s    
step 02914 (91.7%) | loss: 4.673200 | lrm: 0.17 | dt: 100ms | tok/sec: 10,254 | mfu: 0.0% | epoch: 2 | remaining: 25s    
step 02915 (91.7%) | loss: 4.673407 | lrm: 0.17 | dt: 110ms | tok/sec: 9,336 | mfu: 0.0% | epoch: 2 | remaining: 25s    
step 02916 (91.7%) | loss: 4.633640 | lrm: 0.17 | dt: 106ms | tok/sec: 9,648 | mfu: 0.0% | epoch: 2 | remaining: 25s    
step 02917 (91.8%) | loss: 4.596354 | lrm: 0.16 | dt: 84ms | tok/sec: 12,244 | mfu: 0.0% | epoch: 2 | remaining: 25s    
step 02918 (91.8%) | loss: 4.595313 | lrm: 0.16 | dt: 109ms | tok/sec: 9,354 | mfu: 0.0% | epoch: 2 | remaining: 24s    
step 02919 (91.8%) | loss: 4.604107 | lrm: 0.16 | dt: 94ms | tok/sec: 10,863 | mfu: 0.0% | epoch: 2 | remaining: 24s    
step 02920 (91.9%) | loss: 4.584476 | lrm: 0.16 | dt: 107ms | tok/sec: 9,592 | mfu: 0.0% | epoch: 2 | remaining: 24s    
step 02921 (91.9%) | loss: 4.545170 | lrm: 0.16 | dt: 95ms | tok/sec: 10,822 | mfu: 0.0% | epoch: 2 | remaining: 24s    
step 02922 (91.9%) | loss: 4.531146 | lrm: 0.16 | dt: 95ms | tok/sec: 10,730 | mfu: 0.0% | epoch: 2 | remaining: 24s    
step 02923 (92.0%) | loss: 4.498656 | lrm: 0.16 | dt: 95ms | tok/sec: 10,819 | mfu: 0.0% | epoch: 2 | remaining: 24s    
step 02924 (92.0%) | loss: 4.491509 | lrm: 0.16 | dt: 106ms | tok/sec: 9,660 | mfu: 0.0% | epoch: 2 | remaining: 24s    
step 02925 (92.0%) | loss: 4.467904 | lrm: 0.16 | dt: 103ms | tok/sec: 9,905 | mfu: 0.0% | epoch: 2 | remaining: 24s    
step 02926 (92.1%) | loss: 4.467446 | lrm: 0.16 | dt: 103ms | tok/sec: 9,956 | mfu: 0.0% | epoch: 2 | remaining: 24s    
step 02927 (92.1%) | loss: 4.445768 | lrm: 0.16 | dt: 95ms | tok/sec: 10,769 | mfu: 0.0% | epoch: 2 | remaining: 24s    
step 02928 (92.1%) | loss: 4.448887 | lrm: 0.16 | dt: 90ms | tok/sec: 11,338 | mfu: 0.0% | epoch: 2 | remaining: 23s    
step 02929 (92.2%) | loss: 4.450071 | lrm: 0.16 | dt: 107ms | tok/sec: 9,600 | mfu: 0.0% | epoch: 2 | remaining: 23s    
step 02930 (92.2%) | loss: 4.447894 | lrm: 0.16 | dt: 103ms | tok/sec: 9,969 | mfu: 0.0% | epoch: 2 | remaining: 23s    
step 02931 (92.2%) | loss: 4.447574 | lrm: 0.16 | dt: 105ms | tok/sec: 9,790 | mfu: 0.0% | epoch: 2 | remaining: 23s    
step 02932 (92.3%) | loss: 4.455285 | lrm: 0.15 | dt: 98ms | tok/sec: 10,457 | mfu: 0.0% | epoch: 2 | remaining: 23s    
step 02933 (92.3%) | loss: 4.485279 | lrm: 0.15 | dt: 102ms | tok/sec: 10,014 | mfu: 0.0% | epoch: 2 | remaining: 23s    
step 02934 (92.3%) | loss: 4.532627 | lrm: 0.15 | dt: 100ms | tok/sec: 10,246 | mfu: 0.0% | epoch: 2 | remaining: 23s    
step 02935 (92.4%) | loss: 4.577138 | lrm: 0.15 | dt: 96ms | tok/sec: 10,660 | mfu: 0.0% | epoch: 2 | remaining: 23s    
step 02936 (92.4%) | loss: 4.605493 | lrm: 0.15 | dt: 102ms | tok/sec: 10,031 | mfu: 0.0% | epoch: 2 | remaining: 23s    
step 02937 (92.4%) | loss: 4.638744 | lrm: 0.15 | dt: 104ms | tok/sec: 9,833 | mfu: 0.0% | epoch: 2 | remaining: 23s    
step 02938 (92.5%) | loss: 4.638240 | lrm: 0.15 | dt: 95ms | tok/sec: 10,792 | mfu: 0.0% | epoch: 2 | remaining: 22s    
step 02939 (92.5%) | loss: 4.668173 | lrm: 0.15 | dt: 108ms | tok/sec: 9,480 | mfu: 0.0% | epoch: 2 | remaining: 22s    
step 02940 (92.5%) | loss: 4.692175 | lrm: 0.15 | dt: 90ms | tok/sec: 11,388 | mfu: 0.0% | epoch: 2 | remaining: 22s    
step 02941 (92.6%) | loss: 4.728765 | lrm: 0.15 | dt: 106ms | tok/sec: 9,636 | mfu: 0.0% | epoch: 2 | remaining: 22s    
step 02942 (92.6%) | loss: 4.725839 | lrm: 0.15 | dt: 92ms | tok/sec: 11,106 | mfu: 0.0% | epoch: 2 | remaining: 22s    
step 02943 (92.6%) | loss: 4.741302 | lrm: 0.15 | dt: 113ms | tok/sec: 9,051 | mfu: 0.0% | epoch: 2 | remaining: 22s    
step 02944 (92.7%) | loss: 4.748678 | lrm: 0.15 | dt: 99ms | tok/sec: 10,300 | mfu: 0.0% | epoch: 2 | remaining: 22s    
step 02945 (92.7%) | loss: 4.746062 | lrm: 0.15 | dt: 93ms | tok/sec: 11,016 | mfu: 0.0% | epoch: 2 | remaining: 22s    
step 02946 (92.7%) | loss: 4.766544 | lrm: 0.15 | dt: 112ms | tok/sec: 9,149 | mfu: 0.0% | epoch: 2 | remaining: 22s    
step 02947 (92.8%) | loss: 4.773789 | lrm: 0.14 | dt: 93ms | tok/sec: 10,968 | mfu: 0.0% | epoch: 2 | remaining: 22s    
step 02948 (92.8%) | loss: 4.774985 | lrm: 0.14 | dt: 102ms | tok/sec: 10,024 | mfu: 0.0% | epoch: 2 | remaining: 21s    
step 02949 (92.8%) | loss: 4.756849 | lrm: 0.14 | dt: 108ms | tok/sec: 9,460 | mfu: 0.0% | epoch: 2 | remaining: 21s    
step 02950 (92.9%) | loss: 4.765385 | lrm: 0.14 | dt: 101ms | tok/sec: 10,090 | mfu: 0.0% | epoch: 2 | remaining: 21s    
step 02951 (92.9%) | loss: 4.765657 | lrm: 0.14 | dt: 97ms | tok/sec: 10,547 | mfu: 0.0% | epoch: 2 | remaining: 21s    
step 02952 (92.9%) | loss: 4.719390 | lrm: 0.14 | dt: 92ms | tok/sec: 11,089 | mfu: 0.0% | epoch: 2 | remaining: 21s    
step 02953 (93.0%) | loss: 4.664714 | lrm: 0.14 | dt: 89ms | tok/sec: 11,461 | mfu: 0.0% | epoch: 2 | remaining: 21s    
step 02954 (93.0%) | loss: 4.601687 | lrm: 0.14 | dt: 108ms | tok/sec: 9,458 | mfu: 0.0% | epoch: 2 | remaining: 21s    
step 02955 (93.0%) | loss: 4.557740 | lrm: 0.14 | dt: 103ms | tok/sec: 9,917 | mfu: 0.0% | epoch: 2 | remaining: 21s    
step 02956 (93.1%) | loss: 4.525419 | lrm: 0.14 | dt: 99ms | tok/sec: 10,338 | mfu: 0.0% | epoch: 2 | remaining: 21s    
step 02957 (93.1%) | loss: 4.512636 | lrm: 0.14 | dt: 95ms | tok/sec: 10,795 | mfu: 0.0% | epoch: 2 | remaining: 21s    
step 02958 (93.1%) | loss: 4.484518 | lrm: 0.14 | dt: 107ms | tok/sec: 9,527 | mfu: 0.0% | epoch: 2 | remaining: 20s    
step 02959 (93.2%) | loss: 4.472085 | lrm: 0.14 | dt: 95ms | tok/sec: 10,754 | mfu: 0.0% | epoch: 2 | remaining: 20s    
step 02960 (93.2%) | loss: 4.439584 | lrm: 0.14 | dt: 96ms | tok/sec: 10,640 | mfu: 0.0% | epoch: 2 | remaining: 20s    
step 02961 (93.2%) | loss: 4.419664 | lrm: 0.14 | dt: 93ms | tok/sec: 10,999 | mfu: 0.0% | epoch: 2 | remaining: 20s    
step 02962 (93.3%) | loss: 4.407348 | lrm: 0.13 | dt: 95ms | tok/sec: 10,820 | mfu: 0.0% | epoch: 2 | remaining: 20s    
step 02963 (93.3%) | loss: 4.378029 | lrm: 0.13 | dt: 105ms | tok/sec: 9,722 | mfu: 0.0% | epoch: 2 | remaining: 20s    
step 02964 (93.3%) | loss: 4.366218 | lrm: 0.13 | dt: 93ms | tok/sec: 10,955 | mfu: 0.0% | epoch: 2 | remaining: 20s    
step 02965 (93.4%) | loss: 4.332790 | lrm: 0.13 | dt: 94ms | tok/sec: 10,865 | mfu: 0.0% | epoch: 2 | remaining: 20s    
step 02966 (93.4%) | loss: 4.335901 | lrm: 0.13 | dt: 107ms | tok/sec: 9,565 | mfu: 0.0% | epoch: 2 | remaining: 20s    
step 02967 (93.4%) | loss: 4.313726 | lrm: 0.13 | dt: 98ms | tok/sec: 10,417 | mfu: 0.0% | epoch: 2 | remaining: 20s    
step 02968 (93.5%) | loss: 4.297527 | lrm: 0.13 | dt: 89ms | tok/sec: 11,518 | mfu: 0.0% | epoch: 2 | remaining: 19s    
step 02969 (93.5%) | loss: 4.276098 | lrm: 0.13 | dt: 103ms | tok/sec: 9,896 | mfu: 0.0% | epoch: 2 | remaining: 19s    
step 02970 (93.5%) | loss: 4.269644 | lrm: 0.13 | dt: 101ms | tok/sec: 10,124 | mfu: 0.0% | epoch: 2 | remaining: 19s    
step 02971 (93.6%) | loss: 4.234810 | lrm: 0.13 | dt: 96ms | tok/sec: 10,657 | mfu: 0.0% | epoch: 2 | remaining: 19s    
step 02972 (93.6%) | loss: 4.219014 | lrm: 0.13 | dt: 83ms | tok/sec: 12,328 | mfu: 0.0% | epoch: 2 | remaining: 19s    
step 02973 (93.6%) | loss: 4.205478 | lrm: 0.13 | dt: 95ms | tok/sec: 10,736 | mfu: 0.0% | epoch: 2 | remaining: 19s    
step 02974 (93.7%) | loss: 4.187861 | lrm: 0.13 | dt: 96ms | tok/sec: 10,712 | mfu: 0.0% | epoch: 2 | remaining: 19s    
step 02975 (93.7%) | loss: 4.202166 | lrm: 0.13 | dt: 101ms | tok/sec: 10,114 | mfu: 0.0% | epoch: 2 | remaining: 19s    
step 02976 (93.7%) | loss: 4.199676 | lrm: 0.13 | dt: 101ms | tok/sec: 10,089 | mfu: 0.0% | epoch: 2 | remaining: 19s    
step 02977 (93.8%) | loss: 4.200245 | lrm: 0.12 | dt: 94ms | tok/sec: 10,855 | mfu: 0.0% | epoch: 2 | remaining: 19s    
step 02978 (93.8%) | loss: 4.176189 | lrm: 0.12 | dt: 120ms | tok/sec: 8,535 | mfu: 0.0% | epoch: 2 | remaining: 18s    
step 02979 (93.8%) | loss: 4.184009 | lrm: 0.12 | dt: 109ms | tok/sec: 9,374 | mfu: 0.0% | epoch: 2 | remaining: 18s    
step 02980 (93.9%) | loss: 4.183477 | lrm: 0.12 | dt: 91ms | tok/sec: 11,298 | mfu: 0.0% | epoch: 2 | remaining: 18s    
step 02981 (93.9%) | loss: 4.173465 | lrm: 0.12 | dt: 105ms | tok/sec: 9,764 | mfu: 0.0% | epoch: 2 | remaining: 18s    
step 02982 (93.9%) | loss: 4.139719 | lrm: 0.12 | dt: 96ms | tok/sec: 10,659 | mfu: 0.0% | epoch: 2 | remaining: 18s    
step 02983 (94.0%) | loss: 4.146705 | lrm: 0.12 | dt: 95ms | tok/sec: 10,784 | mfu: 0.0% | epoch: 2 | remaining: 18s    
step 02984 (94.0%) | loss: 4.150317 | lrm: 0.12 | dt: 97ms | tok/sec: 10,556 | mfu: 0.0% | epoch: 2 | remaining: 18s    
step 02985 (94.0%) | loss: 4.158265 | lrm: 0.12 | dt: 90ms | tok/sec: 11,362 | mfu: 0.0% | epoch: 2 | remaining: 18s    
step 02986 (94.1%) | loss: 4.161084 | lrm: 0.12 | dt: 104ms | tok/sec: 9,829 | mfu: 0.0% | epoch: 2 | remaining: 18s    
step 02987 (94.1%) | loss: 4.153567 | lrm: 0.12 | dt: 98ms | tok/sec: 10,429 | mfu: 0.0% | epoch: 2 | remaining: 18s    
step 02988 (94.1%) | loss: 4.130915 | lrm: 0.12 | dt: 99ms | tok/sec: 10,388 | mfu: 0.0% | epoch: 2 | remaining: 18s    
step 02989 (94.2%) | loss: 4.133902 | lrm: 0.12 | dt: 100ms | tok/sec: 10,202 | mfu: 0.0% | epoch: 2 | remaining: 17s    
step 02990 (94.2%) | loss: 4.121235 | lrm: 0.12 | dt: 104ms | tok/sec: 9,861 | mfu: 0.0% | epoch: 2 | remaining: 17s    
step 02991 (94.2%) | loss: 4.099684 | lrm: 0.12 | dt: 119ms | tok/sec: 8,585 | mfu: 0.0% | epoch: 2 | remaining: 17s    
step 02992 (94.3%) | loss: 4.109241 | lrm: 0.11 | dt: 92ms | tok/sec: 11,142 | mfu: 0.0% | epoch: 2 | remaining: 17s    
step 02993 (94.3%) | loss: 4.115189 | lrm: 0.11 | dt: 105ms | tok/sec: 9,777 | mfu: 0.0% | epoch: 2 | remaining: 17s    
step 02994 (94.3%) | loss: 4.119357 | lrm: 0.11 | dt: 109ms | tok/sec: 9,405 | mfu: 0.0% | epoch: 2 | remaining: 17s    
step 02995 (94.4%) | loss: 4.116707 | lrm: 0.11 | dt: 99ms | tok/sec: 10,328 | mfu: 0.0% | epoch: 2 | remaining: 17s    
step 02996 (94.4%) | loss: 4.134927 | lrm: 0.11 | dt: 108ms | tok/sec: 9,491 | mfu: 0.0% | epoch: 2 | remaining: 17s    
step 02997 (94.4%) | loss: 4.200265 | lrm: 0.11 | dt: 101ms | tok/sec: 10,181 | mfu: 0.0% | epoch: 2 | remaining: 17s    
step 02998 (94.5%) | loss: 4.250014 | lrm: 0.11 | dt: 99ms | tok/sec: 10,391 | mfu: 0.0% | epoch: 2 | remaining: 16s    
step 02999 (94.5%) | loss: 4.302133 | lrm: 0.11 | dt: 109ms | tok/sec: 9,353 | mfu: 0.0% | epoch: 2 | remaining: 16s    
step 03000 (94.5%) | loss: 4.347058 | lrm: 0.11 | dt: 98ms | tok/sec: 10,473 | mfu: 0.0% | epoch: 2 | remaining: 16s    
step 03001 (94.6%) | loss: 4.389776 | lrm: 0.11 | dt: 106ms | tok/sec: 9,668 | mfu: 0.0% | epoch: 2 | remaining: 16s    
step 03002 (94.6%) | loss: 4.433433 | lrm: 0.11 | dt: 103ms | tok/sec: 9,924 | mfu: 0.0% | epoch: 2 | remaining: 16s    
step 03003 (94.6%) | loss: 4.478038 | lrm: 0.11 | dt: 96ms | tok/sec: 10,642 | mfu: 0.0% | epoch: 2 | remaining: 16s    
step 03004 (94.7%) | loss: 4.480433 | lrm: 0.11 | dt: 91ms | tok/sec: 11,215 | mfu: 0.0% | epoch: 2 | remaining: 16s    
step 03005 (94.7%) | loss: 4.511304 | lrm: 0.11 | dt: 114ms | tok/sec: 9,007 | mfu: 0.0% | epoch: 2 | remaining: 16s    
step 03006 (94.7%) | loss: 4.531552 | lrm: 0.11 | dt: 110ms | tok/sec: 9,343 | mfu: 0.0% | epoch: 2 | remaining: 16s    
step 03007 (94.8%) | loss: 4.534154 | lrm: 0.10 | dt: 102ms | tok/sec: 10,026 | mfu: 0.0% | epoch: 2 | remaining: 16s    
step 03008 (94.8%) | loss: 4.583354 | lrm: 0.10 | dt: 92ms | tok/sec: 11,092 | mfu: 0.0% | epoch: 2 | remaining: 15s    
step 03009 (94.8%) | loss: 4.614770 | lrm: 0.10 | dt: 91ms | tok/sec: 11,293 | mfu: 0.0% | epoch: 2 | remaining: 15s    
step 03010 (94.9%) | loss: 4.619880 | lrm: 0.10 | dt: 105ms | tok/sec: 9,750 | mfu: 0.0% | epoch: 2 | remaining: 15s    
step 03011 (94.9%) | loss: 4.580875 | lrm: 0.10 | dt: 100ms | tok/sec: 10,195 | mfu: 0.0% | epoch: 2 | remaining: 15s    
step 03012 (94.9%) | loss: 4.529982 | lrm: 0.10 | dt: 95ms | tok/sec: 10,810 | mfu: 0.0% | epoch: 2 | remaining: 15s    
step 03013 (95.0%) | loss: 4.478723 | lrm: 0.10 | dt: 95ms | tok/sec: 10,770 | mfu: 0.0% | epoch: 2 | remaining: 15s    
step 03014 (95.0%) | loss: 4.443886 | lrm: 0.10 | dt: 105ms | tok/sec: 9,722 | mfu: 0.0% | epoch: 2 | remaining: 15s    
step 03015 (95.0%) | loss: 4.430907 | lrm: 0.10 | dt: 101ms | tok/sec: 10,182 | mfu: 0.0% | epoch: 2 | remaining: 15s    
step 03016 (95.1%) | loss: 4.411601 | lrm: 0.10 | dt: 109ms | tok/sec: 9,365 | mfu: 0.0% | epoch: 2 | remaining: 15s    
step 03017 (95.1%) | loss: 4.396670 | lrm: 0.10 | dt: 91ms | tok/sec: 11,203 | mfu: 0.0% | epoch: 2 | remaining: 15s    
step 03018 (95.1%) | loss: 4.349586 | lrm: 0.10 | dt: 95ms | tok/sec: 10,797 | mfu: 0.0% | epoch: 2 | remaining: 14s    
step 03019 (95.2%) | loss: 4.351068 | lrm: 0.10 | dt: 87ms | tok/sec: 11,728 | mfu: 0.0% | epoch: 2 | remaining: 14s    
step 03020 (95.2%) | loss: 4.339393 | lrm: 0.10 | dt: 94ms | tok/sec: 10,867 | mfu: 0.0% | epoch: 2 | remaining: 14s    
step 03021 (95.2%) | loss: 4.340795 | lrm: 0.10 | dt: 94ms | tok/sec: 10,837 | mfu: 0.0% | epoch: 2 | remaining: 14s    
step 03022 (95.3%) | loss: 4.308733 | lrm: 0.09 | dt: 100ms | tok/sec: 10,253 | mfu: 0.0% | epoch: 2 | remaining: 14s    
step 03023 (95.3%) | loss: 4.282857 | lrm: 0.09 | dt: 95ms | tok/sec: 10,819 | mfu: 0.0% | epoch: 2 | remaining: 14s    
step 03024 (95.3%) | loss: 4.273150 | lrm: 0.09 | dt: 95ms | tok/sec: 10,772 | mfu: 0.0% | epoch: 2 | remaining: 14s    
step 03025 (95.4%) | loss: 4.269808 | lrm: 0.09 | dt: 87ms | tok/sec: 11,791 | mfu: 0.0% | epoch: 2 | remaining: 14s    
step 03026 (95.4%) | loss: 4.252311 | lrm: 0.09 | dt: 104ms | tok/sec: 9,823 | mfu: 0.0% | epoch: 2 | remaining: 14s    
step 03027 (95.4%) | loss: 4.238493 | lrm: 0.09 | dt: 91ms | tok/sec: 11,196 | mfu: 0.0% | epoch: 2 | remaining: 14s    
step 03028 (95.5%) | loss: 4.231597 | lrm: 0.09 | dt: 107ms | tok/sec: 9,529 | mfu: 0.0% | epoch: 2 | remaining: 14s    
step 03029 (95.5%) | loss: 4.193983 | lrm: 0.09 | dt: 89ms | tok/sec: 11,537 | mfu: 0.0% | epoch: 2 | remaining: 13s    
step 03030 (95.5%) | loss: 4.208756 | lrm: 0.09 | dt: 95ms | tok/sec: 10,779 | mfu: 0.0% | epoch: 2 | remaining: 13s    
step 03031 (95.6%) | loss: 4.202130 | lrm: 0.09 | dt: 100ms | tok/sec: 10,276 | mfu: 0.0% | epoch: 2 | remaining: 13s    
step 03032 (95.6%) | loss: 4.215267 | lrm: 0.09 | dt: 109ms | tok/sec: 9,424 | mfu: 0.0% | epoch: 2 | remaining: 13s    
step 03033 (95.6%) | loss: 4.270598 | lrm: 0.09 | dt: 104ms | tok/sec: 9,843 | mfu: 0.0% | epoch: 2 | remaining: 13s    
step 03034 (95.7%) | loss: 4.311222 | lrm: 0.09 | dt: 98ms | tok/sec: 10,501 | mfu: 0.0% | epoch: 2 | remaining: 13s    
step 03035 (95.7%) | loss: 4.381956 | lrm: 0.09 | dt: 96ms | tok/sec: 10,657 | mfu: 0.0% | epoch: 2 | remaining: 13s    
step 03036 (95.7%) | loss: 4.417095 | lrm: 0.09 | dt: 96ms | tok/sec: 10,707 | mfu: 0.0% | epoch: 2 | remaining: 13s    
step 03037 (95.8%) | loss: 4.425852 | lrm: 0.08 | dt: 93ms | tok/sec: 10,971 | mfu: 0.0% | epoch: 2 | remaining: 13s    
step 03038 (95.8%) | loss: 4.409864 | lrm: 0.08 | dt: 96ms | tok/sec: 10,684 | mfu: 0.0% | epoch: 2 | remaining: 13s    
step 03039 (95.8%) | loss: 4.393253 | lrm: 0.08 | dt: 79ms | tok/sec: 12,902 | mfu: 0.0% | epoch: 2 | remaining: 12s    
step 03040 (95.8%) | loss: 4.371729 | lrm: 0.08 | dt: 106ms | tok/sec: 9,679 | mfu: 0.0% | epoch: 2 | remaining: 12s    
step 03041 (95.9%) | loss: 4.365162 | lrm: 0.08 | dt: 83ms | tok/sec: 12,311 | mfu: 0.0% | epoch: 2 | remaining: 12s    
step 03042 (95.9%) | loss: 4.352402 | lrm: 0.08 | dt: 95ms | tok/sec: 10,781 | mfu: 0.0% | epoch: 2 | remaining: 12s    
step 03043 (95.9%) | loss: 4.337383 | lrm: 0.08 | dt: 101ms | tok/sec: 10,135 | mfu: 0.0% | epoch: 2 | remaining: 12s    
step 03044 (96.0%) | loss: 4.300780 | lrm: 0.08 | dt: 95ms | tok/sec: 10,820 | mfu: 0.0% | epoch: 2 | remaining: 12s    
step 03045 (96.0%) | loss: 4.275972 | lrm: 0.08 | dt: 94ms | tok/sec: 10,951 | mfu: 0.0% | epoch: 2 | remaining: 12s    
step 03046 (96.0%) | loss: 4.276921 | lrm: 0.08 | dt: 89ms | tok/sec: 11,472 | mfu: 0.0% | epoch: 2 | remaining: 12s    
step 03047 (96.1%) | loss: 4.278571 | lrm: 0.08 | dt: 96ms | tok/sec: 10,644 | mfu: 0.0% | epoch: 2 | remaining: 12s    
step 03048 (96.1%) | loss: 4.261078 | lrm: 0.08 | dt: 92ms | tok/sec: 11,159 | mfu: 0.0% | epoch: 2 | remaining: 12s    
step 03049 (96.1%) | loss: 4.239119 | lrm: 0.08 | dt: 91ms | tok/sec: 11,201 | mfu: 0.0% | epoch: 2 | remaining: 12s    
step 03050 (96.2%) | loss: 4.246954 | lrm: 0.08 | dt: 78ms | tok/sec: 13,136 | mfu: 0.0% | epoch: 2 | remaining: 11s    
step 03051 (96.2%) | loss: 4.219864 | lrm: 0.08 | dt: 107ms | tok/sec: 9,573 | mfu: 0.0% | epoch: 2 | remaining: 11s    
step 03052 (96.2%) | loss: 4.218471 | lrm: 0.08 | dt: 100ms | tok/sec: 10,280 | mfu: 0.0% | epoch: 2 | remaining: 11s    
step 03053 (96.3%) | loss: 4.238072 | lrm: 0.07 | dt: 85ms | tok/sec: 12,050 | mfu: 0.0% | epoch: 2 | remaining: 11s    
step 03054 (96.3%) | loss: 4.254064 | lrm: 0.07 | dt: 102ms | tok/sec: 10,083 | mfu: 0.0% | epoch: 2 | remaining: 11s    
step 03055 (96.3%) | loss: 4.292440 | lrm: 0.07 | dt: 92ms | tok/sec: 11,084 | mfu: 0.0% | epoch: 2 | remaining: 11s    
step 03056 (96.3%) | loss: 4.331962 | lrm: 0.07 | dt: 91ms | tok/sec: 11,203 | mfu: 0.0% | epoch: 2 | remaining: 11s    
step 03057 (96.4%) | loss: 4.363381 | lrm: 0.07 | dt: 88ms | tok/sec: 11,593 | mfu: 0.0% | epoch: 2 | remaining: 11s    
step 03058 (96.4%) | loss: 4.399265 | lrm: 0.07 | dt: 98ms | tok/sec: 10,448 | mfu: 0.0% | epoch: 2 | remaining: 11s    
step 03059 (96.4%) | loss: 4.411104 | lrm: 0.07 | dt: 81ms | tok/sec: 12,703 | mfu: 0.0% | epoch: 2 | remaining: 11s    
step 03060 (96.5%) | loss: 4.384679 | lrm: 0.07 | dt: 95ms | tok/sec: 10,729 | mfu: 0.0% | epoch: 2 | remaining: 11s    
step 03061 (96.5%) | loss: 4.374493 | lrm: 0.07 | dt: 104ms | tok/sec: 9,843 | mfu: 0.0% | epoch: 2 | remaining: 10s    
step 03062 (96.5%) | loss: 4.359217 | lrm: 0.07 | dt: 85ms | tok/sec: 12,087 | mfu: 0.0% | epoch: 2 | remaining: 10s    
step 03063 (96.6%) | loss: 4.334818 | lrm: 0.07 | dt: 95ms | tok/sec: 10,780 | mfu: 0.0% | epoch: 2 | remaining: 10s    
step 03064 (96.6%) | loss: 4.322869 | lrm: 0.07 | dt: 95ms | tok/sec: 10,812 | mfu: 0.0% | epoch: 2 | remaining: 10s    
step 03065 (96.6%) | loss: 4.312892 | lrm: 0.07 | dt: 95ms | tok/sec: 10,835 | mfu: 0.0% | epoch: 2 | remaining: 10s    
step 03066 (96.7%) | loss: 4.280790 | lrm: 0.07 | dt: 89ms | tok/sec: 11,518 | mfu: 0.0% | epoch: 2 | remaining: 10s    
step 03067 (96.7%) | loss: 4.264222 | lrm: 0.07 | dt: 85ms | tok/sec: 11,987 | mfu: 0.0% | epoch: 2 | remaining: 10s    
step 03068 (96.7%) | loss: 4.241225 | lrm: 0.07 | dt: 95ms | tok/sec: 10,794 | mfu: 0.0% | epoch: 2 | remaining: 10s    
step 03069 (96.7%) | loss: 4.236431 | lrm: 0.07 | dt: 104ms | tok/sec: 9,827 | mfu: 0.0% | epoch: 2 | remaining: 10s    
step 03070 (96.8%) | loss: 4.219507 | lrm: 0.06 | dt: 98ms | tok/sec: 10,474 | mfu: 0.0% | epoch: 2 | remaining: 10s    
step 03071 (96.8%) | loss: 4.210058 | lrm: 0.06 | dt: 82ms | tok/sec: 12,441 | mfu: 0.0% | epoch: 2 | remaining: 9s    
step 03072 (96.8%) | loss: 4.178849 | lrm: 0.06 | dt: 95ms | tok/sec: 10,776 | mfu: 0.0% | epoch: 2 | remaining: 9s    
step 03073 (96.9%) | loss: 4.143407 | lrm: 0.06 | dt: 95ms | tok/sec: 10,777 | mfu: 0.0% | epoch: 2 | remaining: 9s    
step 03074 (96.9%) | loss: 4.136063 | lrm: 0.06 | dt: 95ms | tok/sec: 10,769 | mfu: 0.0% | epoch: 2 | remaining: 9s    
step 03075 (96.9%) | loss: 4.116347 | lrm: 0.06 | dt: 93ms | tok/sec: 10,969 | mfu: 0.0% | epoch: 2 | remaining: 9s    
step 03076 (97.0%) | loss: 4.109809 | lrm: 0.06 | dt: 81ms | tok/sec: 12,611 | mfu: 0.0% | epoch: 2 | remaining: 9s    
step 03077 (97.0%) | loss: 4.098916 | lrm: 0.06 | dt: 115ms | tok/sec: 8,909 | mfu: 0.0% | epoch: 2 | remaining: 9s    
step 03078 (97.0%) | loss: 4.087940 | lrm: 0.06 | dt: 100ms | tok/sec: 10,228 | mfu: 0.0% | epoch: 2 | remaining: 9s    
step 03079 (97.1%) | loss: 4.066251 | lrm: 0.06 | dt: 88ms | tok/sec: 11,702 | mfu: 0.0% | epoch: 2 | remaining: 9s    
step 03080 (97.1%) | loss: 4.056420 | lrm: 0.06 | dt: 113ms | tok/sec: 9,069 | mfu: 0.0% | epoch: 2 | remaining: 9s    
step 03081 (97.1%) | loss: 4.044652 | lrm: 0.06 | dt: 97ms | tok/sec: 10,508 | mfu: 0.0% | epoch: 2 | remaining: 9s    
step 03082 (97.2%) | loss: 4.028643 | lrm: 0.06 | dt: 86ms | tok/sec: 11,863 | mfu: 0.0% | epoch: 2 | remaining: 8s    
step 03083 (97.2%) | loss: 4.045609 | lrm: 0.06 | dt: 95ms | tok/sec: 10,754 | mfu: 0.0% | epoch: 2 | remaining: 8s    
step 03084 (97.2%) | loss: 4.043747 | lrm: 0.06 | dt: 94ms | tok/sec: 10,918 | mfu: 0.0% | epoch: 2 | remaining: 8s    
step 03085 (97.3%) | loss: 4.044746 | lrm: 0.05 | dt: 99ms | tok/sec: 10,393 | mfu: 0.0% | epoch: 2 | remaining: 8s    
step 03086 (97.3%) | loss: 4.057429 | lrm: 0.05 | dt: 93ms | tok/sec: 11,003 | mfu: 0.0% | epoch: 2 | remaining: 8s    
step 03087 (97.3%) | loss: 4.059260 | lrm: 0.05 | dt: 95ms | tok/sec: 10,832 | mfu: 0.0% | epoch: 2 | remaining: 8s    
step 03088 (97.4%) | loss: 4.069727 | lrm: 0.05 | dt: 94ms | tok/sec: 10,918 | mfu: 0.0% | epoch: 2 | remaining: 8s    
step 03089 (97.4%) | loss: 4.077060 | lrm: 0.05 | dt: 96ms | tok/sec: 10,659 | mfu: 0.0% | epoch: 2 | remaining: 8s    
step 03090 (97.4%) | loss: 4.081091 | lrm: 0.05 | dt: 107ms | tok/sec: 9,599 | mfu: 0.0% | epoch: 2 | remaining: 8s    
step 03091 (97.5%) | loss: 4.087062 | lrm: 0.05 | dt: 97ms | tok/sec: 10,511 | mfu: 0.0% | epoch: 2 | remaining: 8s    
step 03092 (97.5%) | loss: 4.070972 | lrm: 0.05 | dt: 78ms | tok/sec: 13,116 | mfu: 0.0% | epoch: 2 | remaining: 7s    
step 03093 (97.5%) | loss: 4.059866 | lrm: 0.05 | dt: 102ms | tok/sec: 10,088 | mfu: 0.0% | epoch: 2 | remaining: 7s    
step 03094 (97.5%) | loss: 4.033940 | lrm: 0.05 | dt: 95ms | tok/sec: 10,728 | mfu: 0.0% | epoch: 2 | remaining: 7s    
step 03095 (97.6%) | loss: 4.042403 | lrm: 0.05 | dt: 95ms | tok/sec: 10,723 | mfu: 0.0% | epoch: 2 | remaining: 7s    
step 03096 (97.6%) | loss: 4.038746 | lrm: 0.05 | dt: 79ms | tok/sec: 12,969 | mfu: 0.0% | epoch: 2 | remaining: 7s    
step 03097 (97.6%) | loss: 4.026116 | lrm: 0.05 | dt: 111ms | tok/sec: 9,259 | mfu: 0.0% | epoch: 2 | remaining: 7s    
step 03098 (97.7%) | loss: 4.093560 | lrm: 0.05 | dt: 106ms | tok/sec: 9,702 | mfu: 0.0% | epoch: 2 | remaining: 7s    
step 03099 (97.7%) | loss: 4.131805 | lrm: 0.05 | dt: 100ms | tok/sec: 10,273 | mfu: 0.0% | epoch: 2 | remaining: 7s    
step 03100 (97.7%) | loss: 4.195938 | lrm: 0.05 | dt: 97ms | tok/sec: 10,579 | mfu: 0.0% | epoch: 2 | remaining: 7s    
step 03101 (97.8%) | loss: 4.258793 | lrm: 0.04 | dt: 85ms | tok/sec: 12,005 | mfu: 0.0% | epoch: 2 | remaining: 7s    
step 03102 (97.8%) | loss: 4.307545 | lrm: 0.04 | dt: 100ms | tok/sec: 10,249 | mfu: 0.0% | epoch: 2 | remaining: 7s    
step 03103 (97.8%) | loss: 4.354605 | lrm: 0.04 | dt: 86ms | tok/sec: 11,931 | mfu: 0.0% | epoch: 2 | remaining: 6s    
step 03104 (97.9%) | loss: 4.390891 | lrm: 0.04 | dt: 95ms | tok/sec: 10,801 | mfu: 0.0% | epoch: 2 | remaining: 6s    
step 03105 (97.9%) | loss: 4.430825 | lrm: 0.04 | dt: 99ms | tok/sec: 10,380 | mfu: 0.0% | epoch: 2 | remaining: 6s    
step 03106 (97.9%) | loss: 4.502119 | lrm: 0.04 | dt: 90ms | tok/sec: 11,343 | mfu: 0.0% | epoch: 2 | remaining: 6s    
step 03107 (98.0%) | loss: 4.514231 | lrm: 0.04 | dt: 93ms | tok/sec: 11,016 | mfu: 0.0% | epoch: 2 | remaining: 6s    
step 03108 (98.0%) | loss: 4.525926 | lrm: 0.04 | dt: 81ms | tok/sec: 12,572 | mfu: 0.0% | epoch: 2 | remaining: 6s    
step 03109 (98.0%) | loss: 4.591270 | lrm: 0.04 | dt: 95ms | tok/sec: 10,790 | mfu: 0.0% | epoch: 2 | remaining: 6s    
step 03110 (98.0%) | loss: 4.609313 | lrm: 0.04 | dt: 95ms | tok/sec: 10,738 | mfu: 0.0% | epoch: 2 | remaining: 6s    
step 03111 (98.1%) | loss: 4.635855 | lrm: 0.04 | dt: 95ms | tok/sec: 10,753 | mfu: 0.0% | epoch: 2 | remaining: 6s    
step 03112 (98.1%) | loss: 4.648994 | lrm: 0.04 | dt: 104ms | tok/sec: 9,819 | mfu: 0.0% | epoch: 2 | remaining: 6s    
step 03113 (98.1%) | loss: 4.659225 | lrm: 0.04 | dt: 92ms | tok/sec: 11,080 | mfu: 0.0% | epoch: 2 | remaining: 5s    
step 03114 (98.2%) | loss: 4.666890 | lrm: 0.04 | dt: 92ms | tok/sec: 11,075 | mfu: 0.0% | epoch: 2 | remaining: 5s    
step 03115 (98.2%) | loss: 4.666484 | lrm: 0.04 | dt: 89ms | tok/sec: 11,547 | mfu: 0.0% | epoch: 2 | remaining: 5s    
step 03116 (98.2%) | loss: 4.659579 | lrm: 0.04 | dt: 100ms | tok/sec: 10,285 | mfu: 0.0% | epoch: 2 | remaining: 5s    
step 03117 (98.3%) | loss: 4.655375 | lrm: 0.03 | dt: 97ms | tok/sec: 10,594 | mfu: 0.0% | epoch: 2 | remaining: 5s    
step 03118 (98.3%) | loss: 4.651738 | lrm: 0.03 | dt: 94ms | tok/sec: 10,883 | mfu: 0.0% | epoch: 2 | remaining: 5s    
step 03119 (98.3%) | loss: 4.645484 | lrm: 0.03 | dt: 95ms | tok/sec: 10,781 | mfu: 0.0% | epoch: 2 | remaining: 5s    
step 03120 (98.4%) | loss: 4.657918 | lrm: 0.03 | dt: 93ms | tok/sec: 10,991 | mfu: 0.0% | epoch: 2 | remaining: 5s    
step 03121 (98.4%) | loss: 4.662115 | lrm: 0.03 | dt: 106ms | tok/sec: 9,659 | mfu: 0.0% | epoch: 2 | remaining: 5s    
step 03122 (98.4%) | loss: 4.676357 | lrm: 0.03 | dt: 95ms | tok/sec: 10,752 | mfu: 0.0% | epoch: 2 | remaining: 5s    
step 03123 (98.5%) | loss: 4.684219 | lrm: 0.03 | dt: 95ms | tok/sec: 10,795 | mfu: 0.0% | epoch: 2 | remaining: 5s    
step 03124 (98.5%) | loss: 4.684580 | lrm: 0.03 | dt: 94ms | tok/sec: 10,940 | mfu: 0.0% | epoch: 2 | remaining: 4s    
step 03125 (98.5%) | loss: 4.690144 | lrm: 0.03 | dt: 93ms | tok/sec: 11,045 | mfu: 0.0% | epoch: 2 | remaining: 4s    
step 03126 (98.6%) | loss: 4.675403 | lrm: 0.03 | dt: 93ms | tok/sec: 11,016 | mfu: 0.0% | epoch: 2 | remaining: 4s    
step 03127 (98.6%) | loss: 4.694199 | lrm: 0.03 | dt: 106ms | tok/sec: 9,673 | mfu: 0.0% | epoch: 2 | remaining: 4s    
step 03128 (98.6%) | loss: 4.705315 | lrm: 0.03 | dt: 163ms | tok/sec: 6,277 | mfu: 0.0% | epoch: 2 | remaining: 4s    
step 03129 (98.7%) | loss: 4.717398 | lrm: 0.03 | dt: 117ms | tok/sec: 8,784 | mfu: 0.0% | epoch: 2 | remaining: 4s    
step 03130 (98.7%) | loss: 4.741643 | lrm: 0.03 | dt: 87ms | tok/sec: 11,778 | mfu: 0.0% | epoch: 2 | remaining: 4s    
step 03131 (98.7%) | loss: 4.781065 | lrm: 0.03 | dt: 100ms | tok/sec: 10,245 | mfu: 0.0% | epoch: 2 | remaining: 4s    
step 03132 (98.8%) | loss: 4.804689 | lrm: 0.02 | dt: 101ms | tok/sec: 10,150 | mfu: 0.0% | epoch: 2 | remaining: 4s    
step 03133 (98.8%) | loss: 4.834352 | lrm: 0.02 | dt: 94ms | tok/sec: 10,880 | mfu: 0.0% | epoch: 2 | remaining: 3s    
step 03134 (98.8%) | loss: 4.815134 | lrm: 0.02 | dt: 78ms | tok/sec: 13,174 | mfu: 0.0% | epoch: 2 | remaining: 3s    
step 03135 (98.9%) | loss: 4.801764 | lrm: 0.02 | dt: 107ms | tok/sec: 9,590 | mfu: 0.0% | epoch: 2 | remaining: 3s    
step 03136 (98.9%) | loss: 4.780274 | lrm: 0.02 | dt: 93ms | tok/sec: 11,066 | mfu: 0.0% | epoch: 2 | remaining: 3s    
step 03137 (98.9%) | loss: 4.748695 | lrm: 0.02 | dt: 108ms | tok/sec: 9,452 | mfu: 0.0% | epoch: 2 | remaining: 3s    
step 03138 (99.0%) | loss: 4.747645 | lrm: 0.02 | dt: 86ms | tok/sec: 11,938 | mfu: 0.0% | epoch: 2 | remaining: 3s    
step 03139 (99.0%) | loss: 4.732030 | lrm: 0.02 | dt: 104ms | tok/sec: 9,844 | mfu: 0.0% | epoch: 2 | remaining: 3s    
step 03140 (99.0%) | loss: 4.724425 | lrm: 0.02 | dt: 93ms | tok/sec: 10,976 | mfu: 0.0% | epoch: 2 | remaining: 3s    
step 03141 (99.1%) | loss: 4.720276 | lrm: 0.02 | dt: 103ms | tok/sec: 9,934 | mfu: 0.0% | epoch: 2 | remaining: 3s    
step 03142 (99.1%) | loss: 4.697820 | lrm: 0.02 | dt: 90ms | tok/sec: 11,383 | mfu: 0.0% | epoch: 2 | remaining: 3s    
step 03143 (99.1%) | loss: 4.688640 | lrm: 0.02 | dt: 110ms | tok/sec: 9,298 | mfu: 0.0% | epoch: 2 | remaining: 3s    
step 03144 (99.2%) | loss: 4.685892 | lrm: 0.02 | dt: 101ms | tok/sec: 10,106 | mfu: 0.0% | epoch: 2 | remaining: 2s    
step 03145 (99.2%) | loss: 4.677663 | lrm: 0.02 | dt: 88ms | tok/sec: 11,634 | mfu: 0.0% | epoch: 2 | remaining: 2s    
step 03146 (99.2%) | loss: 4.679364 | lrm: 0.02 | dt: 111ms | tok/sec: 9,221 | mfu: 0.0% | epoch: 2 | remaining: 2s    
step 03147 (99.3%) | loss: 4.671158 | lrm: 0.01 | dt: 100ms | tok/sec: 10,233 | mfu: 0.0% | epoch: 2 | remaining: 2s    
step 03148 (99.3%) | loss: 4.657723 | lrm: 0.01 | dt: 87ms | tok/sec: 11,780 | mfu: 0.0% | epoch: 2 | remaining: 2s    
step 03149 (99.3%) | loss: 4.617734 | lrm: 0.01 | dt: 96ms | tok/sec: 10,707 | mfu: 0.0% | epoch: 2 | remaining: 2s    
step 03150 (99.4%) | loss: 4.610551 | lrm: 0.01 | dt: 95ms | tok/sec: 10,742 | mfu: 0.0% | epoch: 2 | remaining: 2s    
step 03151 (99.4%) | loss: 4.596632 | lrm: 0.01 | dt: 95ms | tok/sec: 10,776 | mfu: 0.0% | epoch: 2 | remaining: 2s    
step 03152 (99.4%) | loss: 4.625881 | lrm: 0.01 | dt: 120ms | tok/sec: 8,541 | mfu: 0.0% | epoch: 2 | remaining: 2s    
step 03153 (99.5%) | loss: 4.682730 | lrm: 0.01 | dt: 95ms | tok/sec: 10,783 | mfu: 0.0% | epoch: 2 | remaining: 2s    
step 03154 (99.5%) | loss: 4.732827 | lrm: 0.01 | dt: 99ms | tok/sec: 10,387 | mfu: 0.0% | epoch: 2 | remaining: 1s    
step 03155 (99.5%) | loss: 4.772521 | lrm: 0.01 | dt: 98ms | tok/sec: 10,429 | mfu: 0.0% | epoch: 2 | remaining: 1s    
step 03156 (99.6%) | loss: 4.804063 | lrm: 0.01 | dt: 97ms | tok/sec: 10,586 | mfu: 0.0% | epoch: 2 | remaining: 1s    
step 03157 (99.6%) | loss: 4.814022 | lrm: 0.01 | dt: 93ms | tok/sec: 11,067 | mfu: 0.0% | epoch: 2 | remaining: 1s    
step 03158 (99.6%) | loss: 4.838565 | lrm: 0.01 | dt: 95ms | tok/sec: 10,749 | mfu: 0.0% | epoch: 2 | remaining: 1s    
step 03159 (99.7%) | loss: 4.851661 | lrm: 0.01 | dt: 79ms | tok/sec: 13,016 | mfu: 0.0% | epoch: 2 | remaining: 1s    
step 03160 (99.7%) | loss: 4.836385 | lrm: 0.01 | dt: 95ms | tok/sec: 10,744 | mfu: 0.0% | epoch: 2 | remaining: 1s    
step 03161 (99.7%) | loss: 4.786898 | lrm: 0.01 | dt: 104ms | tok/sec: 9,876 | mfu: 0.0% | epoch: 2 | remaining: 1s    
step 03162 (99.7%) | loss: 4.762345 | lrm: 0.01 | dt: 94ms | tok/sec: 10,900 | mfu: 0.0% | epoch: 2 | remaining: 1s    
step 03163 (99.8%) | loss: 4.733997 | lrm: 0.00 | dt: 99ms | tok/sec: 10,352 | mfu: 0.0% | epoch: 2 | remaining: 1s    
step 03164 (99.8%) | loss: 4.745758 | lrm: 0.00 | dt: 95ms | tok/sec: 10,774 | mfu: 0.0% | epoch: 2 | remaining: 0s    
step 03165 (99.8%) | loss: 4.794872 | lrm: 0.00 | dt: 95ms | tok/sec: 10,736 | mfu: 0.0% | epoch: 2 | remaining: 0s    
step 03166 (99.9%) | loss: 4.852430 | lrm: 0.00 | dt: 85ms | tok/sec: 12,059 | mfu: 0.0% | epoch: 2 | remaining: 0s    
step 03167 (99.9%) | loss: 4.843454 | lrm: 0.00 | dt: 117ms | tok/sec: 8,747 | mfu: 0.0% | epoch: 2 | remaining: 0s    
step 03168 (99.9%) | loss: 4.843327 | lrm: 0.00 | dt: 99ms | tok/sec: 10,346 | mfu: 0.0% | epoch: 2 | remaining: 0s    
step 03169 (100.0%) | loss: 4.802594 | lrm: 0.00 | dt: 93ms | tok/sec: 11,009 | mfu: 0.0% | epoch: 2 | remaining: 0s    C:\Users\admin\Desktop\autoresearch_folktales\autoresearch_folktales\prepare.py:278: FutureWarning: You are using `torch.load` with `weights_only=False` (the current default value), which uses the default pickle module implicitly. It is possible to construct malicious pickle data which will execute arbitrary code during unpickling (See https://github.com/pytorch/pytorch/blob/main/SECURITY.md#untrusted-models for more details). In a future release, the default value for `weights_only` will be flipped to `True`. This limits the functions that could be executed during unpickling. Arbitrary objects will no longer be allowed to be loaded via this mode unless they are explicitly allowlisted by the user via `torch.serialization.add_safe_globals`. We recommend you start setting `weights_only=True` for any use case where you don't have full control of the loaded file. Please open an issue on GitHub for any issues related to this experimental feature.
  return torch.load(f, map_location=device)

Data: train/val split already exists
---
val_bpb:          1.751848
training_seconds: 300.0
total_seconds:    359.1
peak_vram_mb:     193.3
mfu_percent:      0.01
total_tokens_M:   3.2
num_steps:        3170
num_params_M:     3.5
depth:            2
